  0
SECTION
  2
HEADER
  9
$ACADVER
  1
AC1014
  9
$ACADMAINTVER
 70
     9
  9
$DWGCODEPAGE
  3
ANSI_1252
  9
$INSBASE
 10
0.0
 20
0.0
 30
0.0
  9
$EXTMIN
 10
218.2730302777777
 20
182.198645
 30
0.0
  9
$EXTMAX
 10
438.2726608333334
 20
312.19902
 30
0.0
  9
$LIMMIN
 10
0.0
 20
0.0
  9
$LIMMAX
 10
12.0
 20
9.0
  9
$ORTHOMODE
 70
     0
  9
$REGENMODE
 70
     1
  9
$FILLMODE
 70
     1
  9
$QTEXTMODE
 70
     0
  9
$MIRRTEXT
 70
     1
  9
$DRAGMODE
 70
     2
  9
$LTSCALE
 40
1.0
  9
$OSMODE
 70
    37
  9
$ATTMODE
 70
     1
  9
$TEXTSIZE
 40
0.2
  9
$TRACEWID
 40
0.05
  9
$TEXTSTYLE
  7
STANDARD
  9
$CLAYER
  8
DEFAULT
  9
$CELTYPE
  6
BYLAYER
  9
$CECOLOR
 62
   256
  9
$CELTSCALE
 40
1.0
  9
$DELOBJ
 70
     1
  9
$DISPSILH
 70
     0
  9
$DIMSCALE
 40
1.0
  9
$DIMASZ
 40
0.18
  9
$DIMEXO
 40
0.0625
  9
$DIMDLI
 40
0.38
  9
$DIMRND
 40
0.0
  9
$DIMDLE
 40
0.0
  9
$DIMEXE
 40
0.18
  9
$DIMTP
 40
0.0
  9
$DIMTM
 40
0.0
  9
$DIMTXT
 40
0.18
  9
$DIMCEN
 40
0.09
  9
$DIMTSZ
 40
0.0
  9
$DIMTOL
 70
     0
  9
$DIMLIM
 70
     0
  9
$DIMTIH
 70
     1
  9
$DIMTOH
 70
     1
  9
$DIMSE1
 70
     0
  9
$DIMSE2
 70
     0
  9
$DIMTAD
 70
     0
  9
$DIMZIN
 70
     0
  9
$DIMBLK
  1

  9
$DIMASO
 70
     1
  9
$DIMSHO
 70
     1
  9
$DIMPOST
  1

  9
$DIMAPOST
  1

  9
$DIMALT
 70
     0
  9
$DIMALTD
 70
     2
  9
$DIMALTF
 40
25.4
  9
$DIMLFAC
 40
1.0
  9
$DIMTOFL
 70
     0
  9
$DIMTVP
 40
0.0
  9
$DIMTIX
 70
     0
  9
$DIMSOXD
 70
     0
  9
$DIMSAH
 70
     0
  9
$DIMBLK1
  1

  9
$DIMBLK2
  1

  9
$DIMSTYLE
  2
STANDARD
  9
$DIMCLRD
 70
     0
  9
$DIMCLRE
 70
     0
  9
$DIMCLRT
 70
     0
  9
$DIMTFAC
 40
1.0
  9
$DIMGAP
 40
0.09
  9
$DIMJUST
 70
     0
  9
$DIMSD1
 70
     0
  9
$DIMSD2
 70
     0
  9
$DIMTOLJ
 70
     1
  9
$DIMTZIN
 70
     0
  9
$DIMALTZ
 70
     0
  9
$DIMALTTZ
 70
     0
  9
$DIMFIT
 70
     5
  9
$DIMUPT
 70
     0
  9
$DIMUNIT
 70
     2
  9
$DIMDEC
 70
     4
  9
$DIMTDEC
 70
     4
  9
$DIMALTU
 70
     2
  9
$DIMALTTD
 70
     2
  9
$DIMTXSTY
  7
STANDARD
  9
$DIMAUNIT
 70
     0
  9
$LUNITS
 70
     2
  9
$LUPREC
 70
     3
  9
$SKETCHINC
 40
0.1
  9
$FILLETRAD
 40
0.5
  9
$AUNITS
 70
     0
  9
$AUPREC
 70
     0
  9
$MENU
  1
.
  9
$ELEVATION
 40
0.0
  9
$PELEVATION
 40
0.0
  9
$THICKNESS
 40
0.0
  9
$LIMCHECK
 70
     0
  9
$CHAMFERA
 40
0.0
  9
$CHAMFERB
 40
0.0
  9
$CHAMFERC
 40
0.0
  9
$CHAMFERD
 40
0.0
  9
$SKPOLY
 70
     0
  9
$TDCREATE
 40
2458919.561618866
  9
$TDUPDATE
 40
2458919.56163441
  9
$TDINDWG
 40
0.0000000116
  9
$TDUSRTIMER
 40
0.0000000116
  9
$USRTIMER
 70
     1
  9
$ANGBASE
 50
0.0
  9
$ANGDIR
 70
     0
  9
$PDMODE
 70
     0
  9
$PDSIZE
 40
0.0
  9
$PLINEWID
 40
0.0
  9
$COORDS
 70
     1
  9
$SPLFRAME
 70
     0
  9
$SPLINETYPE
 70
     6
  9
$SPLINESEGS
 70
     8
  9
$ATTDIA
 70
     0
  9
$ATTREQ
 70
     1
  9
$HANDLING
 70
     1
  9
$HANDSEED
  5
15A
  9
$SURFTAB1
 70
     6
  9
$SURFTAB2
 70
     6
  9
$SURFTYPE
 70
     6
  9
$SURFU
 70
     6
  9
$SURFV
 70
     6
  9
$UCSNAME
  2

  9
$UCSORG
 10
0.0
 20
0.0
 30
0.0
  9
$UCSXDIR
 10
1.0
 20
0.0
 30
0.0
  9
$UCSYDIR
 10
0.0
 20
1.0
 30
0.0
  9
$PUCSNAME
  2

  9
$PUCSORG
 10
0.0
 20
0.0
 30
0.0
  9
$PUCSXDIR
 10
1.0
 20
0.0
 30
0.0
  9
$PUCSYDIR
 10
0.0
 20
1.0
 30
0.0
  9
$USERI1
 70
     0
  9
$USERI2
 70
     0
  9
$USERI3
 70
     0
  9
$USERI4
 70
     0
  9
$USERI5
 70
     0
  9
$USERR1
 40
0.0
  9
$USERR2
 40
0.0
  9
$USERR3
 40
0.0
  9
$USERR4
 40
0.0
  9
$USERR5
 40
0.0
  9
$WORLDVIEW
 70
     1
  9
$SHADEDGE
 70
     3
  9
$SHADEDIF
 70
    70
  9
$TILEMODE
 70
     1
  9
$MAXACTVP
 70
    64
  9
$PINSBASE
 10
0.0
 20
0.0
 30
0.0
  9
$PLIMCHECK
 70
     0
  9
$PEXTMIN
 10
1.000000000000000E+20
 20
1.000000000000000E+20
 30
1.000000000000000E+20
  9
$PEXTMAX
 10
-1.000000000000000E+20
 20
-1.000000000000000E+20
 30
-1.000000000000000E+20
  9
$PLIMMIN
 10
0.0
 20
0.0
  9
$PLIMMAX
 10
12.0
 20
9.0
  9
$UNITMODE
 70
     0
  9
$VISRETAIN
 70
     1
  9
$PLINEGEN
 70
     0
  9
$PSLTSCALE
 70
     1
  9
$TREEDEPTH
 70
  3020
  9
$PICKSTYLE
 70
     1
  9
$CMLSTYLE
  2
STANDARD
  9
$CMLJUST
 70
     0
  9
$CMLSCALE
 40
1.0
  9
$PROXYGRAPHICS
 70
     1
  9
$MEASUREMENT
 70
     0
  0
ENDSEC
  0
SECTION
  2
CLASSES
  0
CLASS
  1
ACDBDICTIONARYWDFLT
  2
AcDbDictionaryWithDefault
  3
ObjectDBX Classes
 90
        0
280
     0
281
     0
  0
CLASS
  1
VISUALSTYLE
  2
AcDbVisualStyle
  3
ObjectDBX Classes
 90
     4095
280
     0
281
     0
  0
CLASS
  1
MATERIAL
  2
AcDbMaterial
  3
ObjectDBX Classes
 90
     1153
280
     0
281
     0
  0
CLASS
  1
SCALE
  2
AcDbScale
  3
ObjectDBX Classes
 90
     1153
280
     0
281
     0
  0
CLASS
  1
SUN
  2
AcDbSun
  3
SCENEOE
 90
     1153
280
     0
281
     0
  0
CLASS
  1
DICTIONARYVAR
  2
AcDbDictionaryVar
  3
ObjectDBX Classes
 90
        0
280
     0
281
     0
  0
CLASS
  1
XRECORD
  2
AcDbXrecord
  3
ObjectDBX Classes
 90
        0
280
     0
281
     0
  0
CLASS
  1
LWPOLYLINE
  2
AcDbPolyline
  3
ObjectDBX Classes
 90
        0
280
     0
281
     1
  0
CLASS
  1
HATCH
  2
AcDbHatch
  3
ObjectDBX Classes
 90
        0
280
     0
281
     1
  0
CLASS
  1
ACDBPLACEHOLDER
  2
AcDbPlaceHolder
  3
ObjectDBX Classes
 90
        0
280
     0
281
     0
  0
CLASS
  1
LAYOUT
  2
AcDbLayout
  3
ObjectDBX Classes
 90
        0
280
     0
281
     0
  0
ENDSEC
  0
SECTION
  2
TABLES
  0
TABLE
  2
VPORT
  5
8
330
0
100
AcDbSymbolTable
 70
     1
  0
VPORT
  5
29
330
8
100
AcDbSymbolTableRecord
100
AcDbViewportTableRecord
  2
*ACTIVE
 70
     0
 10
0.0
 20
0.0
 11
1.0
 21
1.0
 12
328.2728455555555
 22
247.1988325
 13
0.0
 23
0.0
 14
0.5
 24
0.5
 15
0.5
 25
0.5
 16
0.0
 26
0.0
 36
1.0
 17
0.0
 27
0.0
 37
0.0
 40
132.6003825000001
 41
1.692299968792825
 42
50.0
 43
0.0
 44
0.0
 50
0.0
 51
0.0
 71
     0
 72
   100
 73
     1
 74
     3
 75
     0
 76
     0
 77
     0
 78
     0
  0
ENDTAB
  0
TABLE
  2
LTYPE
  5
5
330
0
100
AcDbSymbolTable
 70
     1
  0
LTYPE
  5
14
330
5
100
AcDbSymbolTableRecord
100
AcDbLinetypeTableRecord
  2
BYBLOCK
 70
     0
  3

 72
    65
 73
     0
 40
0.0
  0
LTYPE
  5
15
330
5
100
AcDbSymbolTableRecord
100
AcDbLinetypeTableRecord
  2
BYLAYER
 70
     0
  3

 72
    65
 73
     0
 40
0.0
  0
LTYPE
  5
16
330
5
100
AcDbSymbolTableRecord
100
AcDbLinetypeTableRecord
  2
CONTINUOUS
 70
     0
  3
Solid line
 72
    65
 73
     0
 40
0.0
  0
ENDTAB
  0
TABLE
  2
LAYER
  5
2
330
0
100
AcDbSymbolTable
 70
     2
  0
LAYER
  5
10
330
2
100
AcDbSymbolTableRecord
100
AcDbLayerTableRecord
  2
0
 70
     0
 62
     7
  6
CONTINUOUS
  0
LAYER
  5
6A
330
2
100
AcDbSymbolTableRecord
100
AcDbLayerTableRecord
  2
DEFAULT
 70
     0
 62
     7
  6
CONTINUOUS
  0
ENDTAB
  0
TABLE
  2
STYLE
  5
3
330
0
100
AcDbSymbolTable
 70
     1
  0
STYLE
  5
11
330
3
100
AcDbSymbolTableRecord
100
AcDbTextStyleTableRecord
  2
STANDARD
 70
     0
 40
0.0
 41
1.0
 50
0.0
 71
     0
 42
0.2
  3
txt
  4

  0
ENDTAB
  0
TABLE
  2
VIEW
  5
6
330
0
100
AcDbSymbolTable
 70
     0
  0
ENDTAB
  0
TABLE
  2
UCS
  5
7
330
0
100
AcDbSymbolTable
 70
     0
  0
ENDTAB
  0
TABLE
  2
APPID
  5
9
330
0
100
AcDbSymbolTable
 70
     1
  0
APPID
  5
12
330
9
100
AcDbSymbolTableRecord
100
AcDbRegAppTableRecord
  2
ACAD
 70
     0
  0
ENDTAB
  0
TABLE
  2
DIMSTYLE
  5
A
330
0
100
AcDbSymbolTable
 70
     1
  0
DIMSTYLE
105
27
330
A
100
AcDbSymbolTableRecord
100
AcDbDimStyleTableRecord
  2
STANDARD
 70
     0
  3

  4

  5

  6

  7

 40
1.0
 41
0.18
 42
0.0625
 43
0.38
 44
0.18
 45
0.0
 46
0.0
 47
0.0
 48
0.0
140
0.18
141
0.09
142
0.0
143
25.4
144
1.0
145
0.0
146
1.0
147
0.09
 71
     0
 72
     0
 73
     1
 74
     1
 75
     0
 76
     0
 77
     0
 78
     0
170
     0
171
     2
172
     0
173
     0
174
     0
175
     0
176
     0
177
     0
178
     0
270
     2
271
     4
272
     4
273
     2
274
     2
340
11
275
     0
280
     0
281
     0
282
     0
283
     1
284
     0
285
     0
286
     0
287
     3
288
     0
  0
ENDTAB
  0
TABLE
  2
BLOCK_RECORD
  5
1
330
0
100
AcDbSymbolTable
 70
     1
  0
BLOCK_RECORD
  5
1F
330
1
100
AcDbSymbolTableRecord
100
AcDbBlockTableRecord
  2
*MODEL_SPACE
  0
BLOCK_RECORD
  5
1B
330
1
100
AcDbSymbolTableRecord
100
AcDbBlockTableRecord
  2
*PAPER_SPACE
  0
ENDTAB
  0
ENDSEC
  0
SECTION
  2
BLOCKS
  0
BLOCK
  5
20
330
1F
100
AcDbEntity
  8
0
100
AcDbBlockBegin
  2
*MODEL_SPACE
 70
     0
 10
0.0
 20
0.0
 30
0.0
  3
*MODEL_SPACE
  1

  0
ENDBLK
  5
21
330
1F
100
AcDbEntity
  8
0
100
AcDbBlockEnd
  0
BLOCK
  5
1C
330
1B
100
AcDbEntity
 67
     1
  8
0
100
AcDbBlockBegin
  2
*PAPER_SPACE
 70
     0
 10
0.0
 20
0.0
 30
0.0
  3
*PAPER_SPACE
  1

  0
ENDBLK
  5
1D
330
1B
100
AcDbEntity
 67
     1
  8
0
100
AcDbBlockEnd
  0
ENDSEC
  0
SECTION
  2
ENTITIES
  0
SPLINE
  5
6B
330
1F
100
AcDbEntity
  8
DEFAULT
 62
     1
100
AcDbSpline
210
0.0
220
0.0
230
1.0
 70
    11
 71
     3
 72
    29
 73
    25
 74
     0
 42
0.000000001
 43
0.0000000001
 40
0.0
 40
0.0
 40
0.0
 40
0.0
 40
1.0
 40
1.0
 40
1.0
 40
596.2769999999999
 40
596.2769999999999
 40
596.2769999999999
 40
597.2769999999999
 40
597.2769999999999
 40
597.2769999999999
 40
937.4359999999999
 40
937.4359999999999
 40
937.4359999999999
 40
938.4359999999999
 40
938.4359999999999
 40
938.4359999999999
 40
1533.713
 40
1533.713
 40
1533.713
 40
1534.713
 40
1534.713
 40
1534.713
 40
1874.872
 40
1874.872
 40
1874.872
 40
1874.872
 10
438.2726608333333
 20
187.1989172222222
 30
0.0
 10
438.2726608333333
 20
184.4373727777778
 30
0.0
 10
436.0339330555555
 20
182.198645
 30
0.0
 10
433.2730941666666
 20
182.198645
 30
0.0
 10
363.272928425926
 20
182.198645
 30
0.0
 10
293.2727626851852
 20
182.198645
 30
0.0
 10
223.2725969444444
 20
182.198645
 30
0.0
 10
220.5117580555556
 20
182.198645
 30
0.0
 10
218.2730302777778
 20
184.4373727777778
 30
0.0
 10
218.2730302777778
 20
187.1989172222222
 30
0.0
 10
218.2730302777778
 20
227.1990959259259
 30
0.0
 10
218.2730302777778
 20
267.1992746296296
 30
0.0
 10
218.2730302777778
 20
307.1994533333333
 30
0.0
 10
218.2730302777778
 20
309.9602922222222
 30
0.0
 10
220.5117580555556
 20
312.19902
 30
0.0
 10
223.2725969444444
 20
312.19902
 30
0.0
 10
293.2727626851852
 20
312.19902
 30
0.0
 10
363.2729284259258
 20
312.19902
 30
0.0
 10
433.2730941666666
 20
312.19902
 30
0.0
 10
436.0339330555555
 20
312.19902
 30
0.0
 10
438.2726608333333
 20
309.9602922222222
 30
0.0
 10
438.2726608333333
 20
307.1994533333333
 30
0.0
 10
438.2726608333333
 20
267.1992746296296
 30
0.0
 10
438.2726608333333
 20
227.1990959259259
 30
0.0
 10
438.2726608333333
 20
187.1989172222222
 30
0.0
  0
POLYLINE
  5
6C
330
1F
100
AcDbEntity
  8
DEFAULT
 62
     7
100
AcDb2dPolyline
 66
     1
 10
0.0
 20
0.0
 30
0.0
  0
VERTEX
  5
6D
330
6C
100
AcDbEntity
  8
DEFAULT
 62
     7
100
AcDbVertex
100
AcDb2dVertex
 10
232.1362091666666
 20
281.1880188888888
 30
0.0
  0
VERTEX
  5
6E
330
6C
100
AcDbEntity
  8
DEFAULT
 62
     7
100
AcDbVertex
100
AcDb2dVertex
 10
229.9535730555555
 20
281.8494772222222
 30
0.0
  0
VERTEX
  5
6F
330
6C
100
AcDbEntity
  8
DEFAULT
 62
     7
100
AcDbVertex
100
AcDb2dVertex
 10
232.1362091666666
 20
282.4703661111111
 30
0.0
  0
SEQEND
  5
70
330
6C
100
AcDbEntity
  8
DEFAULT
 62
     7
  0
SPLINE
  5
71
330
1F
100
AcDbEntity
  8
DEFAULT
 62
     1
100
AcDbSpline
210
0.0
220
0.0
230
1.0
 70
    11
 71
     3
 72
    83
 73
    79
 74
     0
 42
0.000000001
 43
0.0000000001
 40
28.053
 40
28.053
 40
28.053
 40
28.053
 40
29.053
 40
29.053
 40
29.053
 40
30.053
 40
30.053
 40
30.053
 40
35.70900000000006
 40
35.70900000000006
 40
35.70900000000006
 40
44.20900000000006
 40
44.20900000000006
 40
44.20900000000006
 40
49.86500000000012
 40
49.86500000000012
 40
49.86500000000012
 40
50.86500000000012
 40
50.86500000000012
 40
50.86500000000012
 40
51.86500000000012
 40
51.86500000000012
 40
51.86500000000012
 40
52.86500000000012
 40
52.86500000000012
 40
52.86500000000012
 40
53.86500000000012
 40
53.86500000000012
 40
53.86500000000012
 40
54.86500000000012
 40
54.86500000000012
 40
54.86500000000012
 40
55.86500000000012
 40
55.86500000000012
 40
55.86500000000012
 40
61.53100000000018
 40
61.53100000000018
 40
61.53100000000018
 40
70.03100000000018
 40
70.03100000000018
 40
70.03100000000018
 40
75.69700000000023
 40
75.69700000000023
 40
75.69700000000023
 40
76.69700000000023
 40
76.69700000000023
 40
76.69700000000023
 40
77.69700000000023
 40
77.69700000000023
 40
77.69700000000023
 40
78.69700000000023
 40
78.69700000000023
 40
78.69700000000023
 40
79.69700000000023
 40
79.69700000000023
 40
79.69700000000023
 40
80.69700000000023
 40
80.69700000000023
 40
80.69700000000023
 40
81.69700000000023
 40
81.69700000000023
 40
81.69700000000023
 40
87.35300000000029
 40
87.35300000000029
 40
87.35300000000029
 40
95.85300000000029
 40
95.85300000000029
 40
95.85300000000029
 40
101.5090000000004
 40
101.5090000000004
 40
101.5090000000004
 40
102.5090000000004
 40
102.5090000000004
 40
102.5090000000004
 40
103.5090000000004
 40
103.5090000000004
 40
103.5090000000004
 40
131.5620000000004
 40
131.5620000000004
 40
131.5620000000004
 40
131.5620000000004
 10
226.2940327777777
 20
286.7752780555555
 30
0.0
 10
226.2940327777777
 20
286.8274891666666
 30
0.0
 10
227.4123383333333
 20
287.2769280555555
 30
0.0
 10
228.7952272222222
 20
287.2769280555555
 30
0.0
 10
230.1781161111111
 20
287.2769280555555
 30
0.0
 10
230.9538744444444
 20
287.2278919444444
 30
0.0
 10
231.2964216666666
 20
287.2278919444444
 30
0.0
 10
231.9615253703704
 20
287.2278919444444
 30
0.0
 10
232.626629074074
 20
287.2278919444444
 30
0.0
 10
233.2917327777778
 20
287.2278919444444
 30
0.0
 10
233.2917327777778
 20
288.2274289814815
 30
0.0
 10
233.2917327777778
 20
289.2269660185185
 30
0.0
 10
233.2917327777778
 20
290.2265030555556
 30
0.0
 10
232.626629074074
 20
290.2265030555556
 30
0.0
 10
231.9615253703704
 20
290.2265030555556
 30
0.0
 10
231.2964216666666
 20
290.2265030555556
 30
0.0
 10
230.9538744444444
 20
290.2265030555556
 30
0.0
 10
230.1781161111111
 20
290.1778197222222
 30
0.0
 10
228.7952272222222
 20
290.1778197222222
 30
0.0
 10
227.4123383333333
 20
290.1778197222222
 30
0.0
 10
226.2940327777777
 20
290.6226725
 30
0.0
 10
226.2940327777777
 20
290.6791169444444
 30
0.0
 10
226.2940327777777
 20
294.1215225
 30
0.0
 10
226.9452605555555
 20
294.1179947222222
 30
0.0
 10
229.9301133333333
 20
294.1179947222222
 30
0.0
 10
233.6871966666666
 20
294.1179947222222
 30
0.0
 10
240.0012133333333
 20
293.2360502777777
 30
0.0
 10
240.6221022222222
 20
283.7823113888888
 30
0.0
 10
240.6221022222222
 20
283.7290419444444
 30
0.0
 10
239.5037966666667
 20
283.2806613888889
 30
0.0
 10
238.1209077777777
 20
283.2806613888889
 30
0.0
 10
236.7380188888889
 20
283.2806613888889
 30
0.0
 10
235.9622605555555
 20
283.3286391666666
 30
0.0
 10
235.6200661111111
 20
283.3286391666666
 30
0.0
 10
234.9537864814814
 20
283.3286391666666
 30
0.0
 10
234.2875068518518
 20
283.3286391666666
 30
0.0
 10
233.6212272222222
 20
283.3286391666666
 30
0.0
 10
233.6212272222222
 20
282.3291021296296
 30
0.0
 10
233.6212272222222
 20
281.3295650925926
 30
0.0
 10
233.6212272222222
 20
280.3300280555555
 30
0.0
 10
234.2875068518518
 20
280.3300280555555
 30
0.0
 10
234.9537864814814
 20
280.3300280555555
 30
0.0
 10
235.6200661111111
 20
280.3300280555555
 30
0.0
 10
235.9622605555555
 20
280.3300280555555
 30
0.0
 10
236.7380188888889
 20
280.3790641666666
 30
0.0
 10
238.1209077777777
 20
280.3790641666666
 30
0.0
 10
239.5037966666667
 20
280.3790641666666
 30
0.0
 10
240.6221022222222
 20
279.9338586111111
 30
0.0
 10
240.6221022222222
 20
279.8774141666667
 30
0.0
 10
239.9980383333333
 20
270.4268502777778
 30
0.0
 10
233.6829633333333
 20
269.5403197222222
 30
0.0
 10
229.9301133333333
 20
269.5403197222222
 30
0.0
 10
226.9452605555555
 20
269.5403197222222
 30
0.0
 10
226.2940327777777
 20
269.5367919444444
 30
0.0
 10
226.2940327777777
 20
272.9749641666666
 30
0.0
 10
226.2940327777777
 20
273.0271752777778
 30
0.0
 10
227.4123383333333
 20
273.4766141666666
 30
0.0
 10
228.7952272222222
 20
273.4766141666666
 30
0.0
 10
230.1781161111111
 20
273.4766141666666
 30
0.0
 10
230.9538744444444
 20
273.4275780555555
 30
0.0
 10
231.2964216666666
 20
273.4275780555555
 30
0.0
 10
231.9615253703704
 20
273.4275780555555
 30
0.0
 10
232.626629074074
 20
273.4275780555555
 30
0.0
 10
233.2917327777778
 20
273.4275780555555
 30
0.0
 10
233.2917327777778
 20
274.4271150925925
 30
0.0
 10
233.2917327777778
 20
275.4266521296296
 30
0.0
 10
233.2917327777778
 20
276.4261891666666
 30
0.0
 10
232.626629074074
 20
276.4261891666666
 30
0.0
 10
231.9615253703704
 20
276.4261891666666
 30
0.0
 10
231.2964216666666
 20
276.4261891666666
 30
0.0
 10
230.9538744444444
 20
276.4261891666666
 30
0.0
 10
230.1781161111111
 20
276.3771530555555
 30
0.0
 10
228.7952272222222
 20
276.3771530555555
 30
0.0
 10
227.4123383333333
 20
276.3771530555555
 30
0.0
 10
226.2940327777777
 20
276.8223586111111
 30
0.0
 10
226.2940327777777
 20
276.8788030555555
 30
0.0
 10
226.2940327777777
 20
280.1776280555555
 30
0.0
 10
226.2940327777777
 20
283.4764530555555
 30
0.0
 10
226.2940327777777
 20
286.7752780555555
 30
0.0
  0
POLYLINE
  5
72
330
1F
100
AcDbEntity
  8
DEFAULT
 62
     7
100
AcDb2dPolyline
 66
     1
 10
0.0
 20
0.0
 30
0.0
  0
VERTEX
  5
73
330
72
100
AcDbEntity
  8
DEFAULT
 62
     7
100
AcDbVertex
100
AcDb2dVertex
 10
232.6002883333333
 20
213.6104016666667
 30
0.0
  0
VERTEX
  5
74
330
72
100
AcDbEntity
  8
DEFAULT
 62
     7
100
AcDbVertex
100
AcDb2dVertex
 10
230.4176522222222
 20
213.6104016666667
 30
0.0
  0
SEQEND
  5
75
330
72
100
AcDbEntity
  8
DEFAULT
 62
     7
  0
POLYLINE
  5
76
330
1F
100
AcDbEntity
  8
DEFAULT
 62
     7
100
AcDb2dPolyline
 66
     1
 10
0.0
 20
0.0
 30
0.0
  0
VERTEX
  5
77
330
76
100
AcDbEntity
  8
DEFAULT
 62
     7
100
AcDbVertex
100
AcDb2dVertex
 10
232.6002883333333
 20
211.7548963888889
 30
0.0
  0
VERTEX
  5
78
330
76
100
AcDbEntity
  8
DEFAULT
 62
     7
100
AcDbVertex
100
AcDb2dVertex
 10
230.4176522222221
 20
212.4163547222222
 30
0.0
  0
VERTEX
  5
79
330
76
100
AcDbEntity
  8
DEFAULT
 62
     7
100
AcDbVertex
100
AcDb2dVertex
 10
232.6002883333333
 20
213.0372436111111
 30
0.0
  0
SEQEND
  5
7A
330
76
100
AcDbEntity
  8
DEFAULT
 62
     7
  0
SPLINE
  5
7B
330
1F
100
AcDbEntity
  8
DEFAULT
 62
     1
100
AcDbSpline
210
0.0
220
0.0
230
1.0
 70
    11
 71
     3
 72
    83
 73
    79
 74
     0
 42
0.000000001
 43
0.0000000001
 40
28.04899999999998
 40
28.04899999999998
 40
28.04899999999998
 40
28.04899999999998
 40
29.04899999999998
 40
29.04899999999998
 40
29.04899999999998
 40
30.04899999999998
 40
30.04899999999998
 40
30.04899999999998
 40
38.55500000000006
 40
38.55500000000006
 40
38.55500000000006
 40
47.05500000000006
 40
47.05500000000006
 40
47.05500000000006
 40
55.56100000000015
 40
55.56100000000015
 40
55.56100000000015
 40
56.56100000000015
 40
56.56100000000015
 40
56.56100000000015
 40
57.56100000000015
 40
57.56100000000015
 40
57.56100000000015
 40
58.56100000000015
 40
58.56100000000015
 40
58.56100000000015
 40
59.56100000000015
 40
59.56100000000015
 40
59.56100000000015
 40
60.56100000000015
 40
60.56100000000015
 40
60.56100000000015
 40
61.56100000000015
 40
61.56100000000015
 40
61.56100000000015
 40
67.2270000000002
 40
67.2270000000002
 40
67.2270000000002
 40
75.7270000000002
 40
75.7270000000002
 40
75.7270000000002
 40
81.39300000000026
 40
81.39300000000026
 40
81.39300000000026
 40
82.39300000000026
 40
82.39300000000026
 40
82.39300000000026
 40
83.39300000000026
 40
83.39300000000026
 40
83.39300000000026
 40
84.39300000000026
 40
84.39300000000026
 40
84.39300000000026
 40
85.39300000000026
 40
85.39300000000026
 40
85.39300000000026
 40
86.39300000000026
 40
86.39300000000026
 40
86.39300000000026
 40
87.39300000000026
 40
87.39300000000026
 40
87.39300000000026
 40
95.89900000000034
 40
95.89900000000034
 40
95.89900000000034
 40
104.3990000000003
 40
104.3990000000003
 40
104.3990000000003
 40
112.9050000000004
 40
112.9050000000004
 40
112.9050000000004
 40
113.9050000000004
 40
113.9050000000004
 40
113.9050000000004
 40
114.9050000000004
 40
114.9050000000004
 40
114.9050000000004
 40
142.9540000000004
 40
142.9540000000004
 40
142.9540000000004
 40
142.9540000000004
 10
226.0421847222222
 20
207.7351347222222
 30
0.0
 10
226.0421847222222
 20
207.6786902777778
 30
0.0
 10
227.1604902777777
 20
207.2334847222222
 30
0.0
 10
228.5433791666667
 20
207.2334847222222
 30
0.0
 10
229.9262680555555
 20
207.2334847222222
 30
0.0
 10
230.7020263888888
 20
207.2825208333333
 30
0.0
 10
231.0445736111111
 20
207.2825208333333
 30
0.0
 10
232.0448162037037
 20
207.2825208333333
 30
0.0
 10
233.0450587962963
 20
207.2825208333333
 30
0.0
 10
234.0453013888889
 20
207.2825208333333
 30
0.0
 10
234.0453013888889
 20
206.2829837962962
 30
0.0
 10
234.0453013888889
 20
205.2834467592592
 30
0.0
 10
234.0453013888889
 20
204.2839097222222
 30
0.0
 10
233.0450587962963
 20
204.2839097222222
 30
0.0
 10
232.0448162037037
 20
204.2839097222222
 30
0.0
 10
231.0445736111111
 20
204.2839097222222
 30
0.0
 10
230.7020263888888
 20
204.2839097222222
 30
0.0
 10
229.9262680555555
 20
204.3322402777778
 30
0.0
 10
228.5433791666667
 20
204.3322402777778
 30
0.0
 10
227.1604902777777
 20
204.3322402777778
 30
0.0
 10
226.0421847222222
 20
203.8835069444444
 30
0.0
 10
226.0421847222222
 20
203.8305902777778
 30
0.0
 10
226.0421847222222
 20
199.6808652777778
 30
0.0
 10
227.6773097222222
 20
199.6872152777778
 30
0.0
 10
230.6794486111111
 20
199.6872152777778
 30
0.0
 10
234.4365319444444
 20
199.6872152777778
 30
0.0
 10
240.7526652777777
 20
201.2126263888889
 30
0.0
 10
241.3735541666666
 20
210.7302180555556
 30
0.0
 10
241.3735541666666
 20
210.7866625
 30
0.0
 10
240.2552486111111
 20
211.2318680555555
 30
0.0
 10
238.8716541666666
 20
211.2318680555555
 30
0.0
 10
237.4887652777778
 20
211.2318680555555
 30
0.0
 10
236.7130069444444
 20
211.1828319444444
 30
0.0
 10
236.3704597222222
 20
211.1828319444444
 30
0.0
 10
235.7041800925926
 20
211.1828319444445
 30
0.0
 10
235.0379004629629
 20
211.1828319444445
 30
0.0
 10
234.3716208333333
 20
211.1828319444444
 30
0.0
 10
234.3716208333333
 20
212.1823689814815
 30
0.0
 10
234.3716208333333
 20
213.1819060185186
 30
0.0
 10
234.3716208333333
 20
214.1814430555555
 30
0.0
 10
235.0379004629629
 20
214.1814430555555
 30
0.0
 10
235.7041800925926
 20
214.1814430555555
 30
0.0
 10
236.3704597222222
 20
214.1814430555555
 30
0.0
 10
236.7130069444444
 20
214.1814430555555
 30
0.0
 10
237.4887652777778
 20
214.1334652777778
 30
0.0
 10
238.8716541666666
 20
214.1334652777778
 30
0.0
 10
240.2552486111111
 20
214.1334652777778
 30
0.0
 10
241.3735541666666
 20
214.5818458333333
 30
0.0
 10
241.3735541666666
 20
214.6351152777777
 30
0.0
 10
240.7526652777777
 20
224.1558819444444
 30
0.0
 10
234.4365319444444
 20
225.6770597222222
 30
0.0
 10
230.6794486111111
 20
225.6770597222222
 30
0.0
 10
227.6773097222222
 20
225.6770597222222
 30
0.0
 10
226.0421847222222
 20
225.6798819444444
 30
0.0
 10
226.0421847222222
 20
221.5347430555555
 30
0.0
 10
226.0421847222222
 20
221.4782986111111
 30
0.0
 10
227.1604902777777
 20
221.0330930555556
 30
0.0
 10
228.5433791666667
 20
221.0330930555556
 30
0.0
 10
229.9262680555555
 20
221.0330930555556
 30
0.0
 10
230.7020263888888
 20
221.0821291666666
 30
0.0
 10
231.0445736111111
 20
221.0821291666666
 30
0.0
 10
232.0448162037037
 20
221.0821291666666
 30
0.0
 10
233.0450587962963
 20
221.0821291666666
 30
0.0
 10
234.0453013888889
 20
221.0821291666666
 30
0.0
 10
234.0453013888889
 20
220.0825921296296
 30
0.0
 10
234.0453013888889
 20
219.0830550925925
 30
0.0
 10
234.0453013888889
 20
218.0835180555555
 30
0.0
 10
233.0450587962963
 20
218.0835180555555
 30
0.0
 10
232.0448162037037
 20
218.0835180555555
 30
0.0
 10
231.0445736111111
 20
218.0835180555555
 30
0.0
 10
230.7020263888888
 20
218.0835180555555
 30
0.0
 10
229.9262680555555
 20
218.1318486111111
 30
0.0
 10
228.5433791666667
 20
218.1318486111111
 30
0.0
 10
227.1604902777777
 20
218.1318486111111
 30
0.0
 10
226.0421847222222
 20
217.6831152777777
 30
0.0
 10
226.0421847222222
 20
217.6301986111111
 30
0.0
 10
226.0421847222222
 20
214.3318439814815
 30
0.0
 10
226.0421847222222
 20
211.0334893518518
 30
0.0
 10
226.0421847222222
 20
207.7351347222222
 30
0.0
  0
POLYLINE
  5
7C
330
1F
100
AcDbEntity
  8
DEFAULT
 62
     7
100
AcDb2dPolyline
 66
     1
 10
0.0
 20
0.0
 30
0.0
  0
VERTEX
  5
7D
330
7C
100
AcDbEntity
  8
DEFAULT
 62
     7
100
AcDbVertex
100
AcDb2dVertex
 10
249.7833883333333
 20
260.7179472222222
 30
0.0
  0
VERTEX
  5
7E
330
7C
100
AcDbEntity
  8
DEFAULT
 62
     7
100
AcDbVertex
100
AcDb2dVertex
 10
247.7143466666666
 20
261.4125666666666
 30
0.0
  0
SEQEND
  5
7F
330
7C
100
AcDbEntity
  8
DEFAULT
 62
     7
  0
POLYLINE
  5
80
330
1F
100
AcDbEntity
  8
DEFAULT
 62
     7
100
AcDb2dPolyline
 66
     1
 10
0.0
 20
0.0
 30
0.0
  0
VERTEX
  5
81
330
80
100
AcDbEntity
  8
DEFAULT
 62
     7
100
AcDbVertex
100
AcDb2dVertex
 10
249.1935791666666
 20
258.9588913888888
 30
0.0
  0
VERTEX
  5
82
330
80
100
AcDbEntity
  8
DEFAULT
 62
     7
100
AcDbVertex
100
AcDb2dVertex
 10
247.3340875
 20
260.2803969444444
 30
0.0
  0
VERTEX
  5
83
330
80
100
AcDbEntity
  8
DEFAULT
 62
     7
100
AcDbVertex
100
AcDb2dVertex
 10
249.6013902777777
 20
260.1749163888888
 30
0.0
  0
SEQEND
  5
84
330
80
100
AcDbEntity
  8
DEFAULT
 62
     7
  0
POLYLINE
  5
85
330
1F
100
AcDbEntity
  8
DEFAULT
 62
     7
100
AcDb2dPolyline
 66
     1
 10
0.0
 20
0.0
 30
0.0
  0
VERTEX
  5
86
330
85
100
AcDbEntity
  8
DEFAULT
 62
     7
100
AcDbVertex
100
AcDb2dVertex
 10
261.2968908333334
 20
259.7974441666667
 30
0.0
  0
VERTEX
  5
87
330
85
100
AcDbEntity
  8
DEFAULT
 62
     7
100
AcDbVertex
100
AcDb2dVertex
 10
259.1745797222222
 20
260.3086191666666
 30
0.0
  0
SEQEND
  5
88
330
85
100
AcDbEntity
  8
DEFAULT
 62
     7
  0
POLYLINE
  5
89
330
1F
100
AcDbEntity
  8
DEFAULT
 62
     7
100
AcDb2dPolyline
 66
     1
 10
0.0
 20
0.0
 30
0.0
  0
VERTEX
  5
8A
330
89
100
AcDbEntity
  8
DEFAULT
 62
     7
100
AcDbVertex
100
AcDb2dVertex
 10
261.4515838888889
 20
260.4402758333333
 30
0.0
  0
VERTEX
  5
8B
330
89
100
AcDbEntity
  8
DEFAULT
 62
     7
100
AcDbVertex
100
AcDb2dVertex
 10
259.3296255555555
 20
260.9514508333332
 30
0.0
  0
SEQEND
  5
8C
330
89
100
AcDbEntity
  8
DEFAULT
 62
     7
  0
POLYLINE
  5
8D
330
1F
100
AcDbEntity
  8
DEFAULT
 62
     7
100
AcDb2dPolyline
 66
     1
 10
0.0
 20
0.0
 30
0.0
  0
VERTEX
  5
8E
330
8D
100
AcDbEntity
  8
DEFAULT
 62
     7
100
AcDbVertex
100
AcDb2dVertex
 10
261.6069472222222
 20
261.0838130555556
 30
0.0
  0
VERTEX
  5
8F
330
8D
100
AcDbEntity
  8
DEFAULT
 62
     7
100
AcDbVertex
100
AcDb2dVertex
 10
259.4846361111111
 20
261.5949880555556
 30
0.0
  0
SEQEND
  5
90
330
8D
100
AcDbEntity
  8
DEFAULT
 62
     7
  0
POLYLINE
  5
91
330
1F
100
AcDbEntity
  8
DEFAULT
 62
     7
100
AcDb2dPolyline
 66
     1
 10
0.0
 20
0.0
 30
0.0
  0
VERTEX
  5
92
330
91
100
AcDbEntity
  8
DEFAULT
 62
     7
100
AcDbVertex
100
AcDb2dVertex
 10
273.3013188888889
 20
260.3617475
 30
0.0
  0
VERTEX
  5
93
330
91
100
AcDbEntity
  8
DEFAULT
 62
     7
100
AcDbVertex
100
AcDb2dVertex
 10
271.1423188888888
 20
260.6863030555555
 30
0.0
  0
SEQEND
  5
94
330
91
100
AcDbEntity
  8
DEFAULT
 62
     7
  0
POLYLINE
  5
95
330
1F
100
AcDbEntity
  8
DEFAULT
 62
     7
100
AcDb2dPolyline
 66
     1
 10
0.0
 20
0.0
 30
0.0
  0
VERTEX
  5
96
330
95
100
AcDbEntity
  8
DEFAULT
 62
     7
100
AcDbVertex
100
AcDb2dVertex
 10
273.4973575
 20
261.670165
 30
0.0
  0
VERTEX
  5
97
330
95
100
AcDbEntity
  8
DEFAULT
 62
     7
100
AcDbVertex
100
AcDb2dVertex
 10
271.3387102777777
 20
261.9947205555555
 30
0.0
  0
SEQEND
  5
98
330
95
100
AcDbEntity
  8
DEFAULT
 62
     7
  0
POLYLINE
  5
99
330
1F
100
AcDbEntity
  8
DEFAULT
 62
     7
100
AcDb2dPolyline
 66
     1
 10
0.0
 20
0.0
 30
0.0
  0
VERTEX
  5
9A
330
99
100
AcDbEntity
  8
DEFAULT
 62
     7
100
AcDbVertex
100
AcDb2dVertex
 10
285.3353802777778
 20
261.5661308333333
 30
0.0
  0
VERTEX
  5
9B
330
99
100
AcDbEntity
  8
DEFAULT
 62
     7
100
AcDbVertex
100
AcDb2dVertex
 10
283.1566247222222
 20
261.7012447222222
 30
0.0
  0
SEQEND
  5
9C
330
99
100
AcDbEntity
  8
DEFAULT
 62
     7
  0
SPLINE
  5
9D
330
1F
100
AcDbEntity
  8
DEFAULT
 62
     1
100
AcDbSpline
210
0.0
220
0.0
230
1.0
 70
     8
 71
     3
 72
    83
 73
    79
 74
     0
 42
0.000000001
 43
0.0000000001
 40
0.0
 40
0.0
 40
0.0
 40
0.0
 40
1.0
 40
1.0
 40
1.0
 40
2.0
 40
2.0
 40
2.0
 40
3.0
 40
3.0
 40
3.0
 40
4.0
 40
4.0
 40
4.0
 40
9.668082038926425
 40
9.668082038926425
 40
9.668082038926425
 40
18.16640293190277
 40
18.16640293190277
 40
18.16640293190277
 40
23.83354550995741
 40
23.83354550995741
 40
23.83354550995741
 40
24.83354550995741
 40
24.83354550995741
 40
24.83354550995741
 40
25.83354550995741
 40
25.83354550995741
 40
25.83354550995741
 40
26.83354550995741
 40
26.83354550995741
 40
26.83354550995741
 40
27.83354550995741
 40
27.83354550995741
 40
27.83354550995741
 40
28.83354550995741
 40
28.83354550995741
 40
28.83354550995741
 40
29.83354550995741
 40
29.83354550995741
 40
29.83354550995741
 40
30.83354550995741
 40
30.83354550995741
 40
30.83354550995741
 40
31.83354550995741
 40
31.83354550995741
 40
31.83354550995741
 40
32.83354550995741
 40
32.83354550995741
 40
32.83354550995741
 40
33.83354550995741
 40
33.83354550995741
 40
33.83354550995741
 40
34.83354550995741
 40
34.83354550995741
 40
34.83354550995741
 40
35.83354550995741
 40
35.83354550995741
 40
35.83354550995741
 40
36.83354550995741
 40
36.83354550995741
 40
36.83354550995741
 40
37.83354550995741
 40
37.83354550995741
 40
37.83354550995741
 40
38.83354550995741
 40
38.83354550995741
 40
38.83354550995741
 40
39.83354550995741
 40
39.83354550995741
 40
39.83354550995741
 40
40.83354550995741
 40
40.83354550995741
 40
40.83354550995741
 40
41.83354550995741
 40
41.83354550995741
 40
41.83354550995741
 40
42.83354550995741
 40
42.83354550995741
 40
42.83354550995741
 40
42.83354550995741
 10
252.0667777777778
 20
256.40538
 30
0.0
 10
251.51715
 20
254.4830938888889
 30
0.0
 10
252.4541277777777
 20
252.8405605555555
 30
0.0
 10
252.1179305555555
 20
251.9579105555555
 30
0.0
 10
251.5880583333333
 20
250.3799355555555
 30
0.0
 10
249.4036583333333
 20
249.6930772222222
 30
0.0
 10
247.234075
 20
250.4219161111111
 30
0.0
 10
247.1850388888889
 20
250.4384966666667
 30
0.0
 10
247.1141305555555
 20
251.6414688888889
 30
0.0
 10
247.5551027777778
 20
252.9527438888888
 30
0.0
 10
247.9946638888889
 20
254.2640188888888
 30
0.0
 10
248.288175
 20
254.9840383333333
 30
0.0
 10
248.3964777777778
 20
255.3085938888889
 30
0.0
 10
248.6087324074074
 20
255.9404188888888
 30
0.0
 10
248.820987037037
 20
256.5722438888889
 30
0.0
 10
249.0332416666666
 20
257.2040688888889
 30
0.0
 10
248.0857981481481
 20
257.5219216666666
 30
0.0
 10
247.1383546296296
 20
257.8397744444444
 30
0.0
 10
246.1909111111111
 20
258.1576272222222
 30
0.0
 10
245.9783037037037
 20
257.5260374074073
 30
0.0
 10
245.7656962962963
 20
256.8944475925925
 30
0.0
 10
245.5530888888889
 20
256.2628577777778
 30
0.0
 10
245.4451388888889
 20
255.9368911111111
 30
0.0
 10
245.2447611111111
 20
255.1865327777777
 30
0.0
 10
244.8044944444444
 20
253.8752577777777
 30
0.0
 10
244.3649333333333
 20
252.5639827777777
 30
0.0
 10
243.5863527777778
 20
251.6464077777777
 30
0.0
 10
243.5327305555555
 20
251.6647522222222
 30
0.0
 10
241.3649111111111
 20
252.3939438888889
 30
0.0
 10
239.3240916666666
 20
254.9508772222222
 30
0.0
 10
239.7199083333333
 20
256.5680105555555
 30
0.0
 10
241.9872111111111
 20
265.8062022222222
 30
0.0
 10
250.4006083333333
 20
265.8347772222222
 30
0.0
 10
253.5533833333333
 20
268.3059855555555
 30
0.0
 10
255.13665
 20
269.5304772222222
 30
0.0
 10
255.7681222222222
 20
271.705705
 30
0.0
 10
254.9595555555555
 20
273.63928
 30
0.0
 10
254.1227666666666
 20
275.6412938888889
 30
0.0
 10
254.5796138888889
 20
281.0006938888889
 30
0.0
 10
251.2695
 20
288.9180855555555
 30
0.0
 10
250.0774638888888
 20
291.7699411111111
 30
0.0
 10
248.0560472222222
 20
290.1189411111111
 30
0.0
 10
246.9455027777777
 20
292.7767688888889
 30
0.0
 10
246.1376416666666
 20
294.7092855555555
 30
0.0
 10
244.1416249999999
 20
295.7877272222222
 30
0.0
 10
242.1579555555555
 20
295.5203216666666
 30
0.0
 10
240.63325
 20
295.4321272222222
 30
0.0
 10
237.1164083333333
 20
296.5476105555555
 30
0.0
 10
233.816525
 20
297.8229022222222
 30
0.0
 10
232.9818527777777
 20
298.1661549999999
 30
0.0
 10
232.5003111111111
 20
298.8971105555555
 30
0.0
 10
232.1253083333333
 20
299.7956355555555
 30
0.0
 10
231.3763611111111
 20
301.5969188888889
 30
0.0
 10
232.222675
 20
303.6603161111111
 30
0.0
 10
234.0193722222222
 20
304.4106744444444
 30
0.0
 10
235.8188916666666
 20
305.163855
 30
0.0
 10
237.8833472222222
 20
304.3136605555555
 30
0.0
 10
238.6351166666666
 20
302.5173161111111
 30
0.0
 10
239.0877305555555
 20
301.4356994444444
 30
0.0
 10
242.5329583333333
 20
299.7652966666666
 30
0.0
 10
246.2554694444444
 20
298.3259633333333
 30
0.0
 10
249.5557055555555
 20
297.0506716666666
 30
0.0
 10
253.0725472222222
 20
295.9344827777778
 30
0.0
 10
254.5969
 20
296.0233827777777
 30
0.0
 10
256.5805694444444
 20
296.2907883333333
 30
0.0
 10
258.5772916666667
 20
295.2116411111111
 30
0.0
 10
259.3848
 20
293.2787716666667
 30
0.0
 10
259.8666944444444
 20
292.1262466666666
 30
0.0
 10
259.837061111111
 20
290.8830577777778
 30
0.0
 10
259.3971472222222
 20
289.8123772222222
 30
0.0
 10
258.751211111111
 20
288.2386355555555
 30
0.0
 10
263.1450583333333
 20
277.3219272222222
 30
0.0
 10
264.94105
 20
276.5860327777777
 30
0.0
 10
266.011025
 20
276.1457661111111
 30
0.0
 10
266.9183694444444
 20
275.294866111111
 30
0.0
 10
267.4002638888888
 20
274.1426938888889
 30
0.0
 10
268.2091833333333
 20
272.2087661111111
 30
0.0
 10
267.5770055555555
 20
270.0335383333333
 30
0.0
 10
265.9940916666666
 20
268.8090466666666
 30
0.0
  0
SPLINE
  5
9E
330
1F
100
AcDbEntity
  8
DEFAULT
 62
     1
100
AcDbSpline
210
0.0
220
0.0
230
1.0
 70
     8
 71
     3
 72
    35
 73
    31
 74
     0
 42
0.000000001
 43
0.0000000001
 40
0.0
 40
0.0
 40
0.0
 40
0.0
 40
1.0
 40
1.0
 40
1.0
 40
2.0
 40
2.0
 40
2.0
 40
3.0
 40
3.0
 40
3.0
 40
4.0
 40
4.0
 40
4.0
 40
5.0
 40
5.0
 40
5.0
 40
6.0
 40
6.0
 40
6.0
 40
7.0
 40
7.0
 40
7.0
 40
8.0
 40
8.0
 40
8.0
 40
9.0
 40
9.0
 40
9.0
 40
10.0
 40
10.0
 40
10.0
 40
10.0
 10
246.2804108333333
 20
298.3170380555555
 30
0.0
 10
245.4439747222222
 20
298.6602908333333
 30
0.0
 10
244.7408886111111
 20
299.3210436111111
 30
0.0
 10
244.3637691666667
 20
300.2195686111111
 30
0.0
 10
243.6151747222222
 20
302.0212047222222
 30
0.0
 10
244.4621941666666
 20
304.0842491666666
 30
0.0
 10
246.2585386111111
 20
304.8353130555555
 30
0.0
 10
248.0577052777778
 20
305.5874352777778
 30
0.0
 10
250.1175747222222
 20
304.7428852777778
 30
0.0
 10
250.8682858333333
 20
302.9458352777777
 30
0.0
 10
251.3208997222222
 20
301.8635130555555
 30
0.0
 10
254.7894108333333
 20
300.1828797222222
 30
0.0
 10
258.5154497222222
 20
298.7435463888888
 30
0.0
 10
261.8135691666666
 20
297.4675491666666
 30
0.0
 10
265.3304108333333
 20
296.3520658333333
 30
0.0
 10
266.8558219444444
 20
296.4402602777777
 30
0.0
 10
268.8387858333333
 20
296.7076658333333
 30
0.0
 10
270.8348025
 20
295.6292241666666
 30
0.0
 10
271.6433691666666
 20
293.6963547222222
 30
0.0
 10
272.1252636111111
 20
292.5438297222222
 30
0.0
 10
272.0935136111111
 20
291.2999352777778
 30
0.0
 10
271.6543052777778
 20
290.2292547222222
 30
0.0
 10
271.0101330555556
 20
288.6555130555556
 30
0.0
 10
275.3912802777778
 20
277.7409213888889
 30
0.0
 10
277.1851552777778
 20
277.0043213888889
 30
0.0
 10
278.2572469444444
 20
276.5647602777778
 30
0.0
 10
279.1550663888889
 20
275.7226797222222
 30
0.0
 10
279.6369608333333
 20
274.5701547222222
 30
0.0
 10
280.4455275
 20
272.6365797222222
 30
0.0
 10
279.8151136111111
 20
270.4613519444444
 30
0.0
 10
278.2304358333333
 20
269.2382713888888
 30
0.0
  0
SPLINE
  5
9F
330
1F
100
AcDbEntity
  8
DEFAULT
 62
     1
100
AcDbSpline
210
0.0
220
0.0
230
1.0
 70
     8
 71
     3
 72
    35
 73
    31
 74
     0
 42
0.000000001
 43
0.0000000001
 40
0.0
 40
0.0
 40
0.0
 40
0.0
 40
1.0
 40
1.0
 40
1.0
 40
2.0
 40
2.0
 40
2.0
 40
3.0
 40
3.0
 40
3.0
 40
4.0
 40
4.0
 40
4.0
 40
5.0
 40
5.0
 40
5.0
 40
6.0
 40
6.0
 40
6.0
 40
7.0
 40
7.0
 40
7.0
 40
8.0
 40
8.0
 40
8.0
 40
9.0
 40
9.0
 40
9.0
 40
10.0
 40
10.0
 40
10.0
 40
10.0
 10
258.5153086111111
 20
298.7435463888888
 30
0.0
 10
257.6781669444444
 20
299.0860936111111
 30
0.0
 10
256.9821363888889
 20
299.7419075
 30
0.0
 10
256.6071336111111
 20
300.6404324999999
 30
0.0
 10
255.8585391666667
 20
302.4420686111111
 30
0.0
 10
256.7045002777778
 20
304.5051130555555
 30
0.0
 10
258.5022558333333
 20
305.2568825
 30
0.0
 10
260.3017752777777
 20
306.0086519444444
 30
0.0
 10
262.3662308333334
 20
305.1591630555556
 30
0.0
 10
263.1172947222222
 20
303.3621130555555
 30
0.0
 10
263.5702613888889
 20
302.280143611111
 30
0.0
 10
267.0398308333333
 20
300.5991574999999
 30
0.0
 10
270.7630475
 20
299.1591186111111
 30
0.0
 10
274.0622252777778
 20
297.8834741666666
 30
0.0
 10
277.5730697222222
 20
296.7736352777778
 30
0.0
 10
279.0984808333333
 20
296.8618297222222
 30
0.0
 10
281.0821502777778
 20
297.1292352777778
 30
0.0
 10
283.0781669444444
 20
296.050793611111
 30
0.0
 10
283.8863808333333
 20
294.1182769444444
 30
0.0
 10
284.3679225
 20
292.9661047222222
 30
0.0
 10
284.3368780555555
 20
291.7225630555555
 30
0.0
 10
283.8973169444444
 20
290.6511769444444
 30
0.0
 10
283.2527919444444
 20
289.0774352777777
 30
0.0
 10
287.6297058333333
 20
278.1674297222222
 30
0.0
 10
289.4246391666666
 20
277.4308297222222
 30
0.0
 10
290.4949669444444
 20
276.9912686111111
 30
0.0
 10
291.4019586111111
 20
276.1389574999999
 30
0.0
 10
291.8838530555555
 20
274.9867852777778
 30
0.0
 10
292.6920669444444
 20
273.0535630555555
 30
0.0
 10
292.0605947222222
 20
270.8783352777778
 30
0.0
 10
290.4776808333333
 20
269.6538436111111
 30
0.0
  0
SPLINE
  5
A0
330
1F
100
AcDbEntity
  8
DEFAULT
 62
     1
100
AcDbSpline
210
0.0
220
0.0
230
1.0
 70
     8
 71
     3
 72
    68
 73
    64
 74
     0
 42
0.000000001
 43
0.0000000001
 40
0.0
 40
0.0
 40
0.0
 40
0.0
 40
1.0
 40
1.0
 40
1.0
 40
2.0
 40
2.0
 40
2.0
 40
3.0
 40
3.0
 40
3.0
 40
4.0
 40
4.0
 40
4.0
 40
5.0
 40
5.0
 40
5.0
 40
6.0
 40
6.0
 40
6.0
 40
7.0
 40
7.0
 40
7.0
 40
8.0
 40
8.0
 40
8.0
 40
9.0
 40
9.0
 40
9.0
 40
10.0
 40
10.0
 40
10.0
 40
11.0
 40
11.0
 40
11.0
 40
12.0
 40
12.0
 40
12.0
 40
13.0
 40
13.0
 40
13.0
 40
14.0
 40
14.0
 40
14.0
 40
19.66407318102431
 40
19.66407318102431
 40
19.66407318102431
 40
28.16242908084397
 40
28.16242908084397
 40
28.16242908084397
 40
33.82737568253405
 40
33.82737568253405
 40
33.82737568253405
 40
34.82737568253405
 40
34.82737568253405
 40
34.82737568253405
 40
35.82737568253405
 40
35.82737568253405
 40
35.82737568253405
 40
36.82737568253405
 40
36.82737568253405
 40
36.82737568253405
 40
37.82737568253405
 40
37.82737568253405
 40
37.82737568253405
 40
37.82737568253405
 10
270.7650230555556
 20
299.1597183333333
 30
0.0
 10
269.9292925
 20
299.5022655555555
 30
0.0
 10
269.2244425
 20
300.1637238888889
 30
0.0
 10
268.8490869444444
 20
301.0622488888889
 30
0.0
 10
268.0994341666666
 20
302.8631794444444
 30
0.0
 10
268.9471591666667
 20
304.9262238888888
 30
0.0
 10
270.7435036111111
 20
305.6779933333333
 30
0.0
 10
272.5430230555555
 20
306.4301155555555
 30
0.0
 10
274.6081841666667
 20
305.579921111111
 30
0.0
 10
275.3592480555556
 20
303.7835766666666
 30
0.0
 10
275.8111563888889
 20
302.7012544444444
 30
0.0
 10
279.2803730555556
 20
301.0206211111111
 30
0.0
 10
283.0042952777778
 20
299.5805822222222
 30
0.0
 10
286.3038258333333
 20
298.304585
 30
0.0
 10
289.8160813888889
 20
297.1975683333333
 30
0.0
 10
291.3407869444445
 20
297.2857627777777
 30
0.0
 10
293.3244563888888
 20
297.5528155555555
 30
0.0
 10
295.3208258333333
 20
296.4747266666666
 30
0.0
 10
296.1283341666667
 20
294.5418572222222
 30
0.0
 10
296.6098758333333
 20
293.3900377777778
 30
0.0
 10
296.5795369444444
 20
292.1454377777777
 30
0.0
 10
296.1396230555555
 20
291.0747572222222
 30
0.0
 10
295.4947452777778
 20
289.5017211111111
 30
0.0
 10
299.8667202777778
 20
278.5945377777778
 30
0.0
 10
301.6616536111111
 20
277.8579377777777
 30
0.0
 10
302.7312758333333
 20
277.4190822222222
 30
0.0
 10
303.6382675
 20
276.5667711111111
 30
0.0
 10
304.1198091666666
 20
275.4145988888889
 30
0.0
 10
304.9283758333333
 20
273.4813766666666
 30
0.0
 10
304.2961980555555
 20
271.3061488888889
 30
0.0
 10
302.7132841666667
 20
270.0816572222222
 30
0.0
 10
299.5601563888889
 20
267.6100961111111
 30
0.0
 10
290.5569147222222
 20
264.7603572222222
 30
0.0
 10
289.0657230555556
 20
255.3662377777777
 30
0.0
 10
288.9620063888889
 20
253.7050072222222
 30
0.0
 10
287.8772147222222
 20
251.7456794444444
 30
0.0
 10
285.5933313888889
 20
251.8882016666666
 30
0.0
 10
285.5414730555555
 20
251.8910238888889
 30
0.0
 10
285.1625897222222
 20
253.035435
 30
0.0
 10
285.2493730555556
 20
254.4155016666666
 30
0.0
 10
285.3343925
 20
255.7948627777778
 30
0.0
 10
285.4317591666667
 20
256.5667405555556
 30
0.0
 10
285.4522202777778
 20
256.908935
 30
0.0
 10
285.4938480555556
 20
257.5736859259259
 30
0.0
 10
285.5354758333334
 20
258.2384368518519
 30
0.0
 10
285.5771036111111
 20
258.9031877777778
 30
0.0
 10
284.5796832407407
 20
258.9651590740741
 30
0.0
 10
283.5822628703704
 20
259.0271303703703
 30
0.0
 10
282.5848425
 20
259.0891016666666
 30
0.0
 10
282.5434499074074
 20
258.4242331481482
 30
0.0
 10
282.5020573148149
 20
257.7593646296296
 30
0.0
 10
282.4606647222222
 20
257.0944961111111
 30
0.0
 10
282.4394980555555
 20
256.7526544444444
 30
0.0
 10
282.4402036111111
 20
255.9740738888889
 30
0.0
 10
282.3537730555556
 20
254.5940072222222
 30
0.0
 10
282.2684008333333
 20
253.2146461111111
 30
0.0
 10
281.7540508333333
 20
252.1259738888888
 30
0.0
 10
281.6979591666666
 20
252.1302072222222
 30
0.0
 10
279.4147813888889
 20
252.2713183333333
 30
0.0
 10
276.8028147222222
 20
254.46101
 30
0.0
 10
276.9072369444444
 20
256.1222405555555
 30
0.0
 10
278.3966647222222
 20
265.5177711111111
 30
0.0
 10
287.3244119444444
 20
267.1821766666666
 30
0.0
 10
290.4775397222222
 20
269.6537377777777
 30
0.0
  0
SPLINE
  5
A1
330
1F
100
AcDbEntity
  8
DEFAULT
 62
     1
100
AcDbSpline
210
0.0
220
0.0
230
1.0
 70
     8
 71
     3
 72
    11
 73
     7
 74
     0
 42
0.000000001
 43
0.0000000001
 40
0.0
 40
0.0
 40
0.0
 40
0.0
 40
1.0
 40
1.0
 40
1.0
 40
2.0
 40
2.0
 40
2.0
 40
2.0
 10
267.4002286111111
 20
274.1427997222222
 30
0.0
 10
266.5630869444444
 20
276.1444608333333
 30
0.0
 10
267.0195813888889
 20
281.5035080555555
 30
0.0
 10
263.7094675
 20
289.4219580555555
 30
0.0
 10
262.5170786111111
 20
292.2731080555556
 30
0.0
 10
260.4963675
 20
290.6214025
 30
0.0
 10
259.3847647222222
 20
293.2788775
 30
0.0
  0
SPLINE
  5
A2
330
1F
100
AcDbEntity
  8
DEFAULT
 62
     1
100
AcDbSpline
210
0.0
220
0.0
230
1.0
 70
     8
 71
     3
 72
    11
 73
     7
 74
     0
 42
0.000000001
 43
0.0000000001
 40
0.0
 40
0.0
 40
0.0
 40
0.0
 40
1.0
 40
1.0
 40
1.0
 40
2.0
 40
2.0
 40
2.0
 40
2.0
 10
291.8838177777778
 20
274.9868558333333
 30
0.0
 10
291.0466761111111
 20
276.9892225
 30
0.0
 10
291.4999955555555
 20
282.3517975
 30
0.0
 10
288.1898816666666
 20
290.2691891666666
 30
0.0
 10
286.9978455555555
 20
293.1210447222222
 30
0.0
 10
284.9972427777778
 20
291.4605197222222
 30
0.0
 10
283.8863455555555
 20
294.1179947222222
 30
0.0
  0
SPLINE
  5
A3
330
1F
100
AcDbEntity
  8
DEFAULT
 62
     1
100
AcDbSpline
210
0.0
220
0.0
230
1.0
 70
     8
 71
     3
 72
    11
 73
     7
 74
     0
 42
0.000000001
 43
0.0000000001
 40
0.0
 40
0.0
 40
0.0
 40
0.0
 40
1.0
 40
1.0
 40
1.0
 40
2.0
 40
2.0
 40
2.0
 40
2.0
 10
279.636855
 20
274.5700136111111
 30
0.0
 10
278.8007716666666
 20
276.5723802777778
 30
0.0
 10
279.2607938888888
 20
281.9261358333333
 30
0.0
 10
275.95068
 20
289.8442330555555
 30
0.0
 10
274.7589966666666
 20
292.6953830555556
 30
0.0
 10
272.7531022222221
 20
291.0397969444444
 30
0.0
 10
271.6432633333333
 20
293.6965663888889
 30
0.0
  0
SPLINE
  5
A4
330
1F
100
AcDbEntity
  8
DEFAULT
 62
     1
100
AcDbSpline
210
0.0
220
0.0
230
1.0
 70
     8
 71
     3
 72
    38
 73
    34
 74
     0
 42
0.000000001
 43
0.0000000001
 40
0.0
 40
0.0
 40
0.0
 40
0.0
 40
1.0
 40
1.0
 40
1.0
 40
2.0
 40
2.0
 40
2.0
 40
3.0
 40
3.0
 40
3.0
 40
4.0
 40
4.0
 40
4.0
 40
9.668010321091526
 40
9.668010321091526
 40
9.668010321091526
 40
18.16531701203775
 40
18.16531701203775
 40
18.16531701203775
 40
23.83309294268285
 40
23.83309294268285
 40
23.83309294268285
 40
24.83309294268285
 40
24.83309294268285
 40
24.83309294268285
 40
25.83309294268285
 40
25.83309294268285
 40
25.83309294268285
 40
26.83309294268285
 40
26.83309294268285
 40
26.83309294268285
 40
27.83309294268285
 40
27.83309294268285
 40
27.83309294268285
 40
27.83309294268285
 10
265.9939152777778
 20
268.8091172222222
 30
0.0
 10
262.8404347222222
 20
266.3375561111111
 30
0.0
 10
253.5577930555555
 20
265.8009811111111
 30
0.0
 10
252.0666013888889
 20
256.4054505555555
 30
0.0
 10
251.6767819444445
 20
254.7876116666667
 30
0.0
 10
254.0079375
 20
252.3139338888889
 30
0.0
 10
256.2325541666667
 20
251.7773588888889
 30
0.0
 10
256.2875875
 20
251.7636005555555
 30
0.0
 10
256.9811486111111
 20
252.7467922222222
 30
0.0
 10
257.3057041666667
 20
254.0908755555555
 30
0.0
 10
257.6306125
 20
255.4360172222222
 30
0.0
 10
257.7646680555555
 20
256.201545
 30
0.0
 10
257.8447486111111
 20
256.5342144444444
 30
0.0
 10
258.0010291666667
 20
257.1821496296296
 30
0.0
 10
258.1573097222222
 20
257.8300848148148
 30
0.0
 10
258.3135902777778
 20
258.47802
 30
0.0
 10
259.2850226851852
 20
258.2440107407407
 30
0.0
 10
260.2564550925926
 20
258.0100014814814
 30
0.0
 10
261.2278875
 20
257.7759922222222
 30
0.0
 10
261.071724537037
 20
257.128057037037
 30
0.0
 10
260.9155615740741
 20
256.4801218518518
 30
0.0
 10
260.7593986111111
 20
255.8321866666667
 30
0.0
 10
260.6796708333333
 20
255.4988116666667
 30
0.0
 10
260.4500125
 20
254.7551561111111
 30
0.0
 10
260.1261625
 20
253.4117783333333
 30
0.0
 10
259.8030180555555
 20
252.0680477777778
 30
0.0
 10
259.9765847222222
 20
250.8746005555556
 30
0.0
 10
260.0280902777778
 20
250.8622533333333
 30
0.0
 10
262.2527069444444
 20
250.3253255555555
 30
0.0
 10
264.3676097222222
 20
251.2012727777777
 30
0.0
 10
264.7598986111111
 20
252.8198172222222
 30
0.0
 10
264.9669791666666
 20
253.5913422222222
 30
0.0
 10
264.2631875
 20
255.0031588888889
 30
0.0
 10
264.4628597222222
 20
256.2565783333333
 30
0.0
  0
SPLINE
  5
A5
330
1F
100
AcDbEntity
  8
DEFAULT
 62
     1
100
AcDbSpline
210
0.0
220
0.0
230
1.0
 70
     8
 71
     3
 72
    38
 73
    34
 74
     0
 42
0.000000001
 43
0.0000000001
 40
0.0
 40
0.0
 40
0.0
 40
0.0
 40
1.0
 40
1.0
 40
1.0
 40
2.0
 40
2.0
 40
2.0
 40
3.0
 40
3.0
 40
3.0
 40
4.0
 40
4.0
 40
4.0
 40
9.664924359600903
 40
9.664924359600903
 40
9.664924359600903
 40
18.16512906301841
 40
18.16512906301841
 40
18.16512906301841
 40
23.83529528633143
 40
23.83529528633143
 40
23.83529528633143
 40
24.83529528633143
 40
24.83529528633143
 40
24.83529528633143
 40
25.83529528633143
 40
25.83529528633143
 40
25.83529528633143
 40
26.83529528633143
 40
26.83529528633143
 40
26.83529528633143
 40
27.83529528633143
 40
27.83529528633143
 40
27.83529528633143
 40
27.83529528633143
 10
278.2305769444444
 20
269.2383772222222
 30
0.0
 10
275.0778019444444
 20
266.7661105555555
 30
0.0
 10
265.9532047222222
 20
265.6520383333333
 30
0.0
 10
264.4630713888889
 20
256.2565077777778
 30
0.0
 10
264.2147158333333
 20
254.6104466666666
 30
0.0
 10
266.6926269444444
 20
252.2725883333333
 30
0.0
 10
268.9553436111111
 20
251.9314522222222
 30
0.0
 10
269.0110825
 20
251.9226327777777
 30
0.0
 10
269.6171547222222
 20
252.9622688888888
 30
0.0
 10
269.8231769444444
 20
254.3299883333333
 30
0.0
 10
270.0291991666666
 20
255.6970022222222
 30
0.0
 10
270.0965797222222
 20
256.4717022222222
 30
0.0
 10
270.1473797222222
 20
256.8110744444444
 30
0.0
 10
270.2463926851851
 20
257.4698281481481
 30
0.0
 10
270.3454056481481
 20
258.1285818518518
 30
0.0
 10
270.4444186111111
 20
258.7873355555555
 30
0.0
 10
271.4329019444444
 20
258.6389337037037
 30
0.0
 10
272.4213852777778
 20
258.4905318518518
 30
0.0
 10
273.4098686111111
 20
258.3421299999999
 30
0.0
 10
273.310620462963
 20
257.6827883333333
 30
0.0
 10
273.2113723148148
 20
257.0234466666666
 30
0.0
 10
273.1121241666667
 20
256.3641049999999
 30
0.0
 10
273.0620297222222
 20
256.0257911111111
 30
0.0
 10
272.8979880555556
 20
255.2659077777778
 30
0.0
 10
272.6919658333333
 20
253.8981883333333
 30
0.0
 10
272.4859436111111
 20
252.53188
 30
0.0
 10
272.7635797222222
 20
251.3574827777777
 30
0.0
 10
272.8161436111111
 20
251.3500744444444
 30
0.0
 10
275.0785075
 20
251.0103494444444
 30
0.0
 10
277.1098019444444
 20
252.0658605555555
 30
0.0
 10
277.3581575
 20
253.7133327777777
 30
0.0
 10
277.4276547222222
 20
254.4996744444444
 30
0.0
 10
276.7838352777778
 20
255.3138855555555
 30
0.0
 10
276.9073075
 20
256.1220994444444
 30
0.0
  0
POLYLINE
  5
A6
330
1F
100
AcDbEntity
  8
DEFAULT
 62
     7
100
AcDb2dPolyline
 66
     1
 10
0.0
 20
0.0
 30
0.0
  0
VERTEX
  5
A7
330
A6
100
AcDbEntity
  8
DEFAULT
 62
     7
100
AcDbVertex
100
AcDb2dVertex
 10
249.7833883333332
 20
233.6791180555555
 30
0.0
  0
VERTEX
  5
A8
330
A6
100
AcDbEntity
  8
DEFAULT
 62
     7
100
AcDbVertex
100
AcDb2dVertex
 10
247.7143466666666
 20
232.984498611111
 30
0.0
  0
SEQEND
  5
A9
330
A6
100
AcDbEntity
  8
DEFAULT
 62
     7
  0
POLYLINE
  5
AA
330
1F
100
AcDbEntity
  8
DEFAULT
 62
     7
100
AcDb2dPolyline
 66
     1
 10
0.0
 20
0.0
 30
0.0
  0
VERTEX
  5
AB
330
AA
100
AcDbEntity
  8
DEFAULT
 62
     7
100
AcDbVertex
100
AcDb2dVertex
 10
249.1935791666667
 20
235.4382091666667
 30
0.0
  0
VERTEX
  5
AC
330
AA
100
AcDbEntity
  8
DEFAULT
 62
     7
100
AcDbVertex
100
AcDb2dVertex
 10
247.3344402777778
 20
234.1167036111111
 30
0.0
  0
VERTEX
  5
AD
330
AA
100
AcDbEntity
  8
DEFAULT
 62
     7
100
AcDbVertex
100
AcDb2dVertex
 10
249.6013902777777
 20
234.2221841666667
 30
0.0
  0
SEQEND
  5
AE
330
AA
100
AcDbEntity
  8
DEFAULT
 62
     7
  0
POLYLINE
  5
AF
330
1F
100
AcDbEntity
  8
DEFAULT
 62
     7
100
AcDb2dPolyline
 66
     1
 10
0.0
 20
0.0
 30
0.0
  0
VERTEX
  5
B0
330
AF
100
AcDbEntity
  8
DEFAULT
 62
     7
100
AcDbVertex
100
AcDb2dVertex
 10
261.2968908333333
 20
234.5996563888889
 30
0.0
  0
VERTEX
  5
B1
330
AF
100
AcDbEntity
  8
DEFAULT
 62
     7
100
AcDbVertex
100
AcDb2dVertex
 10
259.1745797222222
 20
234.0884813888889
 30
0.0
  0
SEQEND
  5
B2
330
AF
100
AcDbEntity
  8
DEFAULT
 62
     7
  0
POLYLINE
  5
B3
330
1F
100
AcDbEntity
  8
DEFAULT
 62
     7
100
AcDb2dPolyline
 66
     1
 10
0.0
 20
0.0
 30
0.0
  0
VERTEX
  5
B4
330
B3
100
AcDbEntity
  8
DEFAULT
 62
     7
100
AcDbVertex
100
AcDb2dVertex
 10
261.4519013888889
 20
233.9567894444444
 30
0.0
  0
VERTEX
  5
B5
330
B3
100
AcDbEntity
  8
DEFAULT
 62
     7
100
AcDbVertex
100
AcDb2dVertex
 10
259.3295902777778
 20
233.4456144444445
 30
0.0
  0
SEQEND
  5
B6
330
B3
100
AcDbEntity
  8
DEFAULT
 62
     7
  0
POLYLINE
  5
B7
330
1F
100
AcDbEntity
  8
DEFAULT
 62
     7
100
AcDb2dPolyline
 66
     1
 10
0.0
 20
0.0
 30
0.0
  0
VERTEX
  5
B8
330
B7
100
AcDbEntity
  8
DEFAULT
 62
     7
100
AcDbVertex
100
AcDb2dVertex
 10
261.6069472222222
 20
233.3132522222222
 30
0.0
  0
VERTEX
  5
B9
330
B7
100
AcDbEntity
  8
DEFAULT
 62
     7
100
AcDbVertex
100
AcDb2dVertex
 10
259.4846361111111
 20
232.8020772222222
 30
0.0
  0
SEQEND
  5
BA
330
B7
100
AcDbEntity
  8
DEFAULT
 62
     7
  0
POLYLINE
  5
BB
330
1F
100
AcDbEntity
  8
DEFAULT
 62
     7
100
AcDb2dPolyline
 66
     1
 10
0.0
 20
0.0
 30
0.0
  0
VERTEX
  5
BC
330
BB
100
AcDbEntity
  8
DEFAULT
 62
     7
100
AcDbVertex
100
AcDb2dVertex
 10
273.3009661111111
 20
234.0353530555555
 30
0.0
  0
VERTEX
  5
BD
330
BB
100
AcDbEntity
  8
DEFAULT
 62
     7
100
AcDbVertex
100
AcDb2dVertex
 10
271.1423188888888
 20
233.7107975
 30
0.0
  0
SEQEND
  5
BE
330
BB
100
AcDbEntity
  8
DEFAULT
 62
     7
  0
POLYLINE
  5
BF
330
1F
100
AcDbEntity
  8
DEFAULT
 62
     7
100
AcDb2dPolyline
 66
     1
 10
0.0
 20
0.0
 30
0.0
  0
VERTEX
  5
C0
330
BF
100
AcDbEntity
  8
DEFAULT
 62
     7
100
AcDbVertex
100
AcDb2dVertex
 10
273.4973575
 20
232.7269002777778
 30
0.0
  0
VERTEX
  5
C1
330
BF
100
AcDbEntity
  8
DEFAULT
 62
     7
100
AcDbVertex
100
AcDb2dVertex
 10
271.3387102777777
 20
232.4023447222222
 30
0.0
  0
SEQEND
  5
C2
330
BF
100
AcDbEntity
  8
DEFAULT
 62
     7
  0
POLYLINE
  5
C3
330
1F
100
AcDbEntity
  8
DEFAULT
 62
     7
100
AcDb2dPolyline
 66
     1
 10
0.0
 20
0.0
 30
0.0
  0
VERTEX
  5
C4
330
C3
100
AcDbEntity
  8
DEFAULT
 62
     7
100
AcDbVertex
100
AcDb2dVertex
 10
285.3353802777778
 20
232.8309344444444
 30
0.0
  0
VERTEX
  5
C5
330
C3
100
AcDbEntity
  8
DEFAULT
 62
     7
100
AcDbVertex
100
AcDb2dVertex
 10
283.1566247222222
 20
232.6958205555555
 30
0.0
  0
SEQEND
  5
C6
330
C3
100
AcDbEntity
  8
DEFAULT
 62
     7
  0
SPLINE
  5
C7
330
1F
100
AcDbEntity
  8
DEFAULT
 62
     1
100
AcDbSpline
210
0.0
220
0.0
230
1.0
 70
     8
 71
     3
 72
    83
 73
    79
 74
     0
 42
0.000000001
 43
0.0000000001
 40
0.0
 40
0.0
 40
0.0
 40
0.0
 40
1.0
 40
1.0
 40
1.0
 40
2.0
 40
2.0
 40
2.0
 40
3.0
 40
3.0
 40
3.0
 40
4.0
 40
4.0
 40
4.0
 40
9.665867718187542
 40
9.665867718187542
 40
9.665867718187542
 40
18.16324054748009
 40
18.16324054748009
 40
18.16324054748009
 40
23.82816861410198
 40
23.82816861410198
 40
23.82816861410198
 40
24.82816861410198
 40
24.82816861410198
 40
24.82816861410198
 40
25.82816861410198
 40
25.82816861410198
 40
25.82816861410198
 40
26.82816861410198
 40
26.82816861410198
 40
26.82816861410198
 40
27.82816861410198
 40
27.82816861410198
 40
27.82816861410198
 40
28.82816861410198
 40
28.82816861410198
 40
28.82816861410198
 40
29.82816861410198
 40
29.82816861410198
 40
29.82816861410198
 40
30.82816861410198
 40
30.82816861410198
 40
30.82816861410198
 40
31.82816861410198
 40
31.82816861410198
 40
31.82816861410198
 40
32.82816861410198
 40
32.82816861410198
 40
32.82816861410198
 40
33.82816861410198
 40
33.82816861410198
 40
33.82816861410198
 40
34.82816861410198
 40
34.82816861410198
 40
34.82816861410198
 40
35.82816861410198
 40
35.82816861410198
 40
35.82816861410198
 40
36.82816861410198
 40
36.82816861410198
 40
36.82816861410198
 40
37.82816861410198
 40
37.82816861410198
 40
37.82816861410198
 40
38.82816861410198
 40
38.82816861410198
 40
38.82816861410198
 40
39.82816861410198
 40
39.82816861410198
 40
39.82816861410198
 40
40.82816861410198
 40
40.82816861410198
 40
40.82816861410198
 40
41.82816861410198
 40
41.82816861410198
 40
41.82816861410198
 40
42.82816861410198
 40
42.82816861410198
 40
42.82816861410198
 40
42.82816861410198
 10
252.0667777777778
 20
237.9916852777778
 30
0.0
 10
251.5167972222222
 20
239.9139713888889
 30
0.0
 10
252.4541277777777
 20
241.5565047222222
 30
0.0
 10
252.1179305555555
 20
242.4391547222222
 30
0.0
 10
251.5880583333333
 20
244.0171297222222
 30
0.0
 10
249.4036583333333
 20
244.7039880555556
 30
0.0
 10
247.234075
 20
243.9751491666667
 30
0.0
 10
247.1850388888889
 20
243.9585686111111
 30
0.0
 10
247.1141305555555
 20
242.7555963888889
 30
0.0
 10
247.5551027777778
 20
241.4443213888889
 30
0.0
 10
247.9946638888889
 20
240.1330463888889
 30
0.0
 10
248.288175
 20
239.4130269444444
 30
0.0
 10
248.3964777777778
 20
239.0884713888889
 30
0.0
 10
248.6086148148148
 20
238.4568815740741
 30
0.0
 10
248.8207518518518
 20
237.8252917592593
 30
0.0
 10
249.0328888888889
 20
237.1937019444445
 30
0.0
 10
248.085562962963
 20
236.8758491666667
 30
0.0
 10
247.138237037037
 20
236.5579963888889
 30
0.0
 10
246.1909111111111
 20
236.2401436111111
 30
0.0
 10
245.9784212962963
 20
236.8714982407407
 30
0.0
 10
245.7659314814815
 20
237.5028528703704
 30
0.0
 10
245.5534416666667
 20
238.1342075
 30
0.0
 10
245.4451388888889
 20
238.4601741666667
 30
0.0
 10
245.2447611111111
 20
239.2105325
 30
0.0
 10
244.8044944444444
 20
240.5218075
 30
0.0
 10
244.3649333333333
 20
241.8330825
 30
0.0
 10
243.5863527777778
 20
242.7506575
 30
0.0
 10
243.5327305555555
 20
242.7323130555556
 30
0.0
 10
241.3649111111111
 20
242.0031213888889
 30
0.0
 10
239.3240916666666
 20
239.4461880555556
 30
0.0
 10
239.7202611111111
 20
237.8297602777778
 30
0.0
 10
241.9872111111111
 20
228.5915686111111
 30
0.0
 10
250.4006083333333
 20
228.5629936111111
 30
0.0
 10
253.5537361111111
 20
226.0917852777778
 30
0.0
 10
255.1370027777778
 20
224.8672936111111
 30
0.0
 10
255.7681222222222
 20
222.6920658333333
 30
0.0
 10
254.9599083333333
 20
220.7584908333333
 30
0.0
 10
254.1227666666666
 20
218.7564769444444
 30
0.0
 10
254.5796138888889
 20
213.3970769444444
 30
0.0
 10
251.2695
 20
205.4796852777778
 30
0.0
 10
250.0774638888888
 20
202.6278297222222
 30
0.0
 10
248.0560472222222
 20
204.2788297222222
 30
0.0
 10
246.94515
 20
201.6210019444445
 30
0.0
 10
246.1376416666666
 20
199.6884852777778
 30
0.0
 10
244.1416249999999
 20
198.6100436111111
 30
0.0
 10
242.1579555555555
 20
198.8774491666667
 30
0.0
 10
240.63325
 20
198.9656436111111
 30
0.0
 10
237.1164083333333
 20
197.8501602777778
 30
0.0
 10
233.8168777777778
 20
196.5748686111111
 30
0.0
 10
232.9815
 20
196.2316158333333
 30
0.0
 10
232.5006638888889
 20
195.5006602777778
 30
0.0
 10
232.1253083333333
 20
194.6021352777778
 30
0.0
 10
231.3763611111111
 20
192.8008519444444
 30
0.0
 10
232.2230277777778
 20
190.7374547222222
 30
0.0
 10
234.0193722222222
 20
189.9870963888889
 30
0.0
 10
235.8188916666666
 20
189.2339158333333
 30
0.0
 10
237.8833472222222
 20
190.0841102777778
 30
0.0
 10
238.6351166666666
 20
191.8804547222222
 30
0.0
 10
239.0877305555555
 20
192.9620713888889
 30
0.0
 10
242.5329583333333
 20
194.6324741666667
 30
0.0
 10
246.2554694444444
 20
196.0718075
 30
0.0
 10
249.5560583333333
 20
197.3470991666667
 30
0.0
 10
253.0729
 20
198.4632880555556
 30
0.0
 10
254.5969
 20
198.3743880555555
 30
0.0
 10
256.5805694444444
 20
198.1069825
 30
0.0
 10
258.5772916666667
 20
199.1861297222222
 30
0.0
 10
259.3848
 20
201.1189991666667
 30
0.0
 10
259.8663416666666
 20
202.2715241666667
 30
0.0
 10
259.8367083333333
 20
203.5147130555555
 30
0.0
 10
259.3971472222222
 20
204.5853936111111
 30
0.0
 10
258.7515638888888
 20
206.1591352777778
 30
0.0
 10
263.1454111111111
 20
217.0758436111111
 30
0.0
 10
264.94105
 20
217.8117380555556
 30
0.0
 10
266.011025
 20
218.2520047222222
 30
0.0
 10
266.9187222222222
 20
219.1029047222222
 30
0.0
 10
267.4002638888888
 20
220.2550769444444
 30
0.0
 10
268.2091833333333
 20
222.1890047222222
 30
0.0
 10
267.5773583333333
 20
224.3642325
 30
0.0
 10
265.9940916666666
 20
225.5887241666667
 30
0.0
  0
SPLINE
  5
C8
330
1F
100
AcDbEntity
  8
DEFAULT
 62
     1
100
AcDbSpline
210
0.0
220
0.0
230
1.0
 70
     8
 71
     3
 72
    35
 73
    31
 74
     0
 42
0.000000001
 43
0.0000000001
 40
0.0
 40
0.0
 40
0.0
 40
0.0
 40
1.0
 40
1.0
 40
1.0
 40
2.0
 40
2.0
 40
2.0
 40
3.0
 40
3.0
 40
3.0
 40
4.0
 40
4.0
 40
4.0
 40
5.0
 40
5.0
 40
5.0
 40
6.0
 40
6.0
 40
6.0
 40
7.0
 40
7.0
 40
7.0
 40
8.0
 40
8.0
 40
8.0
 40
9.0
 40
9.0
 40
9.0
 40
10.0
 40
10.0
 40
10.0
 40
10.0
 10
246.2804108333333
 20
196.0807327777777
 30
0.0
 10
245.4439747222222
 20
195.73748
 30
0.0
 10
244.7405358333333
 20
195.0767272222222
 30
0.0
 10
244.3641219444444
 20
194.1782022222222
 30
0.0
 10
243.6151747222222
 20
192.3765661111111
 30
0.0
 10
244.4621941666666
 20
190.3135216666666
 30
0.0
 10
246.2585386111111
 20
189.5624577777778
 30
0.0
 10
248.0580580555555
 20
188.8103355555555
 30
0.0
 10
250.1175747222222
 20
189.6548855555555
 30
0.0
 10
250.8686386111111
 20
191.4519355555555
 30
0.0
 10
251.3212525
 20
192.5342577777778
 30
0.0
 10
254.7897636111111
 20
194.2148911111111
 30
0.0
 10
258.5154497222222
 20
195.6542244444444
 30
0.0
 10
261.8135691666666
 20
196.9302216666667
 30
0.0
 10
265.3304108333333
 20
198.045705
 30
0.0
 10
266.8558219444444
 20
197.9575105555556
 30
0.0
 10
268.8387858333333
 20
197.690105
 30
0.0
 10
270.8351552777778
 20
198.7685466666667
 30
0.0
 10
271.6433691666666
 20
200.7014161111111
 30
0.0
 10
272.1249108333333
 20
201.8539411111111
 30
0.0
 10
272.0938663888889
 20
203.0978355555555
 30
0.0
 10
271.6543052777778
 20
204.1685161111111
 30
0.0
 10
271.0101330555556
 20
205.7422577777778
 30
0.0
 10
275.3916330555555
 20
216.6561438888888
 30
0.0
 10
277.1855080555555
 20
217.3934494444444
 30
0.0
 10
278.2572469444444
 20
217.8330105555555
 30
0.0
 10
279.1554191666667
 20
218.6750911111111
 30
0.0
 10
279.6373136111111
 20
219.8276161111111
 30
0.0
 10
280.4455275
 20
221.7611911111111
 30
0.0
 10
279.8151136111111
 20
223.9364188888889
 30
0.0
 10
278.2307886111111
 20
225.1594994444444
 30
0.0
  0
SPLINE
  5
C9
330
1F
100
AcDbEntity
  8
DEFAULT
 62
     1
100
AcDbSpline
210
0.0
220
0.0
230
1.0
 70
     8
 71
     3
 72
    35
 73
    31
 74
     0
 42
0.000000001
 43
0.0000000001
 40
0.0
 40
0.0
 40
0.0
 40
0.0
 40
1.0
 40
1.0
 40
1.0
 40
2.0
 40
2.0
 40
2.0
 40
3.0
 40
3.0
 40
3.0
 40
4.0
 40
4.0
 40
4.0
 40
5.0
 40
5.0
 40
5.0
 40
6.0
 40
6.0
 40
6.0
 40
7.0
 40
7.0
 40
7.0
 40
8.0
 40
8.0
 40
8.0
 40
9.0
 40
9.0
 40
9.0
 40
10.0
 40
10.0
 40
10.0
 40
10.0
 10
258.5153086111111
 20
195.6542244444444
 30
0.0
 10
257.6781669444444
 20
195.3116772222222
 30
0.0
 10
256.9821363888889
 20
194.6558633333333
 30
0.0
 10
256.6074863888888
 20
193.7573383333333
 30
0.0
 10
255.8585391666667
 20
191.9557022222222
 30
0.0
 10
256.7045002777778
 20
189.8926577777778
 30
0.0
 10
258.5022558333333
 20
189.1408883333334
 30
0.0
 10
260.3017752777777
 20
188.3891188888889
 30
0.0
 10
262.3662308333334
 20
189.2386077777778
 30
0.0
 10
263.1172947222222
 20
191.0356577777778
 30
0.0
 10
263.5699086111111
 20
192.1176272222222
 30
0.0
 10
267.0398308333333
 20
193.7986133333333
 30
0.0
 10
270.7634002777778
 20
195.2386522222222
 30
0.0
 10
274.0622252777778
 20
196.5142966666667
 30
0.0
 10
277.5734225
 20
197.6241355555555
 30
0.0
 10
279.0984808333333
 20
197.5359411111111
 30
0.0
 10
281.0821502777778
 20
197.2685355555556
 30
0.0
 10
283.0781669444444
 20
198.3469772222222
 30
0.0
 10
283.8863808333333
 20
200.2794938888889
 30
0.0
 10
284.3679225
 20
201.4316661111111
 30
0.0
 10
284.3368780555555
 20
202.6752077777778
 30
0.0
 10
283.8973169444444
 20
203.7465938888889
 30
0.0
 10
283.2524391666666
 20
205.3203355555555
 30
0.0
 10
287.6297058333333
 20
216.2303411111111
 30
0.0
 10
289.4246391666666
 20
216.9669411111111
 30
0.0
 10
290.4953197222222
 20
217.4065022222222
 30
0.0
 10
291.4023113888888
 20
218.2588133333333
 30
0.0
 10
291.8838530555555
 20
219.4109855555555
 30
0.0
 10
292.6920669444444
 20
221.3442077777778
 30
0.0
 10
292.0609475
 20
223.5194355555556
 30
0.0
 10
290.4776808333333
 20
224.7439272222222
 30
0.0
  0
SPLINE
  5
CA
330
1F
100
AcDbEntity
  8
DEFAULT
 62
     1
100
AcDbSpline
210
0.0
220
0.0
230
1.0
 70
     8
 71
     3
 72
    68
 73
    64
 74
     0
 42
0.000000001
 43
0.0000000001
 40
0.0
 40
0.0
 40
0.0
 40
0.0
 40
1.0
 40
1.0
 40
1.0
 40
2.0
 40
2.0
 40
2.0
 40
3.0
 40
3.0
 40
3.0
 40
4.0
 40
4.0
 40
4.0
 40
5.0
 40
5.0
 40
5.0
 40
6.0
 40
6.0
 40
6.0
 40
7.0
 40
7.0
 40
7.0
 40
8.0
 40
8.0
 40
8.0
 40
9.0
 40
9.0
 40
9.0
 40
10.0
 40
10.0
 40
10.0
 40
11.0
 40
11.0
 40
11.0
 40
12.0
 40
12.0
 40
12.0
 40
13.0
 40
13.0
 40
13.0
 40
14.0
 40
14.0
 40
14.0
 40
19.66401076976379
 40
19.66401076976379
 40
19.66401076976379
 40
28.16236666958343
 40
28.16236666958343
 40
28.16236666958343
 40
33.82731327127351
 40
33.82731327127351
 40
33.82731327127351
 40
34.82731327127351
 40
34.82731327127351
 40
34.82731327127351
 40
35.82731327127351
 40
35.82731327127351
 40
35.82731327127351
 40
36.82731327127351
 40
36.82731327127351
 40
36.82731327127351
 40
37.82731327127351
 40
37.82731327127351
 40
37.82731327127351
 40
37.82731327127351
 10
270.7653758333333
 20
195.2380525
 30
0.0
 10
269.9296452777778
 20
194.8955052777778
 30
0.0
 10
269.2247952777778
 20
194.2340469444444
 30
0.0
 10
268.8490869444444
 20
193.3355219444444
 30
0.0
 10
268.0994341666666
 20
191.5345913888889
 30
0.0
 10
268.9471591666667
 20
189.4715469444444
 30
0.0
 10
270.7435036111111
 20
188.7197775
 30
0.0
 10
272.5430230555555
 20
187.9669497222222
 30
0.0
 10
274.6081841666667
 20
188.8178497222222
 30
0.0
 10
275.3588952777777
 20
190.6141941666667
 30
0.0
 10
275.8111563888889
 20
191.6965163888889
 30
0.0
 10
279.2803730555556
 20
193.3771497222222
 30
0.0
 10
283.0042952777778
 20
194.8171886111111
 30
0.0
 10
286.3041786111111
 20
196.0931858333333
 30
0.0
 10
289.8160813888888
 20
197.2002025
 30
0.0
 10
291.3407869444444
 20
197.1120080555555
 30
0.0
 10
293.3244563888888
 20
196.8449552777778
 30
0.0
 10
295.3204730555556
 20
197.9230441666666
 30
0.0
 10
296.1283341666667
 20
199.8559136111111
 30
0.0
 10
296.6098758333333
 20
201.0077330555555
 30
0.0
 10
296.5795369444444
 20
202.2523330555555
 30
0.0
 10
296.1399758333333
 20
203.3230136111111
 30
0.0
 10
295.4950980555556
 20
204.8960497222222
 30
0.0
 10
299.8667202777777
 20
215.8025275
 30
0.0
 10
301.6616536111111
 20
216.5391275
 30
0.0
 10
302.7316286111111
 20
216.9786886111111
 30
0.0
 10
303.6386202777778
 20
217.8309997222222
 30
0.0
 10
304.1201619444444
 20
218.9831719444444
 30
0.0
 10
304.9283758333333
 20
220.9163941666666
 30
0.0
 10
304.2965508333333
 20
223.0916219444444
 30
0.0
 10
302.7132841666667
 20
224.3161136111111
 30
0.0
 10
299.5601563888889
 20
226.7876747222222
 30
0.0
 10
290.5569147222222
 20
229.6374136111111
 30
0.0
 10
289.0657230555556
 20
239.0308275
 30
0.0
 10
288.9623591666667
 20
240.6920580555555
 30
0.0
 10
287.8772147222222
 20
242.6513858333333
 30
0.0
 10
285.5936841666667
 20
242.5088636111111
 30
0.0
 10
285.5414730555555
 20
242.5060413888889
 30
0.0
 10
285.1625897222222
 20
241.3616302777778
 30
0.0
 10
285.2493730555556
 20
239.9815636111111
 30
0.0
 10
285.3347452777778
 20
238.6022025
 30
0.0
 10
285.4317591666666
 20
237.8310302777778
 30
0.0
 10
285.4525730555555
 20
237.4888358333333
 30
0.0
 10
285.4940832407407
 20
236.8240849074074
 30
0.0
 10
285.5355934259259
 20
236.1593339814815
 30
0.0
 10
285.5771036111111
 20
235.4945830555555
 30
0.0
 10
284.5796832407407
 20
235.4326117592592
 30
0.0
 10
283.5822628703704
 20
235.3706404629629
 30
0.0
 10
282.5848425
 20
235.3086691666666
 30
0.0
 10
282.5434499074074
 20
235.9735376851852
 30
0.0
 10
282.5020573148149
 20
236.6384062037037
 30
0.0
 10
282.4606647222222
 20
237.3032747222222
 30
0.0
 10
282.4394980555555
 20
237.6451163888889
 30
0.0
 10
282.4402036111111
 20
238.4229913888889
 30
0.0
 10
282.3541258333333
 20
239.8030580555555
 30
0.0
 10
282.2684008333333
 20
241.1824191666666
 30
0.0
 10
281.7544036111111
 20
242.2710913888889
 30
0.0
 10
281.6979591666666
 20
242.2672108333333
 30
0.0
 10
279.4147813888889
 20
242.1257469444444
 30
0.0
 10
276.8031675
 20
239.9360552777777
 30
0.0
 10
276.9072369444444
 20
238.2748247222222
 30
0.0
 10
278.3970175
 20
228.8799997222222
 30
0.0
 10
287.3244119444444
 20
227.2155941666666
 30
0.0
 10
290.4775397222222
 20
224.7440330555555
 30
0.0
  0
SPLINE
  5
CB
330
1F
100
AcDbEntity
  8
DEFAULT
 62
     1
100
AcDbSpline
210
0.0
220
0.0
230
1.0
 70
     8
 71
     3
 72
    11
 73
     7
 74
     0
 42
0.000000001
 43
0.0000000001
 40
0.0
 40
0.0
 40
0.0
 40
0.0
 40
1.0
 40
1.0
 40
1.0
 40
2.0
 40
2.0
 40
2.0
 40
2.0
 10
267.4002286111111
 20
220.2549711111111
 30
0.0
 10
266.5630869444444
 20
218.25331
 30
0.0
 10
267.0199341666666
 20
212.8942627777778
 30
0.0
 10
263.7098202777777
 20
204.9758127777777
 30
0.0
 10
262.5170786111111
 20
202.1246627777777
 30
0.0
 10
260.4963675
 20
203.7763683333333
 30
0.0
 10
259.3847647222222
 20
201.1188933333333
 30
0.0
  0
SPLINE
  5
CC
330
1F
100
AcDbEntity
  8
DEFAULT
 62
     1
100
AcDbSpline
210
0.0
220
0.0
230
1.0
 70
     8
 71
     3
 72
    11
 73
     7
 74
     0
 42
0.000000001
 43
0.0000000001
 40
0.0
 40
0.0
 40
0.0
 40
0.0
 40
1.0
 40
1.0
 40
1.0
 40
2.0
 40
2.0
 40
2.0
 40
2.0
 10
291.8838177777778
 20
219.410915
 30
0.0
 10
291.0466761111111
 20
217.4085483333333
 30
0.0
 10
291.4999955555555
 20
212.0459733333333
 30
0.0
 10
288.1898816666666
 20
204.1285816666666
 30
0.0
 10
286.9978455555555
 20
201.2767261111111
 30
0.0
 10
284.9972427777778
 20
202.9372511111111
 30
0.0
 10
283.8863455555555
 20
200.2797761111111
 30
0.0
  0
SPLINE
  5
CD
330
1F
100
AcDbEntity
  8
DEFAULT
 62
     1
100
AcDbSpline
210
0.0
220
0.0
230
1.0
 70
     8
 71
     3
 72
    11
 73
     7
 74
     0
 42
0.000000001
 43
0.0000000001
 40
0.0
 40
0.0
 40
0.0
 40
0.0
 40
1.0
 40
1.0
 40
1.0
 40
2.0
 40
2.0
 40
2.0
 40
2.0
 10
279.6372077777777
 20
219.8277925
 30
0.0
 10
278.8007716666667
 20
217.8254258333333
 30
0.0
 10
279.2611466666667
 20
212.4716702777778
 30
0.0
 10
275.9510327777778
 20
204.5535730555555
 30
0.0
 10
274.7589966666667
 20
201.7024230555556
 30
0.0
 10
272.7531022222222
 20
203.3580091666666
 30
0.0
 10
271.6432633333333
 20
200.7012397222222
 30
0.0
  0
SPLINE
  5
CE
330
1F
100
AcDbEntity
  8
DEFAULT
 62
     1
100
AcDbSpline
210
0.0
220
0.0
230
1.0
 70
     8
 71
     3
 72
    38
 73
    34
 74
     0
 42
0.000000001
 43
0.0000000001
 40
0.0
 40
0.0
 40
0.0
 40
0.0
 40
1.0
 40
1.0
 40
1.0
 40
2.0
 40
2.0
 40
2.0
 40
3.0
 40
3.0
 40
3.0
 40
4.0
 40
4.0
 40
4.0
 40
9.666066095625833
 40
9.666066095625833
 40
9.666066095625833
 40
18.16337278657206
 40
18.16337278657206
 40
18.16337278657206
 40
23.82920441132057
 40
23.82920441132057
 40
23.82920441132057
 40
24.82920441132057
 40
24.82920441132057
 40
24.82920441132057
 40
25.82920441132057
 40
25.82920441132057
 40
25.82920441132057
 40
26.82920441132057
 40
26.82920441132057
 40
26.82920441132057
 40
27.82920441132057
 40
27.82920441132057
 40
27.82920441132057
 40
27.82920441132057
 10
265.9939152777778
 20
225.5886536111111
 30
0.0
 10
262.8404347222222
 20
228.0602147222222
 30
0.0
 10
253.5577930555555
 20
228.5967897222222
 30
0.0
 10
252.0666013888889
 20
237.9916147222222
 30
0.0
 10
251.6767819444445
 20
239.6094536111111
 30
0.0
 10
254.0082902777777
 20
242.0831313888889
 30
0.0
 10
256.2325541666667
 20
242.6197063888889
 30
0.0
 10
256.2875875
 20
242.6334647222222
 30
0.0
 10
256.9815013888889
 20
241.6502730555555
 30
0.0
 10
257.3060569444444
 20
240.3061897222222
 30
0.0
 10
257.6306125
 20
238.9610480555555
 30
0.0
 10
257.7643152777778
 20
238.1955202777777
 30
0.0
 10
257.8447486111111
 20
237.8628508333333
 30
0.0
 10
258.0010291666667
 20
237.2151508333333
 30
0.0
 10
258.1573097222222
 20
236.5674508333333
 30
0.0
 10
258.3135902777778
 20
235.9197508333333
 30
0.0
 10
259.2850226851852
 20
236.1537600925925
 30
0.0
 10
260.2564550925926
 20
236.3877693518518
 30
0.0
 10
261.2278875
 20
236.6217786111111
 30
0.0
 10
261.071724537037
 20
237.2694786111111
 30
0.0
 10
260.9155615740741
 20
237.9171786111111
 30
0.0
 10
260.7593986111111
 20
238.5648786111111
 30
0.0
 10
260.6796708333333
 20
238.8986063888889
 30
0.0
 10
260.4500125
 20
239.6419091666666
 30
0.0
 10
260.1261625
 20
240.9856397222222
 30
0.0
 10
259.8030180555555
 20
242.3290175
 30
0.0
 10
259.9765847222222
 20
243.5224647222222
 30
0.0
 10
260.0277375
 20
243.5348119444444
 30
0.0
 10
262.2527069444444
 20
244.0717397222222
 30
0.0
 10
264.3679625
 20
243.1957925
 30
0.0
 10
264.7598986111111
 20
241.5772480555555
 30
0.0
 10
264.9666263888889
 20
240.8057230555555
 30
0.0
 10
264.2631875
 20
239.3939063888889
 30
0.0
 10
264.4628597222222
 20
238.1404869444444
 30
0.0
  0
SPLINE
  5
CF
330
1F
100
AcDbEntity
  8
DEFAULT
 62
     1
100
AcDbSpline
210
0.0
220
0.0
230
1.0
 70
     8
 71
     3
 72
    38
 73
    34
 74
     0
 42
0.000000001
 43
0.0000000001
 40
0.0
 40
0.0
 40
0.0
 40
0.0
 40
1.0
 40
1.0
 40
1.0
 40
2.0
 40
2.0
 40
2.0
 40
3.0
 40
3.0
 40
3.0
 40
4.0
 40
4.0
 40
4.0
 40
9.664924359600903
 40
9.664924359600903
 40
9.664924359600903
 40
18.16512906301828
 40
18.16512906301828
 40
18.16512906301828
 40
23.83331757435064
 40
23.83331757435064
 40
23.83331757435064
 40
24.83331757435064
 40
24.83331757435064
 40
24.83331757435064
 40
25.83331757435064
 40
25.83331757435064
 40
25.83331757435064
 40
26.83331757435064
 40
26.83331757435064
 40
26.83331757435064
 40
27.83331757435064
 40
27.83331757435064
 40
27.83331757435064
 40
27.83331757435064
 10
278.2308944444445
 20
225.1593936111111
 30
0.0
 10
275.0777666666667
 20
227.6316602777778
 30
0.0
 10
265.9531694444444
 20
228.7457325
 30
0.0
 10
264.4630361111111
 20
238.1405575
 30
0.0
 10
264.2150333333333
 20
239.7866186111111
 30
0.0
 10
266.6925916666667
 20
242.1244769444444
 30
0.0
 10
268.9553083333333
 20
242.4656130555556
 30
0.0
 10
269.0110472222222
 20
242.4744325
 30
0.0
 10
269.6174722222222
 20
241.4347963888889
 30
0.0
 10
269.8234944444444
 20
240.0670769444445
 30
0.0
 10
270.0295166666667
 20
238.7000630555556
 30
0.0
 10
270.0961916666666
 20
237.9257158333333
 30
0.0
 10
270.1473444444445
 20
237.5866963888889
 30
0.0
 10
270.2463574074074
 20
236.9279426851852
 30
0.0
 10
270.3453703703704
 20
236.2691889814815
 30
0.0
 10
270.4443833333333
 20
235.6104352777778
 30
0.0
 10
271.4328666666667
 20
235.7588371296297
 30
0.0
 10
272.42135
 20
235.9072389814815
 30
0.0
 10
273.4098333333333
 20
236.0556408333333
 30
0.0
 10
273.3105851851852
 20
236.7147473148148
 30
0.0
 10
273.211337037037
 20
237.3738537962963
 30
0.0
 10
273.1120888888889
 20
238.0329602777778
 30
0.0
 10
273.0619944444444
 20
238.3712741666667
 30
0.0
 10
272.8979527777778
 20
239.1311575
 30
0.0
 10
272.6919305555555
 20
240.4988769444444
 30
0.0
 10
272.4859083333333
 20
241.8651852777778
 30
0.0
 10
272.7635444444444
 20
243.0395825
 30
0.0
 10
272.8157555555555
 20
243.0469908333334
 30
0.0
 10
275.0784722222222
 20
243.3867158333333
 30
0.0
 10
277.1097666666666
 20
242.3312047222222
 30
0.0
 10
277.3577694444444
 20
240.6837325
 30
0.0
 10
277.4276194444444
 20
239.8973908333333
 30
0.0
 10
276.7838
 20
239.0831797222222
 30
0.0
 10
276.9072722222222
 20
238.2749658333333
 30
0.0
  0
SPLINE
  5
D0
330
1F
100
AcDbEntity
  8
DEFAULT
 62
     1
100
AcDbSpline
210
0.0
220
0.0
230
1.0
 70
    11
 71
     3
 72
    83
 73
    79
 74
     0
 42
0.000000001
 43
0.0000000001
 40
1.0
 40
1.0
 40
1.0
 40
1.0
 40
2.0
 40
2.0
 40
2.0
 40
3.0
 40
3.0
 40
3.0
 40
4.0
 40
4.0
 40
4.0
 40
5.0
 40
5.0
 40
5.0
 40
6.0
 40
6.0
 40
6.0
 40
7.0
 40
7.0
 40
7.0
 40
12.66751488749696
 40
12.66751488749696
 40
12.66751488749696
 40
21.16250258613432
 40
21.16250258613432
 40
21.16250258613432
 40
26.82818471629307
 40
26.82818471629307
 40
26.82818471629307
 40
27.82818471629307
 40
27.82818471629307
 40
27.82818471629307
 40
28.82818471629307
 40
28.82818471629307
 40
28.82818471629307
 40
29.82818471629307
 40
29.82818471629307
 40
29.82818471629307
 40
30.82818471629307
 40
30.82818471629307
 40
30.82818471629307
 40
31.82818471629307
 40
31.82818471629307
 40
31.82818471629307
 40
32.82818471629307
 40
32.82818471629307
 40
32.82818471629307
 40
33.82818471629307
 40
33.82818471629307
 40
33.82818471629307
 40
34.82818471629307
 40
34.82818471629307
 40
34.82818471629307
 40
35.82818471629307
 40
35.82818471629307
 40
35.82818471629307
 40
36.82818471629307
 40
36.82818471629307
 40
36.82818471629307
 40
37.82818471629307
 40
37.82818471629307
 40
37.82818471629307
 40
38.82818471629307
 40
38.82818471629307
 40
38.82818471629307
 40
39.82818471629307
 40
39.82818471629307
 40
39.82818471629307
 40
40.82818471629307
 40
40.82818471629307
 40
40.82818471629307
 40
41.82818471629307
 40
41.82818471629307
 40
41.82818471629307
 40
42.82818471629307
 40
42.82818471629307
 40
42.82818471629307
 40
43.82818471629307
 40
43.82818471629307
 40
43.82818471629307
 40
43.82818471629307
 10
318.9667441666666
 20
240.0887375
 30
0.0
 10
319.4299413888888
 20
243.2298708333333
 30
0.0
 10
320.3337580555555
 20
246.0930152777778
 30
0.0
 10
321.5176802777777
 20
248.4534513888889
 30
0.0
 10
322.0433191666666
 20
249.5029652777778
 30
0.0
 10
322.6239913888888
 20
250.4522902777777
 30
0.0
 10
323.2452330555556
 20
251.2830819444444
 30
0.0
 10
323.6138858333333
 20
251.7737958333333
 30
0.0
 10
324.1575163888889
 20
251.6379763888889
 30
0.0
 10
324.0562691666667
 20
251.1652541666667
 30
0.0
 10
321.4072608333333
 20
239.1214208333333
 30
0.0
 10
323.2163052777777
 20
237.4002180555555
 30
0.0
 10
325.0112386111111
 20
237.1335180555556
 30
0.0
 10
325.0676830555555
 20
237.1271680555556
 30
0.0
 10
325.3460247222222
 20
235.9559458333333
 30
0.0
 10
325.1449413888889
 20
234.5846986111111
 30
0.0
 10
324.9417413888888
 20
233.2166263888889
 30
0.0
 10
324.7833441666667
 20
232.4570958333333
 30
0.0
 10
324.7314858333333
 20
232.1187819444444
 30
0.0
 10
324.6343543518518
 20
231.4594402777778
 30
0.0
 10
324.5372228703703
 20
230.8000986111111
 30
0.0
 10
324.4400913888888
 20
230.1407569444444
 30
0.0
 10
325.428339537037
 20
229.9949421296296
 30
0.0
 10
326.4165876851852
 20
229.8491273148148
 30
0.0
 10
327.4048358333333
 20
229.7033125
 30
0.0
 10
327.5020849074073
 20
230.3624189814815
 30
0.0
 10
327.5993339814814
 20
231.021525462963
 30
0.0
 10
327.6965830555555
 20
231.6806319444445
 30
0.0
 10
327.7480886111111
 20
232.0196513888889
 30
0.0
 10
327.8129997222222
 20
232.7939986111111
 30
0.0
 10
328.0133775
 20
234.1652458333333
 30
0.0
 10
328.2151663888889
 20
235.5308486111111
 30
0.0
 10
328.8222969444444
 20
236.5733069444444
 30
0.0
 10
328.8766247222222
 20
236.5644875
 30
0.0
 10
329.4657636111111
 20
236.4784097222222
 30
0.0
 10
329.7723275
 20
236.3838652777778
 30
0.0
 10
330.2224719444444
 20
237.0033430555555
 30
0.0
 10
330.4228497222222
 20
237.2760402777778
 30
0.0
 10
330.3829858333333
 20
238.1283513888889
 30
0.0
 10
329.9176719444444
 20
239.0861430555555
 30
0.0
 10
330.4821163888889
 20
238.7816958333333
 30
0.0
 10
331.0560858333333
 20
239.5112402777778
 30
0.0
 10
331.1580386111111
 20
240.2107986111111
 30
0.0
 10
331.2546997222222
 20
240.8616736111111
 30
0.0
 10
331.2123663888888
 20
241.5975680555556
 30
0.0
 10
330.7445830555555
 20
242.5574763888889
 30
0.0
 10
331.3090275
 20
242.2480902777777
 30
0.0
 10
331.8851136111111
 20
242.9853958333333
 30
0.0
 10
332.0029413888888
 20
243.5159736111111
 30
0.0
 10
332.0622080555555
 20
244.1333347222222
 30
0.0
 10
331.6177080555555
 20
245.0897152777778
 30
0.0
 10
331.0850136111111
 20
245.6587458333333
 30
0.0
 10
331.6554552777777
 20
245.3500652777778
 30
0.0
 10
332.0477441666666
 20
246.2305986111111
 30
0.0
 10
332.1504024999999
 20
246.9252180555555
 30
0.0
 10
332.3430191666666
 20
248.2322597222222
 30
0.0
 10
331.5764330555555
 20
248.9039486111111
 30
0.0
 10
331.1104136111111
 20
249.8624458333333
 30
0.0
 10
331.1104136111111
 20
249.8624458333333
 30
0.0
 10
331.5259858333333
 20
249.8024736111111
 30
0.0
 10
332.0399830555555
 20
249.7273319444444
 30
0.0
 10
332.2805775
 20
249.9845069444444
 30
0.0
 10
332.1366441666666
 20
251.6478541666666
 30
0.0
 10
331.1696802777777
 20
253.5867208333333
 30
0.0
 10
330.9583663888889
 20
254.0082902777777
 30
0.0
 10
331.4691886111111
 20
254.4954763888888
 30
0.0
 10
331.9517886111111
 20
254.1631597222222
 30
0.0
 10
335.3465691666667
 20
251.8129541666667
 30
0.0
 10
337.1182191666666
 20
245.0964180555555
 30
0.0
 10
336.0101441666666
 20
237.5744902777778
 30
0.0
 10
335.2562580555555
 20
232.4620347222222
 30
0.0
 10
333.2073247222222
 20
228.0406708333333
 30
0.0
 10
330.7163608333333
 20
225.3666152777778
 30
0.0
 10
328.9471802777778
 20
223.4612625
 30
0.0
 10
326.9508108333333
 20
222.4403236111111
 30
0.0
 10
325.0373441666666
 20
222.6759791666667
 30
0.0
 10
320.3450469444444
 20
223.2573569444444
 30
0.0
 10
317.6575858333333
 20
231.2005013888889
 30
0.0
 10
318.9667441666666
 20
240.0887375
 30
0.0
  0
SPLINE
  5
D1
330
1F
100
AcDbEntity
  8
DEFAULT
 62
     1
100
AcDbSpline
210
0.0
220
0.0
230
1.0
 70
     8
 71
     3
 72
    83
 73
    79
 74
     0
 42
0.000000001
 43
0.0000000001
 40
0.0
 40
0.0
 40
0.0
 40
0.0
 40
1.0
 40
1.0
 40
1.0
 40
2.0
 40
2.0
 40
2.0
 40
3.0
 40
3.0
 40
3.0
 40
4.0
 40
4.0
 40
4.0
 40
5.0
 40
5.0
 40
5.0
 40
10.67262196871962
 40
10.67262196871962
 40
10.67262196871962
 40
19.17468695318079
 40
19.17468695318079
 40
19.17468695318079
 40
24.8452680521511
 40
24.8452680521511
 40
24.8452680521511
 40
25.8452680521511
 40
25.8452680521511
 40
25.8452680521511
 40
26.8452680521511
 40
26.8452680521511
 40
26.8452680521511
 40
27.8452680521511
 40
27.8452680521511
 40
27.8452680521511
 40
28.8452680521511
 40
28.8452680521511
 40
28.8452680521511
 40
29.8452680521511
 40
29.8452680521511
 40
29.8452680521511
 40
30.8452680521511
 40
30.8452680521511
 40
30.8452680521511
 40
31.8452680521511
 40
31.8452680521511
 40
31.8452680521511
 40
37.51000926424538
 40
37.51000926424538
 40
37.51000926424538
 40
46.00863744766413
 40
46.00863744766413
 40
46.00863744766413
 40
51.67337865975841
 40
51.67337865975841
 40
51.67337865975841
 40
52.67337865975841
 40
52.67337865975841
 40
52.67337865975841
 40
53.67337865975841
 40
53.67337865975841
 40
53.67337865975841
 40
54.67337865975841
 40
54.67337865975841
 40
54.67337865975841
 40
71.71305905582219
 40
71.71305905582219
 40
71.71305905582219
 40
72.71305905582219
 40
72.71305905582219
 40
72.71305905582219
 40
73.71305905582219
 40
73.71305905582219
 40
73.71305905582219
 40
74.71305905582219
 40
74.71305905582219
 40
74.71305905582219
 40
75.71305905582219
 40
75.71305905582219
 40
75.71305905582219
 40
75.71305905582219
 10
330.7164313888889
 20
225.3664388888888
 30
0.0
 10
331.5782674999999
 20
226.139375
 30
0.0
 10
333.2546675
 20
226.0850472222222
 30
0.0
 10
334.3634480555555
 20
225.5925694444444
 30
0.0
 10
337.3881647222222
 20
224.2481333333333
 30
0.0
 10
338.1254702777777
 20
220.7976138888888
 30
0.0
 10
336.9789425
 20
218.4230666666666
 30
0.0
 10
335.5752397222222
 20
215.5147666666666
 30
0.0
 10
333.8769674999999
 20
211.77885
 30
0.0
 10
330.8494286111111
 20
212.3362388888888
 30
0.0
 10
330.7975702777778
 20
212.3743388888889
 30
0.0
 10
330.8010980555555
 20
213.570961111111
 30
0.0
 10
331.3115675
 20
214.8459
 30
0.0
 10
331.8238008333333
 20
216.1282472222222
 30
0.0
 10
332.1550591666666
 20
216.830275
 30
0.0
 10
332.2824119444444
 20
217.1477749999999
 30
0.0
 10
332.5298267592593
 20
217.7672527777777
 30
0.0
 10
332.777241574074
 20
218.3867305555555
 30
0.0
 10
333.0246563888888
 20
219.0062083333333
 30
0.0
 10
332.0960276851852
 20
219.376625
 30
0.0
 10
331.1673989814814
 20
219.7470416666666
 30
0.0
 10
330.2387702777777
 20
220.1174583333333
 30
0.0
 10
329.9917082407407
 20
219.4980981481481
 30
0.0
 10
329.7446462037037
 20
218.878737962963
 30
0.0
 10
329.4975841666666
 20
218.2593777777778
 30
0.0
 10
329.3712897222222
 20
217.9450527777777
 30
0.0
 10
329.1268147222222
 20
217.2056305555555
 30
0.0
 10
328.6156397222222
 20
215.9179916666666
 30
0.0
 10
328.1037591666666
 20
214.6356444444444
 30
0.0
 10
327.2754369444444
 20
213.763225
 30
0.0
 10
327.2218147222222
 20
213.78545
 30
0.0
 10
318.8070063888889
 20
212.1012888888889
 30
0.0
 10
314.7948647222222
 20
218.5666472222222
 30
0.0
 10
313.2885036111111
 20
225.7400305555555
 30
0.0
 10
311.6417369444444
 20
233.7773666666666
 30
0.0
 10
315.6898619444444
 20
242.135025
 30
0.0
 10
306.5236369444444
 20
241.1162027777777
 30
0.0
 10
305.6088841666666
 20
241.0146027777777
 30
0.0
 10
304.6006452777777
 20
242.644436111111
 30
0.0
 10
304.4986924999999
 20
243.3051888888889
 30
0.0
 10
304.4905786111111
 20
243.3588111111111
 30
0.0
 10
305.5266869444444
 20
243.9726444444444
 30
0.0
 10
306.8929952777777
 20
244.1821944444444
 30
0.0
 10
308.2614202777777
 20
244.3903333333333
 30
0.0
 10
309.0357675
 20
244.4612416666666
 30
0.0
 10
309.3733758333333
 20
244.5109833333333
 30
0.0
 10
310.0316591666667
 20
244.6129361111111
 30
0.0
 10
310.6899425
 20
244.7148888888889
 30
0.0
 10
311.3482258333333
 20
244.8168416666666
 30
0.0
 10
311.1964137962962
 20
245.8046194444444
 30
0.0
 10
311.0446017592592
 20
246.7923972222222
 30
0.0
 10
310.8927897222222
 20
247.780175
 30
0.0
 10
310.2345063888889
 20
247.6782222222222
 30
0.0
 10
309.5762230555555
 20
247.5762694444444
 30
0.0
 10
308.9179397222222
 20
247.4743166666666
 30
0.0
 10
308.5796258333333
 20
247.424575
 30
0.0
 10
307.8183313888889
 20
247.2573583333333
 30
0.0
 10
306.4527286111111
 20
247.0471027777777
 30
0.0
 10
305.0864202777777
 20
246.8375527777777
 30
0.0
 10
303.9116702777778
 20
247.1084861111111
 30
0.0
 10
303.9053202777777
 20
247.1656361111111
 30
0.0
 10
303.8220647222222
 20
247.7085611111111
 30
0.0
 10
304.4200230555555
 20
250.0919277777777
 30
0.0
 10
305.5771341666667
 20
250.2669055555555
 30
0.0
 10
307.5576286111111
 20
250.5712351851851
 30
0.0
 10
309.5381230555556
 20
250.8755648148148
 30
0.0
 10
311.5186174999999
 20
251.1798944444444
 30
0.0
 10
314.7257202777777
 20
251.6759
 30
0.0
 10
316.5739230555556
 20
251.2299888888888
 30
0.0
 10
317.5557036111111
 20
250.5403083333333
 30
0.0
 10
317.7677230555555
 20
250.3889666666666
 30
0.0
 10
317.9324702777777
 20
250.1716555555555
 30
0.0
 10
318.124028611111
 20
249.9437611111111
 30
0.0
 10
319.5361980555555
 20
248.2603055555555
 30
0.0
 10
320.0417286111111
 20
248.8124027777777
 30
0.0
 10
320.7797397222222
 20
249.3175805555555
 30
0.0
 10
321.5526758333333
 20
249.8396916666667
 30
0.0
 10
321.8483036111111
 20
249.1376638888889
 30
0.0
 10
321.5177508333333
 20
248.453275
 30
0.0
  0
SPLINE
  5
D2
330
1F
100
AcDbEntity
  8
DEFAULT
 62
     1
100
AcDbSpline
210
0.0
220
0.0
230
1.0
 70
    11
 71
     3
 72
    83
 73
    79
 74
     0
 42
0.000000001
 43
0.0000000001
 40
1.0
 40
1.0
 40
1.0
 40
1.0
 40
2.0
 40
2.0
 40
2.0
 40
3.0
 40
3.0
 40
3.0
 40
4.0
 40
4.0
 40
4.0
 40
5.0
 40
5.0
 40
5.0
 40
6.0
 40
6.0
 40
6.0
 40
7.0
 40
7.0
 40
7.0
 40
12.66736923095714
 40
12.66736923095714
 40
12.66736923095714
 40
21.16136764159982
 40
21.16136764159982
 40
21.16136764159982
 40
26.82719582466363
 40
26.82719582466363
 40
26.82719582466363
 40
27.82719582466363
 40
27.82719582466363
 40
27.82719582466363
 40
28.82719582466363
 40
28.82719582466363
 40
28.82719582466363
 40
29.82719582466363
 40
29.82719582466363
 40
29.82719582466363
 40
30.82719582466363
 40
30.82719582466363
 40
30.82719582466363
 40
31.82719582466363
 40
31.82719582466363
 40
31.82719582466363
 40
32.82719582466363
 40
32.82719582466363
 40
32.82719582466363
 40
33.82719582466363
 40
33.82719582466363
 40
33.82719582466363
 40
34.82719582466363
 40
34.82719582466363
 40
34.82719582466363
 40
35.82719582466363
 40
35.82719582466363
 40
35.82719582466363
 40
36.82719582466363
 40
36.82719582466363
 40
36.82719582466363
 40
37.82719582466363
 40
37.82719582466363
 40
37.82719582466363
 40
38.82719582466363
 40
38.82719582466363
 40
38.82719582466363
 40
39.82719582466363
 40
39.82719582466363
 40
39.82719582466363
 40
40.82719582466363
 40
40.82719582466363
 40
40.82719582466363
 40
41.82719582466363
 40
41.82719582466363
 40
41.82719582466363
 40
42.82719582466363
 40
42.82719582466363
 40
42.82719582466363
 40
43.82719582466363
 40
43.82719582466363
 40
43.82719582466363
 40
43.82719582466363
 10
320.0204208333333
 20
272.5373786111111
 30
0.0
 10
320.4832652777778
 20
269.3962452777778
 30
0.0
 10
321.3870819444444
 20
266.5331008333333
 30
0.0
 10
322.5706513888888
 20
264.1726647222222
 30
0.0
 10
323.0962902777778
 20
263.1231508333333
 30
0.0
 10
323.6773152777777
 20
262.1738258333334
 30
0.0
 10
324.2989097222222
 20
261.3430341666667
 30
0.0
 10
324.6672097222222
 20
260.8523202777778
 30
0.0
 10
325.2111930555556
 20
260.9881397222222
 30
0.0
 10
325.1099458333333
 20
261.4608619444444
 30
0.0
 10
322.4605847222222
 20
273.5046952777778
 30
0.0
 10
324.2699819444445
 20
275.2258980555555
 30
0.0
 10
326.0649152777777
 20
275.4925980555555
 30
0.0
 10
326.1213597222222
 20
275.4989480555556
 30
0.0
 10
326.3997013888888
 20
276.6701702777778
 30
0.0
 10
326.1986180555555
 20
278.0414175
 30
0.0
 10
325.9950652777778
 20
279.4094897222222
 30
0.0
 10
325.8370208333333
 20
280.1690202777778
 30
0.0
 10
325.7848097222222
 20
280.5073341666667
 30
0.0
 10
325.6877958333333
 20
281.1666758333333
 30
0.0
 10
325.5907819444444
 20
281.8260175
 30
0.0
 10
325.4937680555555
 20
282.4853591666666
 30
0.0
 10
326.481898611111
 20
282.6311739814815
 30
0.0
 10
327.4700291666666
 20
282.7769887962963
 30
0.0
 10
328.4581597222222
 20
282.9228036111111
 30
0.0
 10
328.5555263888889
 20
282.2636971296296
 30
0.0
 10
328.6528930555556
 20
281.6045906481481
 30
0.0
 10
328.7502597222222
 20
280.9454841666666
 30
0.0
 10
328.8017652777777
 20
280.6064647222223
 30
0.0
 10
328.8663236111111
 20
279.8321175
 30
0.0
 10
329.0670541666667
 20
278.4608702777778
 30
0.0
 10
329.2688430555555
 20
277.0952675
 30
0.0
 10
329.8756208333333
 20
276.0528091666667
 30
0.0
 10
329.9299486111111
 20
276.0616286111111
 30
0.0
 10
330.5194402777777
 20
276.1477063888889
 30
0.0
 10
330.8260041666666
 20
276.2422508333333
 30
0.0
 10
331.2754430555555
 20
275.6227730555556
 30
0.0
 10
331.4761736111111
 20
275.3500758333333
 30
0.0
 10
331.4366625
 20
274.4977647222222
 30
0.0
 10
330.9713486111111
 20
273.5399730555555
 30
0.0
 10
331.5357930555555
 20
273.8444202777778
 30
0.0
 10
332.1094097222222
 20
273.1148758333333
 30
0.0
 10
332.2117152777777
 20
272.4153175
 30
0.0
 10
332.3080236111111
 20
271.7644425
 30
0.0
 10
332.2660430555555
 20
271.0285480555555
 30
0.0
 10
331.7982597222222
 20
270.0686397222222
 30
0.0
 10
332.3627041666666
 20
270.3780258333333
 30
0.0
 10
332.9380847222222
 20
269.6407202777777
 30
0.0
 10
333.0566180555555
 20
269.1101425
 30
0.0
 10
333.1158847222222
 20
268.4927813888889
 30
0.0
 10
332.6713847222222
 20
267.5364008333333
 30
0.0
 10
332.1386902777778
 20
266.9673702777778
 30
0.0
 10
332.7087791666666
 20
267.2760508333333
 30
0.0
 10
333.1014208333333
 20
266.3955175
 30
0.0
 10
333.2037263888889
 20
265.7008980555556
 30
0.0
 10
333.3966958333333
 20
264.3938563888889
 30
0.0
 10
332.6301097222222
 20
263.7221675
 30
0.0
 10
332.1637375
 20
262.7636702777777
 30
0.0
 10
332.1637375
 20
262.7636702777777
 30
0.0
 10
332.5796625
 20
262.8236425
 30
0.0
 10
333.0936597222222
 20
262.8987841666666
 30
0.0
 10
333.333548611111
 20
262.6416091666666
 30
0.0
 10
333.1899680555555
 20
260.9782619444445
 30
0.0
 10
332.2230041666667
 20
259.0393952777778
 30
0.0
 10
332.0116902777777
 20
258.6178258333333
 30
0.0
 10
332.5221597222222
 20
258.1306397222222
 30
0.0
 10
333.0054652777777
 20
258.4629563888889
 30
0.0
 10
336.4002458333333
 20
260.8131619444444
 30
0.0
 10
338.1718958333333
 20
267.5296980555555
 30
0.0
 10
337.0638208333333
 20
275.0516258333333
 30
0.0
 10
336.3099347222222
 20
280.1640813888889
 30
0.0
 10
334.2606486111111
 20
284.5854452777778
 30
0.0
 10
331.7696847222222
 20
287.2602063888889
 30
0.0
 10
330.0001513888889
 20
289.1648536111111
 30
0.0
 10
328.0044874999999
 20
290.1854397222222
 30
0.0
 10
326.0910208333333
 20
289.9497841666666
 30
0.0
 10
321.3980180555555
 20
289.3687591666667
 30
0.0
 10
318.7112625
 20
281.4256147222222
 30
0.0
 10
320.0204208333333
 20
272.5373786111111
 30
0.0
  0
SPLINE
  5
D3
330
1F
100
AcDbEntity
  8
DEFAULT
 62
     1
100
AcDbSpline
210
0.0
220
0.0
230
1.0
 70
     8
 71
     3
 72
    83
 73
    79
 74
     0
 42
0.000000001
 43
0.0000000001
 40
0.0
 40
0.0
 40
0.0
 40
0.0
 40
1.0
 40
1.0
 40
1.0
 40
2.0
 40
2.0
 40
2.0
 40
3.0
 40
3.0
 40
3.0
 40
4.0
 40
4.0
 40
4.0
 40
5.0
 40
5.0
 40
5.0
 40
10.67039372530686
 40
10.67039372530686
 40
10.67039372530686
 40
19.1715298846681
 40
19.1715298846681
 40
19.1715298846681
 40
24.8415528123113
 40
24.8415528123113
 40
24.8415528123113
 40
25.8415528123113
 40
25.8415528123113
 40
25.8415528123113
 40
26.8415528123113
 40
26.8415528123113
 40
26.8415528123113
 40
27.8415528123113
 40
27.8415528123113
 40
27.8415528123113
 40
28.8415528123113
 40
28.8415528123113
 40
28.8415528123113
 40
29.8415528123113
 40
29.8415528123113
 40
29.8415528123113
 40
30.8415528123113
 40
30.8415528123113
 40
30.8415528123113
 40
31.8415528123113
 40
31.8415528123113
 40
31.8415528123113
 40
37.50827046894467
 40
37.50827046894467
 40
37.50827046894467
 40
46.00689865236343
 40
46.00689865236343
 40
46.00689865236343
 40
51.67262808466069
 40
51.67262808466069
 40
51.67262808466069
 40
52.67262808466069
 40
52.67262808466069
 40
52.67262808466069
 40
53.67262808466069
 40
53.67262808466069
 40
53.67262808466069
 40
54.67262808466069
 40
54.67262808466069
 40
54.67262808466069
 40
71.71230848072443
 40
71.71230848072443
 40
71.71230848072443
 40
72.71230848072443
 40
72.71230848072443
 40
72.71230848072443
 40
73.71230848072443
 40
73.71230848072443
 40
73.71230848072443
 40
74.71230848072443
 40
74.71230848072443
 40
74.71230848072443
 40
75.71230848072443
 40
75.71230848072443
 40
75.71230848072443
 40
75.71230848072443
 10
331.7695788888889
 20
287.2603475
 30
0.0
 10
332.6317677777777
 20
286.4867058333333
 30
0.0
 10
334.3081677777778
 20
286.5417391666666
 30
0.0
 10
335.4169483333333
 20
287.0335113888888
 30
0.0
 10
338.441665
 20
288.3779474999999
 30
0.0
 10
339.1786177777777
 20
291.8281141666666
 30
0.0
 10
338.03209
 20
294.2026613888888
 30
0.0
 10
336.6290927777778
 20
297.1109613888889
 30
0.0
 10
334.9304677777778
 20
300.8468780555555
 30
0.0
 10
331.9029288888889
 20
300.2894891666666
 30
0.0
 10
331.8514233333333
 20
300.2520947222222
 30
0.0
 10
331.8545983333333
 20
299.0554725
 30
0.0
 10
332.3654205555555
 20
297.7798280555555
 30
0.0
 10
332.8776538888889
 20
296.497833611111
 30
0.0
 10
333.2085594444444
 20
295.7954530555555
 30
0.0
 10
333.336265
 20
295.4779530555555
 30
0.0
 10
333.5835622222222
 20
294.858710462963
 30
0.0
 10
333.8308594444444
 20
294.2394678703703
 30
0.0
 10
334.0781566666666
 20
293.6202252777778
 30
0.0
 10
333.1496455555555
 20
293.2498086111111
 30
0.0
 10
332.2211344444444
 20
292.8793919444445
 30
0.0
 10
331.2926233333333
 20
292.5089752777778
 30
0.0
 10
331.0454437037037
 20
293.1282178703704
 30
0.0
 10
330.7982640740741
 20
293.7474604629629
 30
0.0
 10
330.5510844444444
 20
294.3667030555555
 30
0.0
 10
330.4251427777778
 20
294.6813808333333
 30
0.0
 10
330.180315
 20
295.4208030555555
 30
0.0
 10
329.66914
 20
296.7077363888889
 30
0.0
 10
329.1572594444444
 20
297.9907891666667
 30
0.0
 10
328.3285844444444
 20
298.8625030555555
 30
0.0
 10
328.275315
 20
298.8402780555555
 30
0.0
 10
319.8605066666667
 20
300.5251447222222
 30
0.0
 10
315.8480122222222
 20
294.0597863888889
 30
0.0
 10
314.3423566666667
 20
286.8860502777777
 30
0.0
 10
312.69559
 20
278.8487141666666
 30
0.0
 10
316.7433622222222
 20
270.4910558333333
 30
0.0
 10
307.5771372222222
 20
271.5102308333333
 30
0.0
 10
306.6623844444445
 20
271.6114780555555
 30
0.0
 10
305.6541455555555
 20
269.9816447222222
 30
0.0
 10
305.5525455555555
 20
269.3208919444444
 30
0.0
 10
305.5440788888889
 20
269.2672697222222
 30
0.0
 10
306.58054
 20
268.6534363888888
 30
0.0
 10
307.9464955555555
 20
268.4438863888889
 30
0.0
 10
309.3152733333333
 20
268.2357474999999
 30
0.0
 10
310.0892677777778
 20
268.1648391666666
 30
0.0
 10
310.4265233333333
 20
268.1150975
 30
0.0
 10
311.0850418518518
 20
268.0131447222222
 30
0.0
 10
311.7435603703703
 20
267.9111919444444
 30
0.0
 10
312.4020788888889
 20
267.8092391666666
 30
0.0
 10
312.2502668518518
 20
266.8214613888888
 30
0.0
 10
312.0984548148148
 20
265.8336836111111
 30
0.0
 10
311.9466427777778
 20
264.8459058333333
 30
0.0
 10
311.2882418518518
 20
264.9478586111111
 30
0.0
 10
310.6298409259259
 20
265.0498113888889
 30
0.0
 10
309.97144
 20
265.1517641666667
 30
0.0
 10
309.6327733333333
 20
265.2015058333333
 30
0.0
 10
308.8718316666667
 20
265.3687225
 30
0.0
 10
307.5062288888889
 20
265.5789780555555
 30
0.0
 10
306.1402733333333
 20
265.7885280555555
 30
0.0
 10
304.9648177777777
 20
265.5175947222222
 30
0.0
 10
304.9584677777777
 20
265.4604447222222
 30
0.0
 10
304.8759177777777
 20
264.9175197222222
 30
0.0
 10
305.4735233333333
 20
262.5341530555555
 30
0.0
 10
306.6306344444444
 20
262.3591752777778
 30
0.0
 10
308.6111288888889
 20
262.0548456481481
 30
0.0
 10
310.5916233333333
 20
261.7505160185185
 30
0.0
 10
312.5721177777777
 20
261.4461863888889
 30
0.0
 10
315.7792205555555
 20
260.9501808333333
 30
0.0
 10
317.6274233333333
 20
261.3960919444444
 30
0.0
 10
318.6092038888889
 20
262.0857725
 30
0.0
 10
318.8212233333333
 20
262.2371141666666
 30
0.0
 10
318.9859705555555
 20
262.4544252777777
 30
0.0
 10
319.1778816666667
 20
262.6823197222222
 30
0.0
 10
320.5896983333333
 20
264.3657752777777
 30
0.0
 10
321.0952288888889
 20
263.8136780555556
 30
0.0
 10
321.8332399999999
 20
263.3085002777777
 30
0.0
 10
322.6061761111111
 20
262.7863891666667
 30
0.0
 10
322.9014511111111
 20
263.4884169444444
 30
0.0
 10
322.5708983333333
 20
264.1728058333333
 30
0.0
  0
POLYLINE
  5
D4
330
1F
100
AcDbEntity
  8
DEFAULT
 62
     7
100
AcDb2dPolyline
 66
     1
 10
0.0
 20
0.0
 30
0.0
  0
VERTEX
  5
D5
330
D4
100
AcDbEntity
  8
DEFAULT
 62
     7
100
AcDbVertex
100
AcDb2dVertex
 10
312.5740227777778
 20
195.2160038888889
 30
0.0
  0
VERTEX
  5
D6
330
D4
100
AcDbEntity
  8
DEFAULT
 62
     7
100
AcDbVertex
100
AcDb2dVertex
 10
312.5740227777778
 20
197.39864
 30
0.0
  0
SEQEND
  5
D7
330
D4
100
AcDbEntity
  8
DEFAULT
 62
     7
  0
POLYLINE
  5
D8
330
1F
100
AcDbEntity
  8
DEFAULT
 62
     7
100
AcDb2dPolyline
 66
     1
 10
0.0
 20
0.0
 30
0.0
  0
VERTEX
  5
D9
330
D8
100
AcDbEntity
  8
DEFAULT
 62
     7
100
AcDbVertex
100
AcDb2dVertex
 10
313.2354811111111
 20
195.2160038888889
 30
0.0
  0
VERTEX
  5
DA
330
D8
100
AcDbEntity
  8
DEFAULT
 62
     7
100
AcDbVertex
100
AcDb2dVertex
 10
313.2354811111111
 20
197.39864
 30
0.0
  0
SEQEND
  5
DB
330
D8
100
AcDbEntity
  8
DEFAULT
 62
     7
  0
POLYLINE
  5
DC
330
1F
100
AcDbEntity
  8
DEFAULT
 62
     7
100
AcDb2dPolyline
 66
     1
 10
0.0
 20
0.0
 30
0.0
  0
VERTEX
  5
DD
330
DC
100
AcDbEntity
  8
DEFAULT
 62
     7
100
AcDbVertex
100
AcDb2dVertex
 10
313.8969394444444
 20
195.2160038888889
 30
0.0
  0
VERTEX
  5
DE
330
DC
100
AcDbEntity
  8
DEFAULT
 62
     7
100
AcDbVertex
100
AcDb2dVertex
 10
313.8969394444444
 20
197.39864
 30
0.0
  0
SEQEND
  5
DF
330
DC
100
AcDbEntity
  8
DEFAULT
 62
     7
  0
SPLINE
  5
E0
330
1F
100
AcDbEntity
  8
DEFAULT
 62
     1
100
AcDbSpline
210
0.0
220
0.0
230
1.0
 70
    11
 71
     3
 72
    83
 73
    79
 74
     0
 42
0.000000001
 43
0.0000000001
 40
28.05100000000004
 40
28.05100000000004
 40
28.05100000000004
 40
28.05100000000004
 40
29.05100000000004
 40
29.05100000000004
 40
29.05100000000004
 40
30.05100000000004
 40
30.05100000000004
 40
30.05100000000004
 40
41.3420000000001
 40
41.3420000000001
 40
41.3420000000001
 40
49.8420000000001
 40
49.8420000000001
 40
49.8420000000001
 40
61.13300000000015
 40
61.13300000000015
 40
61.13300000000015
 40
62.13300000000015
 40
62.13300000000015
 40
62.13300000000015
 40
63.13300000000015
 40
63.13300000000015
 40
63.13300000000015
 40
64.13300000000015
 40
64.13300000000015
 40
64.13300000000015
 40
65.13300000000015
 40
65.13300000000015
 40
65.13300000000015
 40
66.13300000000015
 40
66.13300000000015
 40
66.13300000000015
 40
67.13300000000015
 40
67.13300000000015
 40
67.13300000000015
 40
72.79900000000009
 40
72.79900000000009
 40
72.79900000000009
 40
81.29900000000009
 40
81.29900000000009
 40
81.29900000000009
 40
86.96500000000003
 40
86.96500000000003
 40
86.96500000000003
 40
87.96500000000003
 40
87.96500000000003
 40
87.96500000000003
 40
88.96500000000003
 40
88.96500000000003
 40
88.96500000000003
 40
89.96500000000003
 40
89.96500000000003
 40
89.96500000000003
 40
90.96500000000003
 40
90.96500000000003
 40
90.96500000000003
 40
91.96500000000003
 40
91.96500000000003
 40
91.96500000000003
 40
92.96500000000003
 40
92.96500000000003
 40
92.96500000000003
 40
104.2560000000001
 40
104.2560000000001
 40
104.2560000000001
 40
112.7550000000001
 40
112.7550000000001
 40
112.7550000000001
 40
124.0460000000002
 40
124.0460000000002
 40
124.0460000000002
 40
125.0460000000002
 40
125.0460000000002
 40
125.0460000000002
 40
126.0460000000002
 40
126.0460000000002
 40
126.0460000000002
 40
154.0970000000002
 40
154.0970000000002
 40
154.0970000000002
 40
154.0970000000002
 10
308.2890075
 20
189.8561452777778
 30
0.0
 10
308.2367963888888
 20
189.8561452777778
 30
0.0
 10
307.7873574999999
 20
190.9737452777778
 30
0.0
 10
307.7873574999999
 20
192.3566341666666
 30
0.0
 10
307.7873574999999
 20
193.7395230555555
 30
0.0
 10
307.8363936111111
 20
194.5152813888889
 30
0.0
 10
307.8363936111111
 20
194.8578286111111
 30
0.0
 10
307.8363936111111
 20
196.1855665740741
 30
0.0
 10
307.8363936111111
 20
197.513304537037
 30
0.0
 10
307.8363936111111
 20
198.8410425
 30
0.0
 10
306.836856574074
 20
198.8410425
 30
0.0
 10
305.837319537037
 20
198.8410425
 30
0.0
 10
304.8377824999999
 20
198.8410425
 30
0.0
 10
304.8377824999999
 20
197.513304537037
 30
0.0
 10
304.8377824999999
 20
196.1855665740741
 30
0.0
 10
304.8377824999999
 20
194.8578286111111
 30
0.0
 10
304.8377824999999
 20
194.5152813888889
 30
0.0
 10
304.8864658333333
 20
193.7395230555555
 30
0.0
 10
304.8864658333333
 20
192.3566341666666
 30
0.0
 10
304.8864658333333
 20
190.9737452777778
 30
0.0
 10
304.4416130555555
 20
189.8561452777778
 30
0.0
 10
304.3851686111111
 20
189.8561452777778
 30
0.0
 10
299.5351797222222
 20
189.8561452777778
 30
0.0
 10
299.5351797222222
 20
189.8561452777778
 30
0.0
 10
299.5351797222222
 20
195.4787175
 30
0.0
 10
299.5351797222222
 20
199.2537925
 30
0.0
 10
300.8820852777777
 20
205.6355425
 30
0.0
 10
311.2819741666667
 20
206.1721175
 30
0.0
 10
311.3352436111111
 20
206.1721175
 30
0.0
 10
311.7836241666666
 20
205.0534591666666
 30
0.0
 10
311.7836241666666
 20
203.6705702777778
 30
0.0
 10
311.7836241666666
 20
202.2873286111111
 30
0.0
 10
311.7356463888888
 20
201.5115702777777
 30
0.0
 10
311.7356463888888
 20
201.1690230555555
 30
0.0
 10
311.7356463888888
 20
200.5027434259259
 30
0.0
 10
311.7356463888888
 20
199.8364637962963
 30
0.0
 10
311.7356463888888
 20
199.1701841666666
 30
0.0
 10
312.7351834259259
 20
199.1701841666666
 30
0.0
 10
313.7347204629629
 20
199.1701841666666
 30
0.0
 10
314.7342575
 20
199.1701841666666
 30
0.0
 10
314.7342575
 20
199.8364637962963
 30
0.0
 10
314.7342575
 20
200.5027434259259
 30
0.0
 10
314.7342575
 20
201.1690230555555
 30
0.0
 10
314.7342575
 20
201.5115702777777
 30
0.0
 10
314.6852213888889
 20
202.2873286111111
 30
0.0
 10
314.6852213888889
 20
203.6705702777778
 30
0.0
 10
314.6852213888889
 20
205.0534591666666
 30
0.0
 10
315.1304269444444
 20
206.1721175
 30
0.0
 10
315.1868713888888
 20
206.1721175
 30
0.0
 10
325.5786463888888
 20
205.6355425
 30
0.0
 10
326.9347241666666
 20
199.2537925
 30
0.0
 10
326.9347241666666
 20
195.4787175
 30
0.0
 10
326.9347241666666
 20
189.8561452777778
 30
0.0
 10
326.9347241666666
 20
189.8561452777778
 30
0.0
 10
322.0889686111111
 20
189.8561452777778
 30
0.0
 10
322.0360519444444
 20
189.8561452777778
 30
0.0
 10
321.5876713888889
 20
190.9737452777778
 30
0.0
 10
321.5876713888889
 20
192.3566341666666
 30
0.0
 10
321.5876713888889
 20
193.7395230555555
 30
0.0
 10
321.6356491666666
 20
194.5152813888889
 30
0.0
 10
321.6356491666666
 20
194.8578286111111
 30
0.0
 10
321.6356491666666
 20
196.1855665740741
 30
0.0
 10
321.6356491666666
 20
197.513304537037
 30
0.0
 10
321.6356491666666
 20
198.8410425
 30
0.0
 10
320.6362297222221
 20
198.8410425
 30
0.0
 10
319.6368102777777
 20
198.8410425
 30
0.0
 10
318.6373908333333
 20
198.8410425
 30
0.0
 10
318.6373908333333
 20
197.513304537037
 30
0.0
 10
318.6373908333333
 20
196.1855665740741
 30
0.0
 10
318.6373908333333
 20
194.8578286111111
 30
0.0
 10
318.6373908333333
 20
194.5152813888889
 30
0.0
 10
318.6864269444444
 20
193.7395230555555
 30
0.0
 10
318.6864269444444
 20
192.3566341666666
 30
0.0
 10
318.6864269444444
 20
190.9737452777778
 30
0.0
 10
318.2412213888888
 20
189.8561452777778
 30
0.0
 10
318.1847769444444
 20
189.8561452777778
 30
0.0
 10
314.8861871296296
 20
189.8561452777778
 30
0.0
 10
311.5875973148148
 20
189.8561452777778
 30
0.0
 10
308.2890075
 20
189.8561452777778
 30
0.0
  0
POLYLINE
  5
E1
330
1F
100
AcDbEntity
  8
DEFAULT
 62
     7
100
AcDb2dPolyline
 66
     1
 10
0.0
 20
0.0
 30
0.0
  0
VERTEX
  5
E2
330
E1
100
AcDbEntity
  8
DEFAULT
 62
     7
100
AcDbVertex
100
AcDb2dVertex
 10
366.280841111111
 20
205.9471511111111
 30
0.0
  0
VERTEX
  5
E3
330
E1
100
AcDbEntity
  8
DEFAULT
 62
     7
100
AcDbVertex
100
AcDb2dVertex
 10
364.098205
 20
205.9471511111111
 30
0.0
  0
SEQEND
  5
E4
330
E1
100
AcDbEntity
  8
DEFAULT
 62
     7
  0
POLYLINE
  5
E5
330
1F
100
AcDbEntity
  8
DEFAULT
 62
     7
100
AcDb2dPolyline
 66
     1
 10
0.0
 20
0.0
 30
0.0
  0
VERTEX
  5
E6
330
E5
100
AcDbEntity
  8
DEFAULT
 62
     7
100
AcDbVertex
100
AcDb2dVertex
 10
366.280841111111
 20
207.2700677777777
 30
0.0
  0
VERTEX
  5
E7
330
E5
100
AcDbEntity
  8
DEFAULT
 62
     7
100
AcDbVertex
100
AcDb2dVertex
 10
364.098205
 20
207.2700677777777
 30
0.0
  0
SEQEND
  5
E8
330
E5
100
AcDbEntity
  8
DEFAULT
 62
     7
  0
POLYLINE
  5
E9
330
1F
100
AcDbEntity
  8
DEFAULT
 62
     7
100
AcDb2dPolyline
 66
     1
 10
0.0
 20
0.0
 30
0.0
  0
VERTEX
  5
EA
330
E9
100
AcDbEntity
  8
DEFAULT
 62
     7
100
AcDbVertex
100
AcDb2dVertex
 10
349.4191569444444
 20
206.6079038888889
 30
0.0
  0
VERTEX
  5
EB
330
E9
100
AcDbEntity
  8
DEFAULT
 62
     7
100
AcDbVertex
100
AcDb2dVertex
 10
347.2365208333333
 20
206.6079038888889
 30
0.0
  0
SEQEND
  5
EC
330
E9
100
AcDbEntity
  8
DEFAULT
 62
     7
  0
POLYLINE
  5
ED
330
1F
100
AcDbEntity
  8
DEFAULT
 62
     1
100
AcDb2dPolyline
 66
     1
 10
0.0
 20
0.0
 30
0.0
  0
VERTEX
  5
EE
330
ED
100
AcDbEntity
  8
DEFAULT
 62
     1
100
AcDbVertex
100
AcDb2dVertex
 10
357.7662672222222
 20
197.7543458333333
 30
0.0
  0
VERTEX
  5
EF
330
ED
100
AcDbEntity
  8
DEFAULT
 62
     1
100
AcDbVertex
100
AcDb2dVertex
 10
357.7662672222222
 20
194.8612152777777
 30
0.0
  0
SEQEND
  5
F0
330
ED
100
AcDbEntity
  8
DEFAULT
 62
     1
  0
SPLINE
  5
F1
330
1F
100
AcDbEntity
  8
DEFAULT
 62
     1
100
AcDbSpline
210
0.0
220
0.0
230
1.0
 70
     8
 71
     3
 72
    38
 73
    34
 74
     0
 42
0.000000001
 43
0.0000000001
 40
0.0
 40
0.0
 40
0.0
 40
0.0
 40
1.0
 40
1.0
 40
1.0
 40
2.0
 40
2.0
 40
2.0
 40
3.0
 40
3.0
 40
3.0
 40
4.0
 40
4.0
 40
4.0
 40
9.668999999999983
 40
9.668999999999983
 40
9.668999999999983
 40
18.16899999999998
 40
18.16899999999998
 40
18.16899999999998
 40
23.83799999999997
 40
23.83799999999997
 40
23.83799999999997
 40
24.83799999999997
 40
24.83799999999997
 40
24.83799999999997
 40
25.83799999999997
 40
25.83799999999997
 40
25.83799999999997
 40
26.83799999999997
 40
26.83799999999997
 40
26.83799999999997
 40
27.83799999999997
 40
27.83799999999997
 40
27.83799999999997
 40
27.83799999999997
 10
357.7662672222222
 20
194.86118
 30
0.0
 10
357.5468394444444
 20
191.143255
 30
0.0
 10
356.2556727777777
 20
191.143255
 30
0.0
 10
349.1299144444444
 20
191.143255
 30
0.0
 10
345.3089783333333
 20
191.143255
 30
0.0
 10
338.9025338888889
 20
190.8677355555555
 30
0.0
 10
338.4615616666666
 20
204.6546438888888
 30
0.0
 10
338.4615616666666
 20
204.7075605555555
 30
0.0
 10
339.5798672222222
 20
205.1555883333333
 30
0.0
 10
340.9627561111111
 20
205.1555883333333
 30
0.0
 10
342.3459977777777
 20
205.1555883333333
 30
0.0
 10
343.1214033333333
 20
205.11008
 30
0.0
 10
343.4643033333333
 20
205.11008
 30
0.0
 10
344.1309357407407
 20
205.11008
 30
0.0
 10
344.7975681481482
 20
205.11008
 30
0.0
 10
345.4642005555555
 20
205.11008
 30
0.0
 10
345.4642005555555
 20
206.1096170370371
 30
0.0
 10
345.4642005555555
 20
207.1091540740741
 30
0.0
 10
345.4642005555555
 20
208.1086911111111
 30
0.0
 10
344.7975681481482
 20
208.1086911111111
 30
0.0
 10
344.1309357407407
 20
208.1086911111111
 30
0.0
 10
343.4643033333333
 20
208.1086911111111
 30
0.0
 10
343.1214033333333
 20
208.1086911111111
 30
0.0
 10
342.3459977777777
 20
208.0589494444444
 30
0.0
 10
340.9627561111111
 20
208.0589494444444
 30
0.0
 10
339.5798672222222
 20
208.0589494444444
 30
0.0
 10
338.4615616666666
 20
208.5034494444444
 30
0.0
 10
338.4615616666666
 20
208.5598938888889
 30
0.0
 10
338.9025338888889
 20
222.3464494444444
 30
0.0
 10
345.3089783333333
 20
222.0716355555556
 30
0.0
 10
349.1299144444444
 20
222.0716355555556
 30
0.0
 10
356.2556727777777
 20
222.0716355555556
 30
0.0
 10
357.5468394444444
 20
222.0716355555556
 30
0.0
 10
357.7662672222222
 20
218.353005
 30
0.0
  0
SPLINE
  5
F2
330
1F
100
AcDbEntity
  8
DEFAULT
 62
     1
100
AcDbSpline
210
0.0
220
0.0
230
1.0
 70
     8
 71
     3
 72
    38
 73
    34
 74
     0
 42
0.000000001
 43
0.0000000001
 40
0.0
 40
0.0
 40
0.0
 40
0.0
 40
1.0
 40
1.0
 40
1.0
 40
2.0
 40
2.0
 40
2.0
 40
3.0
 40
3.0
 40
3.0
 40
4.0
 40
4.0
 40
4.0
 40
9.672000000000025
 40
9.672000000000025
 40
9.672000000000025
 40
18.17200000000003
 40
18.17200000000003
 40
18.17200000000003
 40
23.84400000000005
 40
23.84400000000005
 40
23.84400000000005
 40
24.84400000000005
 40
24.84400000000005
 40
24.84400000000005
 40
25.84400000000005
 40
25.84400000000005
 40
25.84400000000005
 40
26.85400000000004
 40
26.85400000000004
 40
26.85400000000004
 40
27.85400000000004
 40
27.85400000000004
 40
27.85400000000004
 40
27.85400000000004
 10
357.7662672222222
 20
218.3529344444444
 30
0.0
 10
358.0089783333333
 20
221.0167594444445
 30
0.0
 10
359.2087755555555
 20
221.0167594444445
 30
0.0
 10
364.3946088888889
 20
221.0167594444445
 30
0.0
 10
368.1936727777777
 20
221.0167594444445
 30
0.0
 10
374.5581366666666
 20
220.61424
 30
0.0
 10
375.0555533333333
 20
208.5598233333333
 30
0.0
 10
375.0555533333333
 20
208.5069066666667
 30
0.0
 10
373.9372477777777
 20
208.0588788888889
 30
0.0
 10
372.5543588888889
 20
208.0588788888889
 30
0.0
 10
371.1718227777777
 20
208.0588788888889
 30
0.0
 10
370.3957116666666
 20
208.1086205555555
 30
0.0
 10
370.0531644444443
 20
208.1086205555555
 30
0.0
 10
369.3861792592591
 20
208.1086205555556
 30
0.0
 10
368.719194074074
 20
208.1086205555556
 30
0.0
 10
368.0522088888888
 20
208.1086205555555
 30
0.0
 10
368.0522088888888
 20
207.1090835185185
 30
0.0
 10
368.0522088888888
 20
206.1095464814815
 30
0.0
 10
368.0522088888888
 20
205.1100094444444
 30
0.0
 10
368.719194074074
 20
205.1100094444444
 30
0.0
 10
369.3861792592591
 20
205.1100094444444
 30
0.0
 10
370.0531644444443
 20
205.1100094444444
 30
0.0
 10
370.3957116666666
 20
205.1100094444444
 30
0.0
 10
371.1718227777777
 20
205.1597511111111
 30
0.0
 10
372.5543588888889
 20
205.1597511111111
 30
0.0
 10
373.9372477777777
 20
205.1597511111111
 30
0.0
 10
375.0555533333333
 20
204.7110177777778
 30
0.0
 10
375.0555533333333
 20
204.6545733333333
 30
0.0
 10
374.5581366666666
 20
192.6033316666667
 30
0.0
 10
368.1936727777777
 20
192.2015177777778
 30
0.0
 10
364.3946088888889
 20
192.19799
 30
0.0
 10
359.2087755555555
 20
192.19799
 30
0.0
 10
358.0089783333333
 20
192.19799
 30
0.0
 10
357.7662672222222
 20
194.8611094444444
 30
0.0
  0
POLYLINE
  5
F3
330
1F
100
AcDbEntity
  8
DEFAULT
 62
     1
100
AcDb2dPolyline
 66
     1
 10
0.0
 20
0.0
 30
0.0
  0
VERTEX
  5
F4
330
F3
100
AcDbEntity
  8
DEFAULT
 62
     1
100
AcDbVertex
100
AcDb2dVertex
 10
357.7662672222222
 20
215.4604388888889
 30
0.0
  0
VERTEX
  5
F5
330
F3
100
AcDbEntity
  8
DEFAULT
 62
     1
100
AcDbVertex
100
AcDb2dVertex
 10
357.7662672222222
 20
218.3528638888889
 30
0.0
  0
SEQEND
  5
F6
330
F3
100
AcDbEntity
  8
DEFAULT
 62
     1
  0
SPLINE
  5
F7
330
1F
100
AcDbEntity
  8
DEFAULT
 62
     1
100
AcDbSpline
210
0.0
220
0.0
230
1.0
 70
     8
 71
     3
 72
    26
 73
    22
 74
     0
 42
0.000000001
 43
0.0000000001
 40
0.0
 40
0.0
 40
0.0
 40
0.0
 40
1.0
 40
1.0
 40
1.0
 40
2.0
 40
2.0
 40
2.0
 40
21.84900000000005
 40
21.84900000000005
 40
21.84900000000005
 40
30.34900000000005
 40
30.34900000000005
 40
30.34900000000005
 40
50.19800000000009
 40
50.19800000000009
 40
50.19800000000009
 40
51.19800000000009
 40
51.19800000000009
 40
51.19800000000009
 40
52.19800000000009
 40
52.19800000000009
 40
52.19800000000009
 40
52.19800000000009
 10
357.7662672222222
 20
215.4604388888889
 30
0.0
 10
357.7662672222222
 20
215.4075222222222
 30
0.0
 10
356.6476088888888
 20
214.9594944444445
 30
0.0
 10
355.2640144444444
 20
214.9594944444445
 30
0.0
 10
353.8811255555555
 20
214.9594944444445
 30
0.0
 10
353.10572
 20
215.0050027777777
 30
0.0
 10
352.76282
 20
215.0050027777777
 30
0.0
 10
350.4287246296296
 20
215.0050027777778
 30
0.0
 10
348.0946292592592
 20
215.0050027777778
 30
0.0
 10
345.7605338888888
 20
215.0050027777777
 30
0.0
 10
345.7605338888888
 20
214.0054657407407
 30
0.0
 10
345.7605338888888
 20
213.0059287037037
 30
0.0
 10
345.7605338888888
 20
212.0063916666666
 30
0.0
 10
348.0946292592592
 20
212.0063916666666
 30
0.0
 10
350.4287246296296
 20
212.0063916666666
 30
0.0
 10
352.76282
 20
212.0063916666666
 30
0.0
 10
353.10572
 20
212.0063916666666
 30
0.0
 10
353.8811255555555
 20
212.0561333333333
 30
0.0
 10
355.2640144444444
 20
212.0561333333333
 30
0.0
 10
356.6476088888888
 20
212.0561333333333
 30
0.0
 10
357.7662672222222
 20
211.6116333333333
 30
0.0
 10
357.7662672222222
 20
211.5551888888889
 30
0.0
  0
SPLINE
  5
F8
330
1F
100
AcDbEntity
  8
DEFAULT
 62
     1
100
AcDbSpline
210
0.0
220
0.0
230
1.0
 70
     8
 71
     3
 72
    26
 73
    22
 74
     0
 42
0.000000001
 43
0.0000000001
 40
0.0
 40
0.0
 40
0.0
 40
0.0
 40
1.0
 40
1.0
 40
1.0
 40
2.0
 40
2.0
 40
2.0
 40
21.84900000000005
 40
21.84900000000005
 40
21.84900000000005
 40
30.34900000000005
 40
30.34900000000005
 40
30.34900000000005
 40
50.19800000000009
 40
50.19800000000009
 40
50.19800000000009
 40
51.19800000000009
 40
51.19800000000009
 40
51.19800000000009
 40
52.19800000000009
 40
52.19800000000009
 40
52.19800000000009
 40
52.19800000000009
 10
357.7662672222222
 20
201.6597369444444
 30
0.0
 10
357.7662672222222
 20
201.6068202777778
 30
0.0
 10
356.6476088888888
 20
201.1580869444444
 30
0.0
 10
355.2640144444444
 20
201.1580869444444
 30
0.0
 10
353.8811255555555
 20
201.1580869444444
 30
0.0
 10
353.10572
 20
201.2078286111111
 30
0.0
 10
352.76282
 20
201.2078286111111
 30
0.0
 10
350.4287246296296
 20
201.2078286111111
 30
0.0
 10
348.0946292592592
 20
201.2078286111111
 30
0.0
 10
345.7605338888888
 20
201.2078286111111
 30
0.0
 10
345.7605338888888
 20
200.2082915740741
 30
0.0
 10
345.7605338888888
 20
199.2087545370371
 30
0.0
 10
345.7605338888888
 20
198.2092175
 30
0.0
 10
348.0946292592592
 20
198.2092175
 30
0.0
 10
350.4287246296296
 20
198.2092175
 30
0.0
 10
352.76282
 20
198.2092175
 30
0.0
 10
353.10572
 20
198.2092175
 30
0.0
 10
353.8811255555555
 20
198.2586063888889
 30
0.0
 10
355.2640144444444
 20
198.2586063888889
 30
0.0
 10
356.6476088888888
 20
198.2586063888889
 30
0.0
 10
357.7662672222222
 20
197.8109313888889
 30
0.0
 10
357.7662672222222
 20
197.7544869444444
 30
0.0
  0
SPLINE
  5
F9
330
1F
100
AcDbEntity
  8
DEFAULT
 62
     1
100
AcDbSpline
210
0.0
220
0.0
230
1.0
 70
     8
 71
     3
 72
    50
 73
    46
 74
     0
 42
0.000000001
 43
0.0000000001
 40
0.0
 40
0.0
 40
0.0
 40
0.0
 40
1.0
 40
1.0
 40
1.0
 40
2.0
 40
2.0
 40
2.0
 40
16.16999999999985
 40
16.16999999999985
 40
16.16999999999985
 40
24.66999999999985
 40
24.66999999999985
 40
24.66999999999985
 40
38.83999999999969
 40
38.83999999999969
 40
38.83999999999969
 40
39.83999999999969
 40
39.83999999999969
 40
39.83999999999969
 40
40.83999999999969
 40
40.83999999999969
 40
40.83999999999969
 40
68.88999999999965
 40
68.88999999999965
 40
68.88999999999965
 40
69.88999999999965
 40
69.88999999999965
 40
69.88999999999965
 40
70.88999999999965
 40
70.88999999999965
 40
70.88999999999965
 40
85.05999999999949
 40
85.05999999999949
 40
85.05999999999949
 40
93.55999999999949
 40
93.55999999999949
 40
93.55999999999949
 40
107.7299999999993
 40
107.7299999999993
 40
107.7299999999993
 40
108.7299999999993
 40
108.7299999999993
 40
108.7299999999993
 40
109.7299999999993
 40
109.7299999999993
 40
109.7299999999993
 40
109.7299999999993
 10
357.7662672222222
 20
197.7543458333333
 30
0.0
 10
357.7662672222222
 20
197.8065569444444
 30
0.0
 10
358.88422
 20
198.2552902777777
 30
0.0
 10
360.2671088888889
 20
198.2552902777777
 30
0.0
 10
361.6499977777777
 20
198.2552902777777
 30
0.0
 10
362.4261088888888
 20
198.2090763888889
 30
0.0
 10
362.7683033333333
 20
198.2090763888889
 30
0.0
 10
364.4345903703704
 20
198.2090763888889
 30
0.0
 10
366.1008774074074
 20
198.2090763888889
 30
0.0
 10
367.7671644444443
 20
198.2090763888889
 30
0.0
 10
367.7671644444443
 20
199.2086134259259
 30
0.0
 10
367.7671644444443
 20
200.2081504629629
 30
0.0
 10
367.7671644444443
 20
201.2076875
 30
0.0
 10
366.1008774074074
 20
201.2076874999999
 30
0.0
 10
364.4345903703704
 20
201.2076874999999
 30
0.0
 10
362.7683033333333
 20
201.2076875
 30
0.0
 10
362.4261088888888
 20
201.2076875
 30
0.0
 10
361.6499977777777
 20
201.1579458333333
 30
0.0
 10
360.2671088888889
 20
201.1579458333333
 30
0.0
 10
358.88422
 20
201.1579458333333
 30
0.0
 10
357.7662672222222
 20
201.6031513888888
 30
0.0
 10
357.7662672222222
 20
201.6595958333333
 30
0.0
 10
357.7662672222221
 20
204.9580680555556
 30
0.0
 10
357.7662672222221
 20
208.2565402777778
 30
0.0
 10
357.7662672222222
 20
211.5550125
 30
0.0
 10
357.7662672222222
 20
211.6082819444444
 30
0.0
 10
358.88422
 20
212.0559569444444
 30
0.0
 10
360.2671088888889
 20
212.0559569444444
 30
0.0
 10
361.6499977777777
 20
212.0559569444444
 30
0.0
 10
362.4261088888888
 20
212.0062152777778
 30
0.0
 10
362.7683033333333
 20
212.0062152777778
 30
0.0
 10
364.4345903703704
 20
212.0062152777778
 30
0.0
 10
366.1008774074074
 20
212.0062152777778
 30
0.0
 10
367.7671644444443
 20
212.0062152777778
 30
0.0
 10
367.7671644444443
 20
213.0057523148148
 30
0.0
 10
367.7671644444443
 20
214.0052893518518
 30
0.0
 10
367.7671644444443
 20
215.0048263888889
 30
0.0
 10
366.1008774074074
 20
215.0048263888889
 30
0.0
 10
364.4345903703704
 20
215.0048263888889
 30
0.0
 10
362.7683033333333
 20
215.0048263888889
 30
0.0
 10
362.4261088888888
 20
215.0048263888889
 30
0.0
 10
361.6499977777777
 20
214.9596708333333
 30
0.0
 10
360.2671088888889
 20
214.9596708333333
 30
0.0
 10
358.88422
 20
214.9596708333333
 30
0.0
 10
357.7662672222222
 20
215.4038180555555
 30
0.0
 10
357.7662672222222
 20
215.4602625
 30
0.0
  0
SPLINE
  5
FA
330
1F
100
AcDbEntity
  8
DEFAULT
 62
     1
100
AcDbSpline
210
0.0
220
0.0
230
1.0
 70
     8
 71
     3
 72
    11
 73
     7
 74
     0
 42
0.000000001
 43
0.0000000001
 40
0.0
 40
0.0
 40
0.0
 40
0.0
 40
1.0
 40
1.0
 40
1.0
 40
2.0
 40
2.0
 40
2.0
 40
2.0
 10
405.7860961111111
 20
279.9481461111111
 30
0.0
 10
405.7860961111111
 20
279.3025627777777
 30
0.0
 10
405.38781
 20
279.2880988888889
 30
0.0
 10
405.2114211111111
 20
278.8118488888888
 30
0.0
 10
405.3768738888888
 20
277.7997294444444
 30
0.0
 10
405.7860961111111
 20
277.7323488888889
 30
0.0
 10
405.7860961111111
 20
276.4485905555555
 30
0.0
  0
POLYLINE
  5
FB
330
1F
100
AcDbEntity
  8
DEFAULT
 62
     1
100
AcDb2dPolyline
 66
     1
 10
0.0
 20
0.0
 30
0.0
  0
VERTEX
  5
FC
330
FB
100
AcDbEntity
  8
DEFAULT
 62
     1
100
AcDbVertex
100
AcDb2dVertex
 10
405.7860961111112
 20
275.0092572222222
 30
0.0
  0
VERTEX
  5
FD
330
FB
100
AcDbEntity
  8
DEFAULT
 62
     1
100
AcDbVertex
100
AcDb2dVertex
 10
402.0219572222222
 20
277.7323488888889
 30
0.0
  0
VERTEX
  5
FE
330
FB
100
AcDbEntity
  8
DEFAULT
 62
     1
100
AcDbVertex
100
AcDb2dVertex
 10
400.2051516666667
 20
275.7356266666666
 30
0.0
  0
VERTEX
  5
FF
330
FB
100
AcDbEntity
  8
DEFAULT
 62
     1
100
AcDbVertex
100
AcDb2dVertex
 10
405.7860961111111
 20
269.9539516666666
 30
0.0
  0
SEQEND
  5
100
330
FB
100
AcDbEntity
  8
DEFAULT
 62
     1
  0
SPLINE
  5
101
330
1F
100
AcDbEntity
  8
DEFAULT
 62
     1
100
AcDbSpline
210
0.0
220
0.0
230
1.0
 70
     8
 71
     3
 72
    11
 73
     7
 74
     0
 42
0.000000001
 43
0.0000000001
 40
0.0
 40
0.0
 40
0.0
 40
0.0
 40
1.0
 40
1.0
 40
1.0
 40
2.0
 40
2.0
 40
2.0
 40
2.0
 10
405.7860961111111
 20
269.0402925
 30
0.0
 10
405.7860961111111
 20
267.6609313888889
 30
0.0
 10
404.678021111111
 20
267.9392730555555
 30
0.0
 10
404.12416
 20
266.6061258333334
 30
0.0
 10
404.7842072222222
 20
264.7078286111111
 30
0.0
 10
405.7860961111111
 20
264.2495702777778
 30
0.0
 10
405.7860961111111
 20
262.1329036111111
 30
0.0
  0
POLYLINE
  5
102
330
1F
100
AcDbEntity
  8
DEFAULT
 62
     1
100
AcDb2dPolyline
 66
     1
 10
0.0
 20
0.0
 30
0.0
  0
VERTEX
  5
103
330
102
100
AcDbEntity
  8
DEFAULT
 62
     1
100
AcDbVertex
100
AcDb2dVertex
 10
405.786096111111
 20
260.3972369444444
 30
0.0
  0
VERTEX
  5
104
330
102
100
AcDbEntity
  8
DEFAULT
 62
     1
100
AcDbVertex
100
AcDb2dVertex
 10
401.7817155555554
 20
262.8137647222222
 30
0.0
  0
VERTEX
  5
105
330
102
100
AcDbEntity
  8
DEFAULT
 62
     1
100
AcDbVertex
100
AcDb2dVertex
 10
399.9652627777778
 20
260.8202175
 30
0.0
  0
VERTEX
  5
106
330
102
100
AcDbEntity
  8
DEFAULT
 62
     1
100
AcDbVertex
100
AcDb2dVertex
 10
405.7860961111111
 20
254.6081536111111
 30
0.0
  0
SEQEND
  5
107
330
102
100
AcDbEntity
  8
DEFAULT
 62
     1
  0
SPLINE
  5
108
330
1F
100
AcDbEntity
  8
DEFAULT
 62
     1
100
AcDbSpline
210
0.0
220
0.0
230
1.0
 70
     8
 71
     3
 72
    11
 73
     7
 74
     0
 42
0.000000001
 43
0.0000000001
 40
0.0
 40
0.0
 40
0.0
 40
0.0
 40
1.0
 40
1.0
 40
1.0
 40
2.0
 40
2.0
 40
2.0
 40
2.0
 10
405.7860961111111
 20
253.6062647222222
 30
0.0
 10
405.7860961111111
 20
252.4914869444445
 30
0.0
 10
404.0222072222222
 20
251.0133480555555
 30
0.0
 10
403.1300322222222
 20
248.9492452777777
 30
0.0
 10
404.4032072222222
 20
246.5507091666666
 30
0.0
 10
405.7860961111111
 20
245.6260786111111
 30
0.0
 10
405.7860961111111
 20
243.7284869444444
 30
0.0
  0
POLYLINE
  5
109
330
1F
100
AcDbEntity
  8
DEFAULT
 62
     1
100
AcDb2dPolyline
 66
     1
 10
0.0
 20
0.0
 30
0.0
  0
VERTEX
  5
10A
330
109
100
AcDbEntity
  8
DEFAULT
 62
     1
100
AcDbVertex
100
AcDb2dVertex
 10
405.786096111111
 20
240.3770980555555
 30
0.0
  0
VERTEX
  5
10B
330
109
100
AcDbEntity
  8
DEFAULT
 62
     1
100
AcDbVertex
100
AcDb2dVertex
 10
402.0716988888888
 20
242.6874397222222
 30
0.0
  0
VERTEX
  5
10C
330
109
100
AcDbEntity
  8
DEFAULT
 62
     1
100
AcDbVertex
100
AcDb2dVertex
 10
400.2545405555555
 20
240.6914230555555
 30
0.0
  0
VERTEX
  5
10D
330
109
100
AcDbEntity
  8
DEFAULT
 62
     1
100
AcDbVertex
100
AcDb2dVertex
 10
405.7860961111111
 20
234.7711063888889
 30
0.0
  0
SEQEND
  5
10E
330
109
100
AcDbEntity
  8
DEFAULT
 62
     1
  0
SPLINE
  5
10F
330
1F
100
AcDbEntity
  8
DEFAULT
 62
     1
100
AcDbSpline
210
0.0
220
0.0
230
1.0
 70
     8
 71
     3
 72
    11
 73
     7
 74
     0
 42
0.000000001
 43
0.0000000001
 40
0.0
 40
0.0
 40
0.0
 40
0.0
 40
1.0
 40
1.0
 40
1.0
 40
2.0
 40
2.0
 40
2.0
 40
2.0
 10
405.7860961111111
 20
232.7854613888888
 30
0.0
 10
405.7860961111111
 20
231.1764419444444
 30
0.0
 10
404.6995405555556
 20
228.8689225
 30
0.0
 10
403.0555961111111
 20
226.4527475
 30
0.0
 10
404.9221433333333
 20
224.0782002777777
 30
0.0
 10
405.7860961111111
 20
223.0166919444444
 30
0.0
 10
405.7860961111111
 20
220.5264336111111
 30
0.0
  0
POLYLINE
  5
110
330
1F
100
AcDbEntity
  8
DEFAULT
 62
     1
100
AcDb2dPolyline
 66
     1
 10
0.0
 20
0.0
 30
0.0
  0
VERTEX
  5
111
330
110
100
AcDbEntity
  8
DEFAULT
 62
     1
100
AcDbVertex
100
AcDb2dVertex
 10
405.7860961111112
 20
217.8206633333334
 30
0.0
  0
VERTEX
  5
112
330
110
100
AcDbEntity
  8
DEFAULT
 62
     1
100
AcDbVertex
100
AcDb2dVertex
 10
402.7627905555557
 20
219.6798022222222
 30
0.0
  0
VERTEX
  5
113
330
110
100
AcDbEntity
  8
DEFAULT
 62
     1
100
AcDbVertex
100
AcDb2dVertex
 10
400.9456322222222
 20
217.6827272222222
 30
0.0
  0
VERTEX
  5
114
330
110
100
AcDbEntity
  8
DEFAULT
 62
     1
100
AcDbVertex
100
AcDb2dVertex
 10
405.7860961111111
 20
212.3734216666666
 30
0.0
  0
SEQEND
  5
115
330
110
100
AcDbEntity
  8
DEFAULT
 62
     1
  0
SPLINE
  5
116
330
1F
100
AcDbEntity
  8
DEFAULT
 62
     1
100
AcDbSpline
210
0.0
220
0.0
230
1.0
 70
     8
 71
     3
 72
    98
 73
    94
 74
     0
 42
0.000000001
 43
0.0000000001
 40
0.0
 40
0.0
 40
0.0
 40
0.0
 40
1.0
 40
1.0
 40
1.0
 40
2.0
 40
2.0
 40
2.0
 40
3.0
 40
3.0
 40
3.0
 40
4.0
 40
4.0
 40
4.0
 40
9.665656625670064
 40
9.665656625670064
 40
9.665656625670064
 40
18.15798398629398
 40
18.15798398629398
 40
18.15798398629398
 40
23.82291655429524
 40
23.82291655429524
 40
23.82291655429524
 40
24.82291655429524
 40
24.82291655429524
 40
24.82291655429524
 40
25.82291655429524
 40
25.82291655429524
 40
25.82291655429524
 40
26.82291655429524
 40
26.82291655429524
 40
26.82291655429524
 40
27.82291655429524
 40
27.82291655429524
 40
27.82291655429524
 40
28.82291655429524
 40
28.82291655429524
 40
28.82291655429524
 40
28.85291655429522
 40
28.85291655429522
 40
28.85291655429522
 40
29.85291655429522
 40
29.85291655429522
 40
29.85291655429522
 40
30.85291655429522
 40
30.85291655429522
 40
30.85291655429522
 40
45.02156370213537
 40
45.02156370213537
 40
45.02156370213537
 40
53.51952592845769
 40
53.51952592845769
 40
53.51952592845769
 40
67.68609788500386
 40
67.68609788500386
 40
67.68609788500386
 40
68.68609788500386
 40
68.68609788500386
 40
68.68609788500386
 40
69.68609788500386
 40
69.68609788500386
 40
69.68609788500386
 40
70.68609788500386
 40
70.68609788500386
 40
70.68609788500386
 40
71.68609788500386
 40
71.68609788500386
 40
71.68609788500386
 40
72.68609788500386
 40
72.68609788500386
 40
72.68609788500386
 40
73.68609788500386
 40
73.68609788500386
 40
73.68609788500386
 40
74.68609788500386
 40
74.68609788500386
 40
74.68609788500386
 40
75.68609788500386
 40
75.68609788500386
 40
75.68609788500386
 40
76.68609788500386
 40
76.68609788500386
 40
76.68609788500386
 40
77.68609788500386
 40
77.68609788500386
 40
77.68609788500386
 40
88.26927420404918
 40
88.26927420404918
 40
88.26927420404918
 40
95.92227368137819
 40
95.92227368137819
 40
95.92227368137819
 40
116.2925913519497
 40
116.2925913519497
 40
116.2925913519497
 40
116.2925913519497
 10
405.7860961111111
 20
204.3937647222222
 30
0.0
 10
405.7860961111111
 20
199.0523563888889
 30
0.0
 10
401.5880405555555
 20
194.7308286111111
 30
0.0
 10
396.4018544444444
 20
194.7308286111111
 30
0.0
 10
394.4552266666667
 20
194.6288758333334
 30
0.0
 10
394.9275961111111
 20
196.1172452777778
 30
0.0
 10
393.8516238888889
 20
196.4100508333333
 30
0.0
 10
393.8015294444444
 20
196.3895897222222
 30
0.0
 10
392.97991
 20
197.2715341666667
 30
0.0
 10
392.4786127777778
 20
198.5584675
 30
0.0
 10
391.9776683333333
 20
199.8496341666667
 30
0.0
 10
391.7451877777778
 20
200.5869397222222
 30
0.0
 10
391.6185405555555
 20
200.9079675
 30
0.0
 10
391.3772405555555
 20
201.5289739814815
 30
0.0
 10
391.1359405555556
 20
202.149980462963
 30
0.0
 10
390.8946405555556
 20
202.7709869444444
 30
0.0
 10
389.9635424074074
 20
202.4099776851852
 30
0.0
 10
389.0324442592592
 20
202.0489684259259
 30
0.0
 10
388.1013461111111
 20
201.6879591666667
 30
0.0
 10
388.3424109259259
 20
201.0669526851852
 30
0.0
 10
388.5834757407408
 20
200.4459462037037
 30
0.0
 10
388.8245405555556
 20
199.8249397222222
 30
0.0
 10
388.94766
 20
199.5046175
 30
0.0
 10
389.2757433333333
 20
198.7990619444444
 30
0.0
 10
389.7770405555555
 20
197.5075425
 30
0.0
 10
390.2737516666667
 20
196.2199036111111
 30
0.0
 10
390.2635211111111
 20
195.0169313888889
 30
0.0
 10
390.2137794444444
 20
194.9954119444444
 30
0.0
 10
385.7867711111111
 20
193.3447647222222
 30
0.0
 10
378.2620211111111
 20
208.3554591666667
 30
0.0
 10
378.5689377777778
 20
218.4022175
 30
0.0
 10
378.632085
 20
220.5650980555556
 30
0.0
 10
378.2373266666667
 20
225.8567647222222
 30
0.0
 10
380.5205044444444
 20
226.1460425
 30
0.0
 10
380.5832988888889
 20
226.1460425
 30
0.0
 10
380.6503266666667
 20
226.1495702777778
 30
0.0
 10
380.7208822222222
 20
226.1598008333333
 30
0.0
 10
380.72441
 20
226.1598008333333
 30
0.0
 10
380.7279377777777
 20
226.1598008333333
 30
0.0
 10
380.7314655555555
 20
226.1598008333333
 30
0.0
 10
380.7850877777778
 20
226.1598008333333
 30
0.0
 10
381.3241322222223
 20
225.0810063888889
 30
0.0
 10
381.4370211111111
 20
223.7083480555555
 30
0.0
 10
381.54991
 20
222.3289869444444
 30
0.0
 10
381.5675488888888
 20
221.5532286111111
 30
0.0
 10
381.5957711111111
 20
221.2106813888889
 30
0.0
 10
381.7322961111111
 20
219.5501563888889
 30
0.0
 10
381.8688211111111
 20
217.8896313888889
 30
0.0
 10
382.0053461111111
 20
216.2291063888889
 30
0.0
 10
383.0012377777778
 20
216.3115387962963
 30
0.0
 10
383.9971294444445
 20
216.3939712037037
 30
0.0
 10
384.9930211111111
 20
216.4764036111111
 30
0.0
 10
384.8566137037037
 20
218.1366934259259
 30
0.0
 10
384.7202062962963
 20
219.7969832407407
 30
0.0
 10
384.5837988888889
 20
221.4572730555556
 30
0.0
 10
384.5555766666666
 20
221.7998202777778
 30
0.0
 10
384.4426877777778
 20
222.5688758333333
 30
0.0
 10
384.3297988888889
 20
223.9447091666667
 30
0.0
 10
384.2165572222222
 20
225.3240702777778
 30
0.0
 10
384.56616
 20
226.4741258333333
 30
0.0
 10
384.6226044444444
 20
226.4808286111111
 30
0.0
 10
387.9175488888889
 20
226.6325230555555
 30
0.0
 10
391.1070127777778
 20
234.6162369444444
 30
0.0
 10
392.246485
 20
244.9487452777778
 30
0.0
 10
392.722735
 20
252.1842175
 30
0.0
 10
392.4122905555555
 20
254.4352925
 30
0.0
 10
390.5316322222222
 20
257.4794119444445
 30
0.0
 10
392.7541322222222
 20
260.0652730555555
 30
0.0
 10
393.2801238888889
 20
263.9705230555555
 30
0.0
 10
393.9712155555555
 20
268.4229313888889
 30
0.0
 10
394.6316155555556
 20
272.6947175
 30
0.0
 10
394.7116961111111
 20
276.7202647222222
 30
0.0
 10
393.4949655555556
 20
279.8070702777778
 30
0.0
 10
394.6171516666666
 20
281.7505230555556
 30
0.0
 10
394.6870016666667
 20
284.0647452777777
 30
0.0
 10
395.300835
 20
286.5796980555555
 30
0.0
 10
396.4865211111111
 20
290.3614758333333
 30
0.0
 10
398.4158627777778
 20
295.2089952777778
 30
0.0
 10
400.62531
 20
295.3465786111111
 30
0.0
 10
400.8965961111111
 20
295.3638647222222
 30
0.0
 10
401.5280683333334
 20
295.3254119444445
 30
0.0
 10
401.8173461111111
 20
295.2336897222222
 30
0.0
 10
404.6254572222222
 20
294.3588008333333
 30
0.0
 10
405.7684572222222
 20
291.5115313888888
 30
0.0
 10
405.7860961111111
 20
286.7490313888889
 30
0.0
 10
404.7383461111111
 20
287.4206026851852
 30
0.0
 10
403.6905961111111
 20
288.0921739814815
 30
0.0
 10
402.6428461111111
 20
288.7637452777778
 30
0.0
 10
402.0371266666666
 20
288.0981712037037
 30
0.0
 10
401.4314072222222
 20
287.4325971296296
 30
0.0
 10
400.8256877777778
 20
286.7670230555556
 30
0.0
 10
402.4791572222222
 20
285.0338258333333
 30
0.0
 10
404.1326266666667
 20
283.3006286111111
 30
0.0
 10
405.7860961111111
 20
281.5674313888888
 30
0.0
  0
SPLINE
  5
117
330
1F
100
AcDbEntity
  8
DEFAULT
 62
     1
100
AcDbSpline
210
0.0
220
0.0
230
1.0
 70
    11
 71
     3
 72
   185
 73
   181
 74
     0
 42
0.000000001
 43
0.0000000001
 40
0.0
 40
0.0
 40
0.0
 40
0.0
 40
20.35919205174915
 40
20.35919205174915
 40
20.35919205174915
 40
28.0115184953871
 40
28.0115184953871
 40
28.0115184953871
 40
38.06370731175932
 40
38.06370731175932
 40
38.06370731175932
 40
45.73370731175928
 40
45.73370731175928
 40
45.73370731175928
 40
46.73370731175928
 40
46.73370731175928
 40
46.73370731175928
 40
47.73370731175928
 40
47.73370731175928
 40
47.73370731175928
 40
53.3627073117593
 40
53.3627073117593
 40
53.3627073117593
 40
76.32247344732785
 40
76.32247344732785
 40
76.32247344732785
 40
83.96800560670046
 40
83.96800560670046
 40
83.96800560670046
 40
96.36757180878993
 40
96.36757180878993
 40
96.36757180878993
 40
105.8675718087899
 40
105.8675718087899
 40
105.8675718087899
 40
106.8675718087899
 40
106.8675718087899
 40
106.8675718087899
 40
107.8675718087899
 40
107.8675718087899
 40
107.8675718087899
 40
110.70757180879
 40
110.70757180879
 40
110.70757180879
 40
134.8321854015504
 40
134.8321854015504
 40
134.8321854015504
 40
142.4771183639772
 40
142.4771183639772
 40
142.4771183639772
 40
155.7249257674685
 40
155.7249257674685
 40
155.7249257674685
 40
160.6449257674686
 40
160.6449257674686
 40
160.6449257674686
 40
161.6449257674686
 40
161.6449257674686
 40
161.6449257674686
 40
162.6449257674686
 40
162.6449257674686
 40
162.6449257674686
 40
165.2349257674686
 40
165.2349257674686
 40
165.2349257674686
 40
188.0060180557186
 40
188.0060180557186
 40
188.0060180557186
 40
195.6590841732952
 40
195.6590841732952
 40
195.6590841732952
 40
208.8203364313442
 40
208.8203364313442
 40
208.8203364313442
 40
212.9003364313442
 40
212.9003364313442
 40
212.9003364313442
 40
213.9003364313442
 40
213.9003364313442
 40
213.9003364313442
 40
214.9003364313442
 40
214.9003364313442
 40
214.9003364313442
 40
219.4903364313441
 40
219.4903364313441
 40
219.4903364313441
 40
239.8537526967942
 40
239.8537526967942
 40
239.8537526967942
 40
247.5067521741232
 40
247.5067521741232
 40
247.5067521741232
 40
258.0815108474926
 40
258.0815108474926
 40
258.0815108474926
 40
259.0815108474926
 40
259.0815108474926
 40
259.0815108474926
 40
260.0815108474926
 40
260.0815108474926
 40
260.0815108474926
 40
261.0815108474926
 40
261.0815108474926
 40
261.0815108474926
 40
262.0815108474926
 40
262.0815108474926
 40
262.0815108474926
 40
263.0815108474926
 40
263.0815108474926
 40
263.0815108474926
 40
264.0815108474926
 40
264.0815108474926
 40
264.0815108474926
 40
265.0815108474926
 40
265.0815108474926
 40
265.0815108474926
 40
266.0815108474926
 40
266.0815108474926
 40
266.0815108474926
 40
267.0815108474926
 40
267.0815108474926
 40
267.0815108474926
 40
268.0815108474926
 40
268.0815108474926
 40
268.0815108474926
 40
282.2489051386104
 40
282.2489051386104
 40
282.2489051386104
 40
290.7478639571952
 40
290.7478639571952
 40
290.7478639571952
 40
304.9172514174916
 40
304.9172514174916
 40
304.9172514174916
 40
305.9172514174916
 40
305.9172514174916
 40
305.9172514174916
 40
306.9172514174916
 40
306.9172514174916
 40
306.9172514174916
 40
306.9462514174916
 40
306.9462514174916
 40
306.9462514174916
 40
307.9462514174916
 40
307.9462514174916
 40
307.9462514174916
 40
308.9462514174916
 40
308.9462514174916
 40
308.9462514174916
 40
309.9462514174916
 40
309.9462514174916
 40
309.9462514174916
 40
310.9462514174916
 40
310.9462514174916
 40
310.9462514174916
 40
311.9462514174916
 40
311.9462514174916
 40
311.9462514174916
 40
317.611545937638
 40
317.611545937638
 40
317.611545937638
 40
326.1066704805745
 40
326.1066704805745
 40
326.1066704805745
 40
331.7719650007207
 40
331.7719650007207
 40
331.7719650007207
 40
332.7719650007207
 40
332.7719650007207
 40
332.7719650007207
 40
333.7719650007207
 40
333.7719650007207
 40
333.7719650007207
 40
334.7719650007207
 40
334.7719650007207
 40
334.7719650007207
 40
335.7719650007207
 40
335.7719650007207
 40
335.7719650007207
 40
358.3909650007207
 40
358.3909650007207
 40
358.3909650007207
 40
358.3909650007207
 10
405.7860961111111
 20
212.3732805555555
 30
0.0
 10
407.3982905555555
 20
214.1431666666666
 30
0.0
 10
409.010485
 20
215.9130527777778
 30
0.0
 10
410.6226794444444
 20
217.6829388888889
 30
0.0
 10
410.0170775925926
 20
218.348512962963
 30
0.0
 10
409.4114757407407
 20
219.0140870370371
 30
0.0
 10
408.8058738888888
 20
219.6796611111111
 30
0.0
 10
407.7992812962963
 20
219.0599481481481
 30
0.0
 10
406.7926887037036
 20
218.4402351851852
 30
0.0
 10
405.7860961111111
 20
217.8205222222222
 30
0.0
 10
405.7860961111111
 20
218.7224574074074
 30
0.0
 10
405.7860961111111
 20
219.6243925925926
 30
0.0
 10
405.7860961111111
 20
220.5263277777778
 30
0.0
 10
405.7860961111111
 20
223.0165861111111
 30
0.0
 10
406.6465211111111
 20
224.0784472222222
 30
0.0
 10
408.5127155555555
 20
226.4526416666666
 30
0.0
 10
406.8691238888889
 20
228.8691694444444
 30
0.0
 10
405.7860961111111
 20
231.1766888888889
 30
0.0
 10
405.7860961111111
 20
232.7853555555556
 30
0.0
 10
405.7860961111111
 20
233.4472842592593
 30
0.0
 10
405.7860961111111
 20
234.109212962963
 30
0.0
 10
405.7860961111111
 20
234.7711416666667
 30
0.0
 10
407.6287720370371
 20
236.744462962963
 30
0.0
 10
409.4714479629631
 20
238.7177842592592
 30
0.0
 10
411.3141238888889
 20
240.6911055555555
 30
0.0
 10
410.7095803703704
 20
241.356562037037
 30
0.0
 10
410.1050368518518
 20
242.0220185185185
 30
0.0
 10
409.5004933333333
 20
242.687475
 30
0.0
 10
408.2623609259259
 20
241.9173611111111
 30
0.0
 10
407.0242285185184
 20
241.1472472222222
 30
0.0
 10
405.7860961111111
 20
240.3771333333333
 30
0.0
 10
405.7860961111111
 20
241.4942629629629
 30
0.0
 10
405.7860961111111
 20
242.6113925925926
 30
0.0
 10
405.7860961111111
 20
243.7285222222222
 30
0.0
 10
405.7860961111111
 20
245.6261138888889
 30
0.0
 10
407.1654572222222
 20
246.5507444444444
 30
0.0
 10
408.44216
 20
248.9492805555555
 30
0.0
 10
407.5464572222222
 20
251.0133833333333
 30
0.0
 10
405.7860961111111
 20
252.4915222222222
 30
0.0
 10
405.7860961111111
 20
253.6063
 30
0.0
 10
405.7860961111111
 20
253.9402629629629
 30
0.0
 10
405.7860961111111
 20
254.2742259259259
 30
0.0
 10
405.7860961111111
 20
254.6081888888889
 30
0.0
 10
407.7251979629629
 20
256.6788768518518
 30
0.0
 10
409.6642998148148
 20
258.7495648148148
 30
0.0
 10
411.6034016666666
 20
260.8202527777778
 30
0.0
 10
410.9977998148148
 20
261.484650925926
 30
0.0
 10
410.3921979629629
 20
262.1490490740741
 30
0.0
 10
409.7865961111111
 20
262.8134472222222
 30
0.0
 10
408.4530961111111
 20
262.0080555555556
 30
0.0
 10
407.1195961111111
 20
261.2026638888889
 30
0.0
 10
405.7860961111111
 20
260.3972722222222
 30
0.0
 10
405.7860961111111
 20
260.9758277777778
 30
0.0
 10
405.7860961111111
 20
261.5543833333333
 30
0.0
 10
405.7860961111111
 20
262.1329388888889
 30
0.0
 10
405.7860961111111
 20
264.2496055555555
 30
0.0
 10
406.7879849999999
 20
264.7078638888889
 30
0.0
 10
407.4441516666666
 20
266.6058083333334
 30
0.0
 10
406.8906433333333
 20
267.9393083333333
 30
0.0
 10
405.7860961111111
 20
267.6609666666666
 30
0.0
 10
405.7860961111111
 20
269.0403277777777
 30
0.0
 10
405.7860961111111
 20
269.3448925925925
 30
0.0
 10
405.7860961111111
 20
269.6494574074074
 30
0.0
 10
405.7860961111111
 20
269.9540222222222
 30
0.0
 10
407.645235
 20
271.8811296296296
 30
0.0
 10
409.5043738888889
 20
273.808237037037
 30
0.0
 10
411.3635127777777
 20
275.7353444444444
 30
0.0
 10
410.7579109259259
 20
276.4010361111111
 30
0.0
 10
410.152309074074
 20
277.0667277777778
 30
0.0
 10
409.5467072222222
 20
277.7324194444444
 30
0.0
 10
408.2931701851851
 20
276.8247222222222
 30
0.0
 10
407.0396331481481
 20
275.917025
 30
0.0
 10
405.7860961111111
 20
275.0093277777778
 30
0.0
 10
405.7860961111111
 20
275.4891055555556
 30
0.0
 10
405.7860961111111
 20
275.9688833333333
 30
0.0
 10
405.7860961111111
 20
276.4486611111111
 30
0.0
 10
405.7860961111111
 20
277.7324194444444
 30
0.0
 10
406.1914377777777
 20
277.7998
 30
0.0
 10
406.3614766666666
 20
278.8119194444445
 30
0.0
 10
406.1850877777778
 20
279.2881694444444
 30
0.0
 10
405.7860961111111
 20
279.3026333333333
 30
0.0
 10
405.7860961111111
 20
279.9482166666667
 30
0.0
 10
405.7860961111111
 20
280.4879666666666
 30
0.0
 10
405.7860961111111
 20
281.0277166666667
 30
0.0
 10
405.7860961111111
 20
281.5674666666666
 30
0.0
 10
407.4383896296296
 20
283.3006638888889
 30
0.0
 10
409.0906831481481
 20
285.0338611111111
 30
0.0
 10
410.7429766666666
 20
286.7670583333333
 30
0.0
 10
410.1372572222222
 20
287.4326324074074
 30
0.0
 10
409.5315377777777
 20
288.0982064814814
 30
0.0
 10
408.9258183333333
 20
288.7637805555555
 30
0.0
 10
407.8792442592592
 20
288.0922092592593
 30
0.0
 10
406.8326701851852
 20
287.420637962963
 30
0.0
 10
405.7860961111111
 20
286.7490666666667
 30
0.0
 10
405.7998544444444
 20
291.5115666666667
 30
0.0
 10
406.9463822222222
 20
294.3584833333333
 30
0.0
 10
409.7513183333333
 20
295.233725
 30
0.0
 10
410.0405961111111
 20
295.3254472222222
 30
0.0
 10
410.6752433333333
 20
295.3639
 30
0.0
 10
410.94406
 20
295.3466138888888
 30
0.0
 10
413.1524488888889
 20
295.2090305555556
 30
0.0
 10
415.0849655555555
 20
290.3615111111111
 30
0.0
 10
416.2671238888889
 20
286.5797333333334
 30
0.0
 10
416.884485
 20
284.0647805555556
 30
0.0
 10
416.95116
 20
281.7505583333333
 30
0.0
 10
418.0768738888888
 20
279.8067527777778
 30
0.0
 10
416.8566155555555
 20
276.7199472222222
 30
0.0
 10
416.9370488888889
 20
272.6947527777778
 30
0.0
 10
417.5967433333333
 20
268.4229666666666
 30
0.0
 10
418.2881877777778
 20
263.9705583333333
 30
0.0
 10
418.8141794444444
 20
260.0649555555555
 30
0.0
 10
421.0363266666666
 20
257.4790944444445
 30
0.0
 10
419.1563738888889
 20
254.434975
 30
0.0
 10
418.8455766666667
 20
252.1842527777778
 30
0.0
 10
419.32606
 20
244.9487805555556
 30
0.0
 10
420.4616516666666
 20
234.6162722222222
 30
0.0
 10
423.653585
 20
226.6325583333333
 30
0.0
 10
426.9453544444444
 20
226.4808638888889
 30
0.0
 10
427.0017988888888
 20
226.4741611111111
 30
0.0
 10
427.3545766666666
 20
225.3241055555555
 30
0.0
 10
427.2381599999999
 20
223.9447444444445
 30
0.0
 10
427.1256238888889
 20
222.5685583333333
 30
0.0
 10
427.012735
 20
221.7998555555556
 30
0.0
 10
426.9880405555555
 20
221.4573083333333
 30
0.0
 10
426.8504572222221
 20
219.7970185185185
 30
0.0
 10
426.7128738888889
 20
218.1367287037037
 30
0.0
 10
426.5752905555556
 20
216.4764388888889
 30
0.0
 10
427.5712998148148
 20
216.3940064814815
 30
0.0
 10
428.5673090740741
 20
216.3115740740741
 30
0.0
 10
429.5633183333333
 20
216.2291416666666
 30
0.0
 10
429.7009016666666
 20
217.8896666666666
 30
0.0
 10
429.8384849999999
 20
219.5501916666666
 30
0.0
 10
429.9760683333333
 20
221.2107166666667
 30
0.0
 10
430.0035849999999
 20
221.5529111111111
 30
0.0
 10
430.0180488888889
 20
222.3290222222222
 30
0.0
 10
430.1312905555556
 20
223.7083833333333
 30
0.0
 10
430.2441794444444
 20
225.0806888888889
 30
0.0
 10
430.7835766666666
 20
226.1598361111111
 30
0.0
 10
430.8368461111111
 20
226.1598361111111
 30
0.0
 10
430.8402562962963
 20
226.1598361111111
 30
0.0
 10
430.8436664814815
 20
226.1598361111111
 30
0.0
 10
430.8470766666666
 20
226.1598361111111
 30
0.0
 10
430.917985
 20
226.1496055555556
 30
0.0
 10
430.9850127777778
 20
226.1460777777778
 30
0.0
 10
431.0481599999999
 20
226.1460777777778
 30
0.0
 10
433.3309849999999
 20
225.8568
 30
0.0
 10
432.9355211111111
 20
220.5651333333333
 30
0.0
 10
432.9990211111111
 20
218.4022527777778
 30
0.0
 10
433.3062905555555
 20
208.3554944444444
 30
0.0
 10
425.7815405555556
 20
193.3448
 30
0.0
 10
421.3577072222222
 20
194.9954472222222
 30
0.0
 10
421.3047905555555
 20
195.0169666666667
 30
0.0
 10
421.2942072222222
 20
196.2199388888889
 30
0.0
 10
421.7955044444445
 20
197.5075777777778
 30
0.0
 10
422.2960961111111
 20
198.7987444444444
 30
0.0
 10
422.6210044444444
 20
199.5043
 30
0.0
 10
422.7441238888889
 20
199.824975
 30
0.0
 10
422.9853062962963
 20
200.4459814814815
 30
0.0
 10
423.2264887037038
 20
201.0669879629629
 30
0.0
 10
423.4676711111111
 20
201.6879944444445
 30
0.0
 10
422.5362201851852
 20
202.0490037037037
 30
0.0
 10
421.6047692592593
 20
202.410012962963
 30
0.0
 10
420.6733183333333
 20
202.7710222222222
 30
0.0
 10
420.4321359259259
 20
202.1500157407407
 30
0.0
 10
420.1909535185185
 20
201.5290092592593
 30
0.0
 10
419.9497711111111
 20
200.9080027777778
 30
0.0
 10
419.8266516666666
 20
200.586975
 30
0.0
 10
419.5906433333333
 20
199.8496694444444
 30
0.0
 10
419.0893461111111
 20
198.5585027777778
 30
0.0
 10
418.5880488888889
 20
197.2712166666667
 30
0.0
 10
417.7664294444444
 20
196.3892722222222
 30
0.0
 10
417.7170405555555
 20
196.4100861111111
 30
0.0
 10
416.6407155555555
 20
196.1172805555555
 30
0.0
 10
417.1176711111111
 20
194.6289111111111
 30
0.0
 10
415.1664572222222
 20
194.7308638888889
 30
0.0
 10
409.9806238888889
 20
194.7308638888889
 30
0.0
 10
405.7860961111111
 20
199.0523916666667
 30
0.0
 10
405.7860961111111
 20
204.3938
 30
0.0
 10
405.7860961111111
 20
207.0536268518518
 30
0.0
 10
405.7860961111111
 20
209.7134537037036
 30
0.0
 10
405.7860961111111
 20
212.3732805555555
 30
0.0
  0
SPLINE
  5
118
330
1F
100
AcDbEntity
  8
DEFAULT
 62
     1
100
AcDbSpline
210
0.0
220
0.0
230
1.0
 70
     8
 71
     3
 72
    68
 73
    64
 74
     0
 42
0.000000001
 43
0.0000000001
 40
0.0
 40
0.0
 40
0.0
 40
0.0
 40
1.0
 40
1.0
 40
1.0
 40
2.0
 40
2.0
 40
2.0
 40
3.0
 40
3.0
 40
3.0
 40
4.0
 40
4.0
 40
4.0
 40
21.04738695519046
 40
21.04738695519046
 40
21.04738695519046
 40
28.99177491147745
 40
28.99177491147745
 40
28.99177491147745
 40
46.04012151752706
 40
46.04012151752706
 40
46.04012151752706
 40
47.04012151752706
 40
47.04012151752706
 40
47.04012151752706
 40
64.08909691196058
 40
64.08909691196058
 40
64.08909691196058
 40
72.01768953612786
 40
72.01768953612786
 40
72.01768953612786
 40
89.06675346937642
 40
89.06675346937642
 40
89.06675346937642
 40
90.06675346937642
 40
90.06675346937642
 40
90.06675346937642
 40
91.06675346937642
 40
91.06675346937642
 40
91.06675346937642
 40
108.1055916046484
 40
108.1055916046484
 40
108.1055916046484
 40
116.0564734425329
 40
116.0564734425329
 40
116.0564734425329
 40
133.1055262314711
 40
133.1055262314711
 40
133.1055262314711
 40
134.1055262314711
 40
134.1055262314711
 40
134.1055262314711
 40
135.1055262314711
 40
135.1055262314711
 40
135.1055262314711
 40
136.1055262314711
 40
136.1055262314711
 40
136.1055262314711
 40
136.1345262314711
 40
136.1345262314711
 40
136.1345262314711
 40
137.1345262314711
 40
137.1345262314711
 40
137.1345262314711
 40
137.1345262314711
 10
416.2670886111111
 20
286.5795922222222
 30
0.0
 10
415.3145886111111
 20
290.4636755555555
 30
0.0
 10
415.7555608333333
 20
292.1256116666666
 30
0.0
 10
416.4360691666667
 20
295.1704366666666
 30
0.0
 10
416.1259775
 20
295.7278255555555
 30
0.0
 10
415.8649219444444
 20
296.3169644444444
 30
0.0
 10
415.6497275
 20
296.9265644444444
 30
0.0
 10
415.4239497222222
 20
297.56862
 30
0.0
 10
416.1115136111111
 20
297.7912227777777
 30
0.0
 10
416.5951719444445
 20
297.4455005555556
 30
0.0
 10
419.9751358333333
 20
295.025445
 30
0.0
 10
420.5004219444444
 20
302.232695
 30
0.0
 10
423.4069580555555
 20
298.6551755555555
 30
0.0
 10
422.1888163888889
 20
297.0630894444444
 30
0.0
 10
420.9706747222222
 20
295.4710033333333
 30
0.0
 10
419.7525330555556
 20
293.8789172222222
 30
0.0
 10
420.4557367592593
 20
293.2639079629629
 30
0.0
 10
421.1589404629629
 20
292.6488987037037
 30
0.0
 10
421.8621441666666
 20
292.0338894444444
 30
0.0
 10
423.2804284259259
 20
293.4507625925926
 30
0.0
 10
424.6987126851852
 20
294.8676357407408
 30
0.0
 10
426.1169969444445
 20
296.2845088888889
 30
0.0
 10
429.5241247222222
 20
289.0952505555555
 30
0.0
 10
422.6911719444445
 20
282.2901672222222
 30
0.0
 10
425.3934497222222
 20
278.6216311111111
 30
0.0
 10
424.1753080555555
 20
277.0293098148148
 30
0.0
 10
422.9571663888889
 20
275.4369885185185
 30
0.0
 10
421.7390247222222
 20
273.8446672222221
 30
0.0
 10
422.4397589814815
 20
273.2296579629629
 30
0.0
 10
423.1404932407407
 20
272.6146487037037
 30
0.0
 10
423.8412275
 20
271.9996394444444
 30
0.0
 10
425.2605700925926
 20
273.4155718518518
 30
0.0
 10
426.6799126851852
 20
274.8315042592592
 30
0.0
 10
428.0992552777778
 20
276.2474366666666
 30
0.0
 10
429.3868941666667
 20
273.5306949999999
 30
0.0
 10
429.1293663888889
 20
270.09852
 30
0.0
 10
428.5469302777778
 20
267.1207227777778
 30
0.0
 10
427.5626802777778
 20
262.3582227777778
 30
0.0
 10
425.6615608333334
 20
257.9096949999999
 30
0.0
 10
427.2980969444445
 20
255.6836672222222
 30
0.0
 10
426.0800728703704
 20
254.092757037037
 30
0.0
 10
424.8620487962964
 20
252.5018468518518
 30
0.0
 10
423.6440247222222
 20
250.9109366666667
 30
0.0
 10
424.3471108333333
 20
250.2946338888889
 30
0.0
 10
425.0501969444445
 20
249.6783311111111
 30
0.0
 10
425.7532830555556
 20
249.0620283333333
 30
0.0
 10
427.1714497222222
 20
250.4791366666666
 30
0.0
 10
428.5896163888889
 20
251.896245
 30
0.0
 10
430.0077830555556
 20
253.3133533333333
 30
0.0
 10
434.5339219444444
 20
247.0335561111111
 30
0.0
 10
429.5597552777778
 20
232.9404366666666
 30
0.0
 10
431.9198386111111
 20
227.397945
 30
0.0
 10
432.1170413888889
 20
226.9220477777777
 30
0.0
 10
431.8281163888889
 20
226.15652
 30
0.0
 10
431.0481247222222
 20
226.1459366666666
 30
0.0
 10
430.9849775
 20
226.15652
 30
0.0
 10
430.9179497222222
 20
226.159695
 30
0.0
 10
430.8470413888888
 20
226.159695
 30
0.0
 10
430.8436312037036
 20
226.159695
 30
0.0
 10
430.8402210185184
 20
226.159695
 30
0.0
 10
430.8368108333333
 20
226.159695
 30
0.0
 10
429.8313941666667
 20
226.159695
 30
0.0
 10
428.8894775
 20
226.4810755555555
 30
0.0
 10
426.9453191666666
 20
226.4810755555555
 30
0.0
  0
SPLINE
  5
119
330
1F
100
AcDbEntity
  8
DEFAULT
 62
     7
100
AcDbSpline
210
0.0
220
0.0
230
1.0
 70
    11
 71
     3
 72
    26
 73
    22
 74
     0
 42
0.000000001
 43
0.0000000001
 40
1.0
 40
1.0
 40
1.0
 40
1.0
 40
2.0
 40
2.0
 40
2.0
 40
3.0
 40
3.0
 40
3.0
 40
4.0
 40
4.0
 40
4.0
 40
9.073999999999955
 40
9.073999999999955
 40
9.073999999999955
 40
13.88100374453773
 40
13.88100374453773
 40
13.88100374453773
 40
25.74800378667134
 40
25.74800378667134
 40
25.74800378667134
 40
26.74800378667134
 40
26.74800378667134
 40
26.74800378667134
 40
26.74800378667134
 10
360.9629277777777
 20
256.5052866666667
 30
0.0
 10
360.9622222222222
 20
257.9107533333333
 30
0.0
 10
359.8245138888889
 20
259.0498727777778
 30
0.0
 10
358.4183416666667
 20
259.0498727777778
 30
0.0
 10
357.0121694444445
 20
259.0498727777778
 30
0.0
 10
355.87305
 20
257.9104005555556
 30
0.0
 10
355.87305
 20
256.5049338888888
 30
0.0
 10
355.8737555555555
 20
256.2093061111111
 30
0.0
 10
355.9234972222222
 20
255.9228505555555
 30
0.0
 10
356.0183944444444
 20
255.6572088888889
 30
0.0
 10
355.4217296296297
 20
255.6572088888889
 30
0.0
 10
354.8250648148149
 20
255.6572088888889
 30
0.0
 10
354.2284
 20
255.6572088888889
 30
0.0
 10
354.2291055555556
 20
255.0919412962963
 30
0.0
 10
354.2298111111111
 20
254.5266737037037
 30
0.0
 10
354.2305166666666
 20
253.9614061111111
 30
0.0
 10
355.6259879629629
 20
253.9612885185185
 30
0.0
 10
357.0214592592592
 20
253.9611709259259
 30
0.0
 10
358.4169305555556
 20
253.9610533333333
 30
0.0
 10
359.8238083333333
 20
253.9596422222222
 30
0.0
 10
360.9629277777777
 20
255.0991144444444
 30
0.0
 10
360.9629277777777
 20
256.5052866666667
 30
0.0
  0
SPLINE
  5
11A
330
1F
100
AcDbEntity
  8
DEFAULT
 62
     7
100
AcDbSpline
210
0.0
220
0.0
230
1.0
 70
    11
 71
     3
 72
    17
 73
    13
 74
     0
 42
0.000000001
 43
0.0000000001
 40
1.0
 40
1.0
 40
1.0
 40
1.0
 40
2.0
 40
2.0
 40
2.0
 40
3.0
 40
3.0
 40
3.0
 40
4.0
 40
4.0
 40
4.0
 40
5.0
 40
5.0
 40
5.0
 40
5.0
 10
357.5702638888889
 20
256.5059922222222
 30
0.0
 10
357.5688527777777
 20
256.97307
 30
0.0
 10
357.9491472222222
 20
257.3533644444444
 30
0.0
 10
358.4176361111111
 20
257.35407
 30
0.0
 10
358.8868305555555
 20
257.3530116666666
 30
0.0
 10
359.2660666666666
 20
256.97307
 30
0.0
 10
359.2667722222222
 20
256.5052866666667
 30
0.0
 10
359.2660666666666
 20
256.0371505555556
 30
0.0
 10
358.8868305555555
 20
255.6572088888889
 30
0.0
 10
358.4176361111111
 20
255.6572088888889
 30
0.0
 10
357.9498527777778
 20
255.6572088888889
 30
0.0
 10
357.5702638888889
 20
256.0360922222222
 30
0.0
 10
357.5702638888889
 20
256.5059922222222
 30
0.0
  0
SPLINE
  5
11B
330
1F
100
AcDbEntity
  8
DEFAULT
 62
     7
100
AcDbSpline
210
0.0
220
0.0
230
1.0
 70
    11
 71
     3
 72
    29
 73
    25
 74
     0
 42
0.000000001
 43
0.0000000001
 40
0.0
 40
0.0
 40
0.0
 40
0.0
 40
1.0
 40
1.0
 40
1.0
 40
2.0
 40
2.0
 40
2.0
 40
3.0
 40
3.0
 40
3.0
 40
9.803001175951682
 40
9.803001175951682
 40
9.803001175951682
 40
10.80300117595168
 40
10.80300117595168
 40
10.80300117595168
 40
11.80300117595168
 40
11.80300117595168
 40
11.80300117595168
 40
18.61000146976688
 40
18.61000146976688
 40
18.61000146976688
 40
19.61000146976688
 40
19.61000146976688
 40
19.61000146976688
 40
19.61000146976688
 10
358.4177419444444
 20
259.3475113888889
 30
0.0
 10
357.0136863888889
 20
259.3468058333333
 30
0.0
 10
355.8742141666666
 20
260.4862780555555
 30
0.0
 10
355.8738613888888
 20
261.8913919444444
 30
0.0
 10
355.8731558333333
 20
263.2968586111111
 30
0.0
 10
357.0129808333333
 20
264.4366836111111
 30
0.0
 10
358.4170363888889
 20
264.4359780555556
 30
0.0
 10
359.5272280555555
 20
264.4345669444444
 30
0.0
 10
360.4680863888889
 20
263.7283058333333
 30
0.0
 10
360.8183947222222
 20
262.7387641666667
 30
0.0
 10
360.0184123148147
 20
262.739234537037
 30
0.0
 10
359.2184299074074
 20
262.7397049074074
 30
0.0
 10
358.4184475
 20
262.7401752777778
 30
0.0
 10
357.9503113888888
 20
262.7398225
 30
0.0
 10
357.5696641666667
 20
262.3605863888889
 30
0.0
 10
357.5696641666667
 20
261.8903336111111
 30
0.0
 10
357.5703697222222
 20
261.4229030555555
 30
0.0
 10
357.9489002777777
 20
261.0433141666667
 30
0.0
 10
358.4177419444444
 20
261.0440197222222
 30
0.0
 10
359.2181947222222
 20
261.043784537037
 30
0.0
 10
360.0186475
 20
261.0435493518518
 30
0.0
 10
360.8191002777777
 20
261.0433141666667
 30
0.0
 10
360.4680863888889
 20
260.0544780555555
 30
0.0
 10
359.5265225
 20
259.3468058333333
 30
0.0
 10
358.4177419444444
 20
259.3475113888889
 30
0.0
  0
SPLINE
  5
11C
330
1F
100
AcDbEntity
  8
DEFAULT
 62
     7
100
AcDbSpline
210
0.0
220
0.0
230
1.0
 70
    11
 71
     3
 72
    26
 73
    22
 74
     0
 42
0.000000001
 43
0.0000000001
 40
1.0
 40
1.0
 40
1.0
 40
1.0
 40
2.0
 40
2.0
 40
2.0
 40
7.069001578220385
 40
7.069001578220385
 40
7.069001578220385
 40
11.87400168227861
 40
11.87400168227861
 40
11.87400168227861
 40
23.74700235607633
 40
23.74700235607633
 40
23.74700235607633
 40
24.74700235607633
 40
24.74700235607633
 40
24.74700235607633
 40
25.74700235607633
 40
25.74700235607633
 40
25.74700235607633
 40
26.74700235607633
 40
26.74700235607633
 40
26.74700235607633
 40
26.74700235607633
 10
360.9629277777777
 20
267.2781322222222
 30
0.0
 10
360.962575
 20
267.5744655555555
 30
0.0
 10
360.911775
 20
267.8602155555556
 30
0.0
 10
360.8182888888888
 20
268.1247988888889
 30
0.0
 10
361.4143657407407
 20
268.1252692592593
 30
0.0
 10
362.0104425925926
 20
268.1257396296297
 30
0.0
 10
362.6065194444445
 20
268.12621
 30
0.0
 10
362.606637037037
 20
268.6912424074074
 30
0.0
 10
362.6067546296296
 20
269.2562748148147
 30
0.0
 10
362.6068722222222
 20
269.8213072222222
 30
0.0
 10
361.2106953703703
 20
269.8217775925926
 30
0.0
 10
359.8145185185185
 20
269.822247962963
 30
0.0
 10
358.4183416666667
 20
269.8227183333333
 30
0.0
 10
357.012875
 20
269.8220127777778
 30
0.0
 10
355.8734027777778
 20
268.6821877777778
 30
0.0
 10
355.8737555555555
 20
267.2774266666667
 30
0.0
 10
355.8737555555555
 20
265.87196
 30
0.0
 10
357.0139333333333
 20
264.7328405555555
 30
0.0
 10
358.4183416666667
 20
264.7328405555555
 30
0.0
 10
359.8245138888889
 20
264.7338988888889
 30
0.0
 10
360.962575
 20
265.8730183333333
 30
0.0
 10
360.9629277777777
 20
267.2781322222222
 30
0.0
  0
SPLINE
  5
11D
330
1F
100
AcDbEntity
  8
DEFAULT
 62
     7
100
AcDbSpline
210
0.0
220
0.0
230
1.0
 70
    11
 71
     3
 72
    17
 73
    13
 74
     0
 42
0.000000001
 43
0.0000000001
 40
1.0
 40
1.0
 40
1.0
 40
1.0
 40
2.0
 40
2.0
 40
2.0
 40
3.0
 40
3.0
 40
3.0
 40
4.0
 40
4.0
 40
4.0
 40
5.0
 40
5.0
 40
5.0
 40
5.0
 10
357.5702638888889
 20
267.2770738888889
 30
0.0
 10
357.5702638888889
 20
267.7466211111111
 30
0.0
 10
357.9498527777778
 20
268.12621
 30
0.0
 10
358.4183416666667
 20
268.1251516666666
 30
0.0
 10
358.8868305555555
 20
268.1255044444444
 30
0.0
 10
359.2657138888889
 20
267.74521
 30
0.0
 10
359.2667722222222
 20
267.2770738888889
 30
0.0
 10
359.2667722222222
 20
266.8089377777778
 30
0.0
 10
358.8882416666667
 20
266.4300544444445
 30
0.0
 10
358.4183416666667
 20
266.4300544444445
 30
0.0
 10
357.9502055555556
 20
266.4286433333333
 30
0.0
 10
357.5702638888889
 20
266.8103488888889
 30
0.0
 10
357.5702638888889
 20
267.2770738888889
 30
0.0
  0
SPLINE
  5
11E
330
1F
100
AcDbEntity
  8
DEFAULT
 62
     7
100
AcDbSpline
210
0.0
220
0.0
230
1.0
 70
    11
 71
     3
 72
    17
 73
    13
 74
     0
 42
0.000000001
 43
0.0000000001
 40
1.0
 40
1.0
 40
1.0
 40
1.0
 40
2.0
 40
2.0
 40
2.0
 40
3.0
 40
3.0
 40
3.0
 40
4.0
 40
4.0
 40
4.0
 40
5.0
 40
5.0
 40
5.0
 40
5.0
 10
360.9628925
 20
272.6634966666666
 30
0.0
 10
360.9628925
 20
274.0679049999999
 30
0.0
 10
359.824478611111
 20
275.2073772222222
 30
0.0
 10
358.4183063888888
 20
275.2073772222222
 30
0.0
 10
357.0121341666666
 20
275.20773
 30
0.0
 10
355.8740730555555
 20
274.0689633333333
 30
0.0
 10
355.8740730555555
 20
272.6627911111111
 30
0.0
 10
355.8737202777777
 20
271.2590883333333
 30
0.0
 10
357.0135452777777
 20
270.118205
 30
0.0
 10
358.4197174999999
 20
270.1189105555555
 30
0.0
 10
359.824478611111
 20
270.1192633333333
 30
0.0
 10
360.9625397222222
 20
271.2587355555555
 30
0.0
 10
360.9628925
 20
272.6634966666666
 30
0.0
  0
SPLINE
  5
11F
330
1F
100
AcDbEntity
  8
DEFAULT
 62
     7
100
AcDbSpline
210
0.0
220
0.0
230
1.0
 70
    11
 71
     3
 72
    17
 73
    13
 74
     0
 42
0.000000001
 43
0.0000000001
 40
0.0
 40
0.0
 40
0.0
 40
0.0
 40
1.0
 40
1.0
 40
1.0
 40
2.0
 40
2.0
 40
2.0
 40
3.0
 40
3.0
 40
3.0
 40
4.0
 40
4.0
 40
4.0
 40
4.0
 10
357.5716397222222
 20
272.6627911111111
 30
0.0
 10
357.5709341666666
 20
273.1312799999999
 30
0.0
 10
357.9501702777777
 20
273.5115744444444
 30
0.0
 10
358.4183063888888
 20
273.5115744444444
 30
0.0
 10
358.8867952777777
 20
273.5108688888889
 30
0.0
 10
359.2667369444444
 20
273.1316327777777
 30
0.0
 10
359.2667369444444
 20
272.6627911111111
 30
0.0
 10
359.2667369444444
 20
272.1957133333333
 30
0.0
 10
358.8867952777777
 20
271.8157716666666
 30
0.0
 10
358.4190119444444
 20
271.8157716666666
 30
0.0
 10
357.9491119444444
 20
271.8157716666666
 30
0.0
 10
357.5702286111111
 20
272.1953605555555
 30
0.0
 10
357.5716397222222
 20
272.6627911111111
 30
0.0
  0
SPLINE
  5
120
330
1F
100
AcDbEntity
  8
DEFAULT
 62
     1
100
AcDbSpline
210
0.0
220
0.0
230
1.0
 70
     8
 71
     3
 72
    11
 73
     7
 74
     0
 42
0.000000001
 43
0.0000000001
 40
0.0
 40
0.0
 40
0.0
 40
0.0
 40
1.0
 40
1.0
 40
1.0
 40
2.0
 40
2.0
 40
2.0
 40
2.0
 10
353.4712683333333
 20
240.2072355555555
 30
0.0
 10
352.5261766666666
 20
240.0721216666666
 30
0.0
 10
351.7193738888888
 20
238.3607966666666
 30
0.0
 10
351.2709933333333
 20
237.6915772222222
 30
0.0
 10
350.515696111111
 20
238.5523549999999
 30
0.0
 10
350.369646111111
 20
239.6621938888889
 30
0.0
 10
349.5670766666666
 20
240.2072355555555
 30
0.0
  0
SPLINE
  5
121
330
1F
100
AcDbEntity
  8
DEFAULT
 62
     1
100
AcDbSpline
210
0.0
220
0.0
230
1.0
 70
     8
 71
     3
 72
   101
 73
    97
 74
     0
 42
0.000000001
 43
0.0000000001
 40
0.0
 40
0.0
 40
0.0
 40
0.0
 40
1.0
 40
1.0
 40
1.0
 40
2.0
 40
2.0
 40
2.0
 40
3.0
 40
3.0
 40
3.0
 40
4.0
 40
4.0
 40
4.0
 40
5.0
 40
5.0
 40
5.0
 40
6.0
 40
6.0
 40
6.0
 40
7.009999999999991
 40
7.009999999999991
 40
7.009999999999991
 40
8.009999999999991
 40
8.009999999999991
 40
8.009999999999991
 40
9.009999999999991
 40
9.009999999999991
 40
9.009999999999991
 40
10.00999999999999
 40
10.00999999999999
 40
10.00999999999999
 40
11.00999999999999
 40
11.00999999999999
 40
11.00999999999999
 40
12.00999999999999
 40
12.00999999999999
 40
12.00999999999999
 40
13.00999999999999
 40
13.00999999999999
 40
13.00999999999999
 40
14.00999999999999
 40
14.00999999999999
 40
14.00999999999999
 40
15.00999999999999
 40
15.00999999999999
 40
15.00999999999999
 40
17.84064815899115
 40
17.84064815899115
 40
17.84064815899115
 40
26.34006537430652
 40
26.34006537430652
 40
26.34006537430652
 40
29.16932764564162
 40
29.16932764564162
 40
29.16932764564162
 40
30.16932764564162
 40
30.16932764564162
 40
30.16932764564162
 40
31.16932764564162
 40
31.16932764564162
 40
31.16932764564162
 40
32.16932764564162
 40
32.16932764564162
 40
32.16932764564162
 40
33.16932764564162
 40
33.16932764564162
 40
33.16932764564162
 40
34.16932764564162
 40
34.16932764564162
 40
34.16932764564162
 40
36.99969458298376
 40
36.99969458298376
 40
36.99969458298376
 40
45.50049789796525
 40
45.50049789796525
 40
45.50049789796525
 40
48.3300314284258
 40
48.3300314284258
 40
48.3300314284258
 40
49.3300314284258
 40
49.3300314284258
 40
49.3300314284258
 40
50.3300314284258
 40
50.3300314284258
 40
50.3300314284258
 40
51.3300314284258
 40
51.3300314284258
 40
51.3300314284258
 40
52.3300314284258
 40
52.3300314284258
 40
52.3300314284258
 40
53.3300314284258
 40
53.3300314284258
 40
53.3300314284258
 40
54.3300314284258
 40
54.3300314284258
 40
54.3300314284258
 40
54.3300314284258
 10
345.9278916666666
 20
244.5576911111111
 30
0.0
 10
345.62415
 20
245.4181161111111
 30
0.0
 10
345.1186194444444
 20
245.0925022222222
 30
0.0
 10
345.0156083333333
 20
244.2585355555556
 30
0.0
 10
344.7213916666666
 20
241.8980994444445
 30
0.0
 10
344.5612305555555
 20
237.3691383333334
 30
0.0
 10
347.0906472222222
 20
234.8294911111111
 30
0.0
 10
348.8626499999999
 20
233.0476105555556
 30
0.0
 10
348.8929888888889
 20
232.4528272222222
 30
0.0
 10
350.6251277777778
 20
231.408605
 30
0.0
 10
352.1279611111111
 20
229.1649383333333
 30
0.0
 10
355.4613583333333
 20
227.725605
 30
0.0
 10
359.2332583333333
 20
227.9654938888889
 30
0.0
 10
361.6847111111111
 20
228.1168355555555
 30
0.0
 10
363.8613499999999
 20
228.9465688888889
 30
0.0
 10
365.4170999999999
 20
230.1738827777778
 30
0.0
 10
367.4875527777777
 20
230.2335022222222
 30
0.0
 10
370.4660555555555
 20
231.2604383333333
 30
0.0
 10
373.4392666666666
 20
233.0917077777778
 30
0.0
 10
375.8067583333333
 20
234.5483272222222
 30
0.0
 10
377.7258694444444
 20
236.2349577777778
 30
0.0
 10
378.91085
 20
237.7868272222222
 30
0.0
 10
381.6551083333333
 20
238.3971327777778
 30
0.0
 10
384.9299444444443
 20
243.1811522222222
 30
0.0
 10
386.7104138888888
 20
249.5022244444444
 30
0.0
 10
387.7835638888889
 20
253.3090494444444
 30
0.0
 10
388.1077666666666
 20
256.9179661111111
 30
0.0
 10
387.7521666666666
 20
259.6128355555556
 30
0.0
 10
389.2542944444444
 20
262.2480855555555
 30
0.0
 10
389.9316277777777
 20
267.0437466666667
 30
0.0
 10
389.4264499999999
 20
272.2038272222222
 30
0.0
 10
388.99465
 20
276.6100216666666
 30
0.0
 10
387.6392777777777
 20
280.7643327777778
 30
0.0
 10
386.0842333333333
 20
283.2517688888889
 30
0.0
 10
385.4538194444444
 20
286.5809327777778
 30
0.0
 10
382.9416888888888
 20
290.9631383333333
 30
0.0
 10
379.0766555555555
 20
294.9788077777777
 30
0.0
 10
374.7875833333333
 20
298.8219688888889
 30
0.0
 10
368.3980722222222
 20
298.6575744444444
 30
0.0
 10
364.9140388888889
 20
300.9682688888889
 30
0.0
 10
364.8667666666666
 20
300.9993133333333
 30
0.0
 10
363.8775777777777
 20
300.3138661111111
 30
0.0
 10
363.1124027777778
 20
299.1609883333333
 30
0.0
 10
362.3486388888888
 20
298.0091688888889
 30
0.0
 10
361.9605833333333
 20
297.3350105555555
 30
0.0
 10
361.7714944444444
 20
297.0499661111111
 30
0.0
 10
361.5876972222222
 20
296.7724475925926
 30
0.0
 10
361.4039
 20
296.494929074074
 30
0.0
 10
361.2201027777777
 20
296.2174105555555
 30
0.0
 10
360.3871944444443
 20
296.7698605555556
 30
0.0
 10
359.554286111111
 20
297.3223105555556
 30
0.0
 10
358.7213777777777
 20
297.8747605555556
 30
0.0
 10
358.9050574074074
 20
298.1521614814815
 30
0.0
 10
359.0887370370369
 20
298.4295624074074
 30
0.0
 10
359.2724166666666
 20
298.7069633333333
 30
0.0
 10
359.4618583333333
 20
298.9930661111111
 30
0.0
 10
359.9310527777777
 20
299.6125438888889
 30
0.0
 10
360.6951694444444
 20
300.7643633333333
 30
0.0
 10
361.4596388888888
 20
301.9165355555555
 30
0.0
 10
361.7030555555555
 20
303.0972827777778
 30
0.0
 10
361.6596638888888
 20
303.1262105555555
 30
0.0
 10
358.7252583333333
 20
304.1199855555556
 30
0.0
 10
359.8710805555555
 20
301.1104383333333
 30
0.0
 10
353.91725
 20
299.9039383333333
 30
0.0
 10
353.8706833333333
 20
299.9356883333333
 30
0.0
 10
352.8811416666666
 20
299.2498883333333
 30
0.0
 10
352.1163194444444
 20
298.0980688888889
 30
0.0
 10
351.3522027777777
 20
296.9451911111111
 30
0.0
 10
350.9641472222222
 20
296.27068
 30
0.0
 10
350.7754111111111
 20
295.9859883333333
 30
0.0
 10
350.5914962962963
 20
295.7085874074074
 30
0.0
 10
350.4075814814814
 20
295.4311864814815
 30
0.0
 10
350.2236666666666
 20
295.1537855555555
 30
0.0
 10
349.3906407407408
 20
295.7063531481481
 30
0.0
 10
348.5576148148148
 20
296.2589207407407
 30
0.0
 10
347.7245888888888
 20
296.8114883333333
 30
0.0
 10
347.9085037037037
 20
297.0887716666667
 30
0.0
 10
348.0924185185185
 20
297.366055
 30
0.0
 10
348.2763333333333
 20
297.6433383333334
 30
0.0
 10
348.465775
 20
297.9290883333333
 30
0.0
 10
348.9349694444444
 20
298.5485661111111
 30
0.0
 10
349.6987333333333
 20
299.7000327777778
 30
0.0
 10
350.4639083333333
 20
300.8525577777778
 30
0.0
 10
350.7066194444444
 20
302.0336577777778
 30
0.0
 10
350.662875
 20
302.0625855555555
 30
0.0
 10
350.1132472222222
 20
302.4262994444445
 30
0.0
 10
344.6600083333333
 20
302.0234272222222
 30
0.0
 10
343.3991805555555
 20
298.0345688888889
 30
0.0
 10
342.9613833333333
 20
296.6495633333333
 30
0.0
 10
344.6550694444444
 20
294.3819077777778
 30
0.0
 10
343.6761111111111
 20
292.7407855555555
 30
0.0
 10
342.409286111111
 20
290.6152994444444
 30
0.0
 10
345.3761472222222
 20
289.4423133333333
 30
0.0
 10
349.0905444444444
 20
290.1542188888889
 30
0.0
 10
350.1125416666666
 20
289.5738994444445
 30
0.0
 10
349.1455777777777
 20
288.06648
 30
0.0
 10
350.2236666666666
 20
288.3832744444445
 30
0.0
  0
SPLINE
  5
122
330
1F
100
AcDbEntity
  8
DEFAULT
 62
     1
100
AcDbSpline
210
0.0
220
0.0
230
1.0
 70
     8
 71
     3
 72
    26
 73
    22
 74
     0
 42
0.000000001
 43
0.0000000001
 40
0.0
 40
0.0
 40
0.0
 40
0.0
 40
1.0
 40
1.0
 40
1.0
 40
2.0
 40
2.0
 40
2.0
 40
3.0
 40
3.0
 40
3.0
 40
4.0
 40
4.0
 40
4.0
 40
5.0
 40
5.0
 40
5.0
 40
6.0
 40
6.0
 40
6.0
 40
7.0
 40
7.0
 40
7.0
 40
7.0
 10
367.67643
 20
287.7557533333333
 30
0.0
 10
370.7600605555555
 20
285.1155644444444
 30
0.0
 10
375.1958883333334
 20
281.5147616666666
 30
0.0
 10
377.8628883333333
 20
280.13787
 30
0.0
 10
377.1372244444444
 20
275.7235616666667
 30
0.0
 10
377.5556188888888
 20
266.5167672222222
 30
0.0
 10
380.26213
 20
261.2886005555555
 30
0.0
 10
378.6566383333333
 20
259.1751088888889
 30
0.0
 10
377.1615661111111
 20
256.0780727777778
 30
0.0
 10
376.1452133333333
 20
252.48362
 30
0.0
 10
375.0448994444444
 20
248.5850727777778
 30
0.0
 10
374.7341022222222
 20
244.8918422222222
 30
0.0
 10
375.1330938888889
 20
242.1758061111111
 30
0.0
 10
373.40413
 20
241.72037
 30
0.0
 10
371.4109355555556
 20
240.8528894444444
 30
0.0
 10
369.4177411111111
 20
239.6283977777778
 30
0.0
 10
368.4476022222222
 20
239.0290283333333
 30
0.0
 10
367.5515466666666
 20
238.3936755555555
 30
0.0
 10
366.7503883333333
 20
237.7445644444444
 30
0.0
 10
366.130205
 20
238.7210533333333
 30
0.0
 10
364.0244744444444
 20
240.2651616666666
 30
0.0
 10
363.3668966666667
 20
240.2073061111111
 30
0.0
  0
SPLINE
  5
123
330
1F
100
AcDbEntity
  8
DEFAULT
 62
     1
100
AcDbSpline
210
0.0
220
0.0
230
1.0
 70
    11
 71
     3
 72
   251
 73
   247
 74
     0
 42
0.000000001
 43
0.0000000001
 40
1.0
 40
1.0
 40
1.0
 40
1.0
 40
2.0
 40
2.0
 40
2.0
 40
3.0
 40
3.0
 40
3.0
 40
4.0
 40
4.0
 40
4.0
 40
15.33600000000001
 40
15.33600000000001
 40
15.33600000000001
 40
23.83600000000001
 40
23.83600000000001
 40
23.83600000000001
 40
35.17200000000003
 40
35.17200000000003
 40
35.17200000000003
 40
36.17200000000003
 40
36.17200000000003
 40
36.17200000000003
 40
37.17200000000003
 40
37.17200000000003
 40
37.17200000000003
 40
38.17200000000003
 40
38.17200000000003
 40
38.17200000000003
 40
39.17200000000003
 40
39.17200000000003
 40
39.17200000000003
 40
40.17200000000003
 40
40.17200000000003
 40
40.17200000000003
 40
45.83804703475011
 40
45.83804703475011
 40
45.83804703475011
 40
54.33888487581029
 40
54.33888487581029
 40
54.33888487581029
 40
60.00563879670716
 40
60.00563879670716
 40
60.00563879670716
 40
61.00563879670716
 40
61.00563879670716
 40
61.00563879670716
 40
62.00563879670716
 40
62.00563879670716
 40
62.00563879670716
 40
63.00563879670716
 40
63.00563879670716
 40
63.00563879670716
 40
64.00563879670716
 40
64.00563879670716
 40
64.00563879670716
 40
65.00563879670716
 40
65.00563879670716
 40
65.00563879670716
 40
70.6704227290386
 40
70.6704227290386
 40
70.6704227290386
 40
79.16963975180023
 40
79.16963975180023
 40
79.16963975180023
 40
84.83536971359688
 40
84.83536971359688
 40
84.83536971359688
 40
85.83536971359688
 40
85.83536971359688
 40
85.83536971359688
 40
86.83536971359688
 40
86.83536971359688
 40
86.83536971359688
 40
87.83536971359688
 40
87.83536971359688
 40
87.83536971359688
 40
88.83536971359688
 40
88.83536971359688
 40
88.83536971359688
 40
89.83536971359688
 40
89.83536971359688
 40
89.83536971359688
 40
95.50080217723108
 40
95.50080217723108
 40
95.50080217723108
 40
103.9997482883674
 40
103.9997482883674
 40
103.9997482883674
 40
109.6661266731914
 40
109.6661266731914
 40
109.6661266731914
 40
110.6661266731914
 40
110.6661266731914
 40
110.6661266731914
 40
111.6661266731914
 40
111.6661266731914
 40
111.6661266731914
 40
112.6661266731914
 40
112.6661266731914
 40
112.6661266731914
 40
113.6661266731914
 40
113.6661266731914
 40
113.6661266731914
 40
114.6661266731914
 40
114.6661266731914
 40
114.6661266731914
 40
120.3321733549616
 40
120.3321733549616
 40
120.3321733549616
 40
128.8323042363069
 40
128.8323042363069
 40
128.8323042363069
 40
134.4990581572036
 40
134.4990581572036
 40
134.4990581572036
 40
135.4990581572036
 40
135.4990581572036
 40
135.4990581572036
 40
136.4990581572036
 40
136.4990581572036
 40
136.4990581572036
 40
137.4990581572036
 40
137.4990581572036
 40
137.4990581572036
 40
138.4990581572036
 40
138.4990581572036
 40
138.4990581572036
 40
139.4990581572036
 40
139.4990581572036
 40
139.4990581572036
 40
140.4990581572036
 40
140.4990581572036
 40
140.4990581572036
 40
146.1643976880702
 40
146.1643976880702
 40
146.1643976880702
 40
154.6638213155875
 40
154.6638213155875
 40
154.6638213155875
 40
160.3291610229659
 40
160.3291610229659
 40
160.3291610229659
 40
161.3291610229659
 40
161.3291610229659
 40
161.3291610229659
 40
162.3291610229659
 40
162.3291610229659
 40
162.3291610229659
 40
163.3291610229659
 40
163.3291610229659
 40
163.3291610229659
 40
164.3291610229659
 40
164.3291610229659
 40
164.3291610229659
 40
165.3291610229659
 40
165.3291610229659
 40
165.3291610229659
 40
170.9942431935969
 40
170.9942431935969
 40
170.9942431935969
 40
179.492812602621
 40
179.492812602621
 40
179.492812602621
 40
185.1597871040637
 40
185.1597871040637
 40
185.1597871040637
 40
186.1597871040637
 40
186.1597871040637
 40
186.1597871040637
 40
187.1597871040637
 40
187.1597871040637
 40
187.1597871040637
 40
188.1597871040637
 40
188.1597871040637
 40
188.1597871040637
 40
189.1597871040637
 40
189.1597871040637
 40
189.1597871040637
 40
190.1597871040637
 40
190.1597871040637
 40
190.1597871040637
 40
195.8252195676978
 40
195.8252195676978
 40
195.8252195676978
 40
204.3238412206483
 40
204.3238412206483
 40
204.3238412206483
 40
209.9911655452305
 40
209.9911655452305
 40
209.9911655452305
 40
210.9911655452305
 40
210.9911655452305
 40
210.9911655452305
 40
211.9911655452305
 40
211.9911655452305
 40
211.9911655452305
 40
212.9911655452305
 40
212.9911655452305
 40
212.9911655452305
 40
213.9911655452305
 40
213.9911655452305
 40
213.9911655452305
 40
214.9911655452305
 40
214.9911655452305
 40
214.9911655452305
 40
220.6550910390908
 40
220.6550910390908
 40
220.6550910390908
 40
229.1545145489531
 40
229.1545145489531
 40
229.1545145489531
 40
234.8191470171721
 40
234.8191470171721
 40
234.8191470171721
 40
235.8191470171721
 40
235.8191470171721
 40
235.8191470171721
 40
236.8191470171721
 40
236.8191470171721
 40
236.8191470171721
 40
237.8191470171721
 40
237.8191470171721
 40
237.8191470171721
 40
238.8191470171721
 40
238.8191470171721
 40
238.8191470171721
 40
239.8191470171721
 40
239.8191470171721
 40
239.8191470171721
 40
251.1551470171721
 40
251.1551470171721
 40
251.1551470171721
 40
259.6551470171721
 40
259.6551470171721
 40
259.6551470171721
 40
270.9911470171721
 40
270.9911470171721
 40
270.9911470171721
 40
271.9911470171721
 40
271.9911470171721
 40
271.9911470171721
 40
272.9911470171721
 40
272.9911470171721
 40
272.9911470171721
 40
273.9911470171721
 40
273.9911470171721
 40
273.9911470171721
 40
273.9911470171721
 10
358.4325586111111
 20
241.3034572222222
 30
0.0
 10
357.3047280555555
 20
241.3143933333333
 30
0.0
 10
354.4740391666667
 20
240.043335
 30
0.0
 10
353.4714447222222
 20
240.2073766666667
 30
0.0
 10
353.4185280555556
 20
240.2073766666667
 30
0.0
 10
352.9694419444444
 20
241.3253294444444
 30
0.0
 10
352.9694419444444
 20
242.7082183333333
 30
0.0
 10
352.9694419444444
 20
244.0911072222222
 30
0.0
 10
353.0184780555555
 20
244.8672183333333
 30
0.0
 10
353.0184780555555
 20
245.2094127777778
 30
0.0
 10
353.0184780555555
 20
246.5424424074074
 30
0.0
 10
353.0184780555555
 20
247.8754720370371
 30
0.0
 10
353.0184780555555
 20
249.2085016666667
 30
0.0
 10
352.0189410185185
 20
249.2085016666666
 30
0.0
 10
351.0194039814814
 20
249.2085016666666
 30
0.0
 10
350.0198669444445
 20
249.2085016666667
 30
0.0
 10
350.0198669444445
 20
247.8754720370371
 30
0.0
 10
350.0198669444445
 20
246.5424424074074
 30
0.0
 10
350.0198669444445
 20
245.2094127777778
 30
0.0
 10
350.0198669444445
 20
244.8672183333333
 30
0.0
 10
350.0685502777778
 20
244.0911072222222
 30
0.0
 10
350.0685502777778
 20
242.7082183333333
 30
0.0
 10
350.0685502777778
 20
241.3253294444444
 30
0.0
 10
349.6233447222222
 20
240.2073766666667
 30
0.0
 10
349.5669002777778
 20
240.2073766666667
 30
0.0
 10
345.1042613888889
 20
241.8477933333333
 30
0.0
 10
344.9010613888889
 20
249.9976655555555
 30
0.0
 10
343.2849863888889
 20
254.4885266666666
 30
0.0
 10
343.2472391666666
 20
254.5262738888889
 30
0.0
 10
343.7213725
 20
255.6343488888889
 30
0.0
 10
344.6989197222222
 20
256.6122488888889
 30
0.0
 10
345.6768197222222
 20
257.5890905555555
 30
0.0
 10
346.2592558333333
 20
258.1037933333333
 30
0.0
 10
346.5016141666666
 20
258.3457988888889
 30
0.0
 10
346.9729252777777
 20
258.8167572222222
 30
0.0
 10
347.4442363888889
 20
259.2877155555556
 30
0.0
 10
347.9155475
 20
259.7586738888889
 30
0.0
 10
347.2088160185185
 20
260.4656405555556
 30
0.0
 10
346.502084537037
 20
261.1726072222223
 30
0.0
 10
345.7953530555556
 20
261.8795738888889
 30
0.0
 10
345.3240419444444
 20
261.4084979629629
 30
0.0
 10
344.8527308333333
 20
260.937422037037
 30
0.0
 10
344.3814197222222
 20
260.4663461111111
 30
0.0
 10
344.1394141666667
 20
260.2246933333333
 30
0.0
 10
343.6254169444445
 20
259.6415516666667
 30
0.0
 10
342.6471641666666
 20
258.6632988888889
 30
0.0
 10
341.6699697222222
 20
257.6857516666666
 30
0.0
 10
340.5636586111111
 20
257.2095016666667
 30
0.0
 10
340.5245002777777
 20
257.2493655555555
 30
0.0
 10
339.4693419444444
 20
259.1222627777778
 30
0.0
 10
341.5083974999999
 20
261.6033488888889
 30
0.0
 10
341.4096197222222
 20
263.6847377777777
 30
0.0
 10
341.3923336111111
 20
263.735185
 30
0.0
 10
342.3053225
 20
264.5211738888889
 30
0.0
 10
343.6134225
 20
264.9699072222222
 30
0.0
 10
344.9215225
 20
265.4172294444444
 30
0.0
 10
345.6711752777778
 20
265.6232516666666
 30
0.0
 10
345.9957308333333
 20
265.7340238888889
 30
0.0
 10
346.625909537037
 20
265.9499238888889
 30
0.0
 10
347.2560882407408
 20
266.1658238888888
 30
0.0
 10
347.8862669444445
 20
266.3817238888889
 30
0.0
 10
347.562534537037
 20
267.3272859259259
 30
0.0
 10
347.2388021296297
 20
268.272847962963
 30
0.0
 10
346.9150697222222
 20
269.21841
 30
0.0
 10
346.2847734259258
 20
269.00251
 30
0.0
 10
345.6544771296296
 20
268.7866100000001
 30
0.0
 10
345.0241808333333
 20
268.57071
 30
0.0
 10
344.6999780555555
 20
268.4602905555556
 30
0.0
 10
343.9817225
 20
268.1628988888888
 30
0.0
 10
342.6732697222222
 20
267.7141655555556
 30
0.0
 10
341.3655225
 20
267.2664905555555
 30
0.0
 10
340.1632558333333
 20
267.3250516666666
 30
0.0
 10
340.1452641666667
 20
267.3786738888889
 30
0.0
 10
339.5310780555556
 20
270.1479794444444
 30
0.0
 10
341.7056002777778
 20
272.6876266666666
 30
0.0
 10
342.5981280555555
 20
275.235035
 30
0.0
 10
342.6154141666667
 20
275.2851294444445
 30
0.0
 10
343.8183863888889
 20
275.3458072222222
 30
0.0
 10
345.1268391666666
 20
274.8981322222222
 30
0.0
 10
346.4342336111111
 20
274.4486933333333
 30
0.0
 10
347.1528419444444
 20
274.1509488888889
 30
0.0
 10
347.4766919444444
 20
274.0401766666666
 30
0.0
 10
348.1068706481481
 20
273.8240414814815
 30
0.0
 10
348.7370493518518
 20
273.6079062962963
 30
0.0
 10
349.3672280555555
 20
273.3917711111111
 30
0.0
 10
349.6915484259259
 20
274.337097962963
 30
0.0
 10
350.0158687962962
 20
275.2824248148148
 30
0.0
 10
350.3401891666667
 20
276.2277516666667
 30
0.0
 10
349.7098928703704
 20
276.4438868518519
 30
0.0
 10
349.079596574074
 20
276.660022037037
 30
0.0
 10
348.4493002777778
 20
276.8761572222222
 30
0.0
 10
348.1258030555555
 20
276.987635
 30
0.0
 10
347.3765030555555
 20
277.1929516666667
 30
0.0
 10
346.0680502777778
 20
277.6423905555556
 30
0.0
 10
344.7599502777778
 20
278.0900655555556
 30
0.0
 10
343.8462558333333
 20
278.8742905555555
 30
0.0
 10
343.8649530555555
 20
278.9279127777778
 30
0.0
 10
344.8171002777777
 20
280.8434961111111
 30
0.0
 10
345.0516975
 20
283.5443627777778
 30
0.0
 10
346.3986030555556
 20
284.9974544444444
 30
0.0
 10
346.4359975
 20
285.0355544444445
 30
0.0
 10
347.5440725
 20
284.5614211111111
 30
0.0
 10
348.5216197222222
 20
283.5838738888889
 30
0.0
 10
349.4995197222222
 20
282.6052683333334
 30
0.0
 10
350.0135169444444
 20
282.0224794444444
 30
0.0
 10
350.2551697222222
 20
281.7797683333333
 30
0.0
 10
350.7262456481481
 20
281.3085748148148
 30
0.0
 10
351.1973215740741
 20
280.8373812962963
 30
0.0
 10
351.6683975
 20
280.3661877777778
 30
0.0
 10
352.3753641666667
 20
281.0728016666666
 30
0.0
 10
353.0823308333333
 20
281.7794155555555
 30
0.0
 10
353.7892975
 20
282.4860294444445
 30
0.0
 10
353.318221574074
 20
282.9573405555556
 30
0.0
 10
352.8471456481481
 20
283.4286516666667
 30
0.0
 10
352.3760697222222
 20
283.8999627777778
 30
0.0
 10
352.1340641666666
 20
284.1419683333334
 30
0.0
 10
351.5512752777778
 20
284.6566711111111
 30
0.0
 10
350.5737280555555
 20
285.6342183333333
 30
0.0
 10
349.5958280555556
 20
286.6121183333333
 30
0.0
 10
349.1202836111111
 20
287.7177238888889
 30
0.0
 10
349.1605002777778
 20
287.7579405555555
 30
0.0
 10
351.7005002777778
 20
289.6911627777778
 30
0.0
 10
355.2692002777778
 20
288.7450127777778
 30
0.0
 10
358.4325586111111
 20
288.747835
 30
0.0
 10
361.5387669444444
 20
288.73196
 30
0.0
 10
365.2020113888889
 20
289.6389516666667
 30
0.0
 10
367.6763947222223
 20
287.7558238888889
 30
0.0
 10
367.7141419444445
 20
287.7184294444444
 30
0.0
 10
367.2403613888889
 20
286.6107072222222
 30
0.0
 10
366.2624613888889
 20
285.6328072222222
 30
0.0
 10
365.2845613888888
 20
284.6552599999999
 30
0.0
 10
364.7017725
 20
284.1405572222222
 30
0.0
 10
364.4594141666666
 20
283.8985516666667
 30
0.0
 10
363.9883382407407
 20
283.4274757407407
 30
0.0
 10
363.5172623148148
 20
282.9563998148148
 30
0.0
 10
363.0461863888889
 20
282.4853238888889
 30
0.0
 10
363.7528002777778
 20
281.7784748148148
 30
0.0
 10
364.4594141666666
 20
281.0716257407408
 30
0.0
 10
365.1660280555556
 20
280.3647766666667
 30
0.0
 10
365.6372215740741
 20
280.835735
 30
0.0
 10
366.1084150925926
 20
281.3066933333333
 30
0.0
 10
366.579608611111
 20
281.7776516666667
 30
0.0
 10
366.8216141666667
 20
282.0203627777778
 30
0.0
 10
367.3359641666666
 20
282.6031516666666
 30
0.0
 10
368.3138641666667
 20
283.5810516666667
 30
0.0
 10
369.2914113888889
 20
284.5585988888889
 30
0.0
 10
370.3973697222222
 20
285.0348488888889
 30
0.0
 10
370.4372336111111
 20
284.994985
 30
0.0
 10
371.7851975
 20
283.5415405555556
 30
0.0
 10
372.0236752777777
 20
280.8406738888889
 30
0.0
 10
372.9722947222222
 20
278.9254433333333
 30
0.0
 10
372.9895808333333
 20
278.8749961111111
 30
0.0
 10
372.0765919444444
 20
278.0886544444444
 30
0.0
 10
370.7681391666666
 20
277.6409794444444
 30
0.0
 10
369.4596863888888
 20
277.1929516666667
 30
0.0
 10
368.710033611111
 20
276.987635
 30
0.0
 10
368.3858308333333
 20
276.8768627777778
 30
0.0
 10
367.755534537037
 20
276.6611979629629
 30
0.0
 10
367.1252382407408
 20
276.4455331481481
 30
0.0
 10
366.4949419444444
 20
276.2298683333333
 30
0.0
 10
366.8184391666666
 20
275.2843062962963
 30
0.0
 10
367.1419363888888
 20
274.3387442592593
 30
0.0
 10
367.4654336111111
 20
273.3931822222222
 30
0.0
 10
368.0959650925926
 20
273.608847037037
 30
0.0
 10
368.726496574074
 20
273.8245118518519
 30
0.0
 10
369.3570280555555
 20
274.0401766666666
 30
0.0
 10
369.6808780555556
 20
274.1509488888889
 30
0.0
 10
370.3994863888888
 20
274.4479877777778
 30
0.0
 10
371.7072336111111
 20
274.8960155555556
 30
0.0
 10
373.0156863888889
 20
275.3436905555556
 30
0.0
 10
374.2179530555555
 20
275.2844238888889
 30
0.0
 10
374.2362974999999
 20
275.2308016666667
 30
0.0
 10
375.1295308333333
 20
272.6798655555556
 30
0.0
 10
377.3040530555555
 20
270.1444516666667
 30
0.0
 10
376.6902197222222
 20
267.3751461111111
 30
0.0
 10
376.6729336111111
 20
267.3257572222222
 30
0.0
 10
375.4699613888889
 20
267.2636683333333
 30
0.0
 10
374.1615086111111
 20
267.7120488888889
 30
0.0
 10
372.8537613888889
 20
268.1614877777778
 30
0.0
 10
372.1351530555555
 20
268.4585266666667
 30
0.0
 10
371.8109502777777
 20
268.5692988888889
 30
0.0
 10
371.180771574074
 20
268.785434074074
 30
0.0
 10
370.5505928703703
 20
269.0015692592592
 30
0.0
 10
369.9204141666667
 20
269.2177044444444
 30
0.0
 10
369.5962113888889
 20
268.2723775925925
 30
0.0
 10
369.2720086111111
 20
267.3270507407407
 30
0.0
 10
368.9478058333333
 20
266.3817238888889
 30
0.0
 10
369.5782197222222
 20
266.1655887037037
 30
0.0
 10
370.2086336111111
 20
265.9494535185185
 30
0.0
 10
370.8390475
 20
265.7333183333333
 30
0.0
 10
371.1628974999999
 20
265.6225461111111
 30
0.0
 10
371.9125502777777
 20
265.4165238888889
 30
0.0
 10
373.2202975
 20
264.9677905555556
 30
0.0
 10
374.5283975
 20
264.51941
 30
0.0
 10
375.4417391666667
 20
263.7358905555556
 30
0.0
 10
375.4237475
 20
263.6822683333334
 30
0.0
 10
375.3242641666666
 20
261.6005266666667
 30
0.0
 10
377.3717863888889
 20
259.1180294444445
 30
0.0
 10
376.3134530555556
 20
257.24866
 30
0.0
 10
376.2760586111111
 20
257.2116183333333
 30
0.0
 10
375.1683363888889
 20
257.6850461111111
 30
0.0
 10
374.1904363888889
 20
258.6625933333333
 30
0.0
 10
373.2125363888889
 20
259.6408461111111
 30
0.0
 10
372.6981863888889
 20
260.2232822222222
 30
0.0
 10
372.4554752777778
 20
260.4656405555555
 30
0.0
 10
371.984634537037
 20
260.9367164814815
 30
0.0
 10
371.5137937962963
 20
261.4077924074074
 30
0.0
 10
371.0429530555555
 20
261.8788683333333
 30
0.0
 10
370.336221574074
 20
261.1721368518518
 30
0.0
 10
369.6294900925926
 20
260.4654053703704
 30
0.0
 10
368.9227586111111
 20
259.7586738888889
 30
0.0
 10
369.393834537037
 20
259.2877155555556
 30
0.0
 10
369.864910462963
 20
258.8167572222222
 30
0.0
 10
370.3359863888889
 20
258.3457988888889
 30
0.0
 10
370.5786975
 20
258.1037933333333
 30
0.0
 10
371.1607808333333
 20
257.5890905555555
 30
0.0
 10
372.1386808333333
 20
256.6115433333333
 30
0.0
 10
373.1162280555555
 20
255.6336433333333
 30
0.0
 10
373.5924780555555
 20
254.527685
 30
0.0
 10
373.5526141666667
 20
254.4878211111111
 30
0.0
 10
371.9365391666667
 20
249.99696
 30
0.0
 10
371.7340447222222
 20
241.8477933333333
 30
0.0
 10
367.2714058333333
 20
240.2073766666667
 30
0.0
 10
367.2184891666667
 20
240.2073766666667
 30
0.0
 10
366.7697558333333
 20
241.3253294444444
 30
0.0
 10
366.7697558333333
 20
242.7082183333333
 30
0.0
 10
366.7697558333333
 20
244.0911072222222
 30
0.0
 10
366.8184391666667
 20
244.8672183333333
 30
0.0
 10
366.8184391666667
 20
245.2094127777778
 30
0.0
 10
366.8184391666667
 20
246.5424424074074
 30
0.0
 10
366.8184391666667
 20
247.8754720370371
 30
0.0
 10
366.8184391666667
 20
249.2085016666667
 30
0.0
 10
365.8189021296296
 20
249.2085016666666
 30
0.0
 10
364.8193650925926
 20
249.2085016666666
 30
0.0
 10
363.8198280555555
 20
249.2085016666667
 30
0.0
 10
363.8198280555555
 20
247.8754720370371
 30
0.0
 10
363.8198280555555
 20
246.5424424074074
 30
0.0
 10
363.8198280555555
 20
245.2094127777778
 30
0.0
 10
363.8198280555555
 20
244.8672183333333
 30
0.0
 10
363.8685113888889
 20
244.0911072222222
 30
0.0
 10
363.8685113888889
 20
242.7082183333333
 30
0.0
 10
363.8685113888889
 20
241.3253294444444
 30
0.0
 10
363.4233058333333
 20
240.2073766666667
 30
0.0
 10
363.3668613888889
 20
240.2073766666667
 30
0.0
 10
362.3233447222223
 20
240.0362794444444
 30
0.0
 10
359.6150697222222
 20
241.3091016666666
 30
0.0
 10
358.4325586111111
 20
241.3034572222222
 30
0.0
  0
SPLINE
  5
124
330
1F
100
AcDbEntity
  8
DEFAULT
 62
     7
100
AcDbSpline
210
0.0
220
0.0
230
1.0
 70
    11
 71
     3
 72
    26
 73
    22
 74
     0
 42
0.000000001
 43
0.0000000001
 40
1.0
 40
1.0
 40
1.0
 40
1.0
 40
2.0
 40
2.0
 40
2.0
 40
3.0
 40
3.0
 40
3.0
 40
4.0
 40
4.0
 40
4.0
 40
11.77000025740023
 40
11.77000025740023
 40
11.77000025740023
 40
19.13100704995245
 40
19.13100704995245
 40
19.13100704995245
 40
37.30500715999975
 40
37.30500715999975
 40
37.30500715999975
 40
38.30500715999975
 40
38.30500715999975
 40
38.30500715999975
 40
38.30500715999975
 10
233.8513441666666
 20
235.2951930555556
 30
0.0
 10
233.8499330555555
 20
237.4478430555556
 30
0.0
 10
232.1065052777778
 20
239.1916236111111
 30
0.0
 10
229.9542080555555
 20
239.1916236111111
 30
0.0
 10
227.8012052777777
 20
239.1916236111111
 30
0.0
 10
226.0570719444444
 20
237.4471375
 30
0.0
 10
226.0570719444444
 20
235.2944875
 30
0.0
 10
226.0577775
 20
234.8418736111111
 30
0.0
 10
226.1343302777778
 20
234.4030180555555
 30
0.0
 10
226.2789691666667
 20
233.9955597222222
 30
0.0
 10
225.3652747222222
 20
233.9957949074074
 30
0.0
 10
224.4515802777778
 20
233.9960300925926
 30
0.0
 10
223.5378858333333
 20
233.9962652777778
 30
0.0
 10
223.5390617592592
 20
233.1306662037037
 30
0.0
 10
223.5402376851852
 20
232.2650671296296
 30
0.0
 10
223.5414136111111
 20
231.3994680555556
 30
0.0
 10
225.6785413888889
 20
231.3992328703704
 30
0.0
 10
227.8156691666667
 20
231.3989976851852
 30
0.0
 10
229.9527969444444
 20
231.3987625
 30
0.0
 10
232.1057997222222
 20
231.3966458333333
 30
0.0
 10
233.8513441666666
 20
233.1414847222222
 30
0.0
 10
233.8513441666666
 20
235.2951930555556
 30
0.0
  0
SPLINE
  5
125
330
1F
100
AcDbEntity
  8
DEFAULT
 62
     7
100
AcDbSpline
210
0.0
220
0.0
230
1.0
 70
    11
 71
     3
 72
    17
 73
    13
 74
     0
 42
0.000000001
 43
0.0000000001
 40
1.0
 40
1.0
 40
1.0
 40
1.0
 40
2.0
 40
2.0
 40
2.0
 40
3.0
 40
3.0
 40
3.0
 40
4.0
 40
4.0
 40
4.0
 40
5.0
 40
5.0
 40
5.0
 40
5.0
 10
228.6552802777778
 20
235.2958986111111
 30
0.0
 10
228.6535163888889
 20
236.0116847222222
 30
0.0
 10
229.2359525
 20
236.5941208333333
 30
0.0
 10
229.9535025
 20
236.5948263888889
 30
0.0
 10
230.6721108333333
 20
236.5934152777778
 30
0.0
 10
231.2520775
 20
236.0116847222222
 30
0.0
 10
231.2534886111111
 20
235.2951930555556
 30
0.0
 10
231.2520775
 20
234.5779958333333
 30
0.0
 10
230.6721108333333
 20
233.9962652777778
 30
0.0
 10
229.9535025
 20
233.9962652777778
 30
0.0
 10
229.2366580555556
 20
233.9955597222222
 30
0.0
 10
228.6559858333333
 20
234.5765847222222
 30
0.0
 10
228.6552802777778
 20
235.2958986111111
 30
0.0
  0
SPLINE
  5
126
330
1F
100
AcDbEntity
  8
DEFAULT
 62
     7
100
AcDbSpline
210
0.0
220
0.0
230
1.0
 70
    11
 71
     3
 72
    29
 73
    25
 74
     0
 42
0.000000001
 43
0.0000000001
 40
0.0
 40
0.0
 40
0.0
 40
0.0
 40
1.0
 40
1.0
 40
1.0
 40
2.0
 40
2.0
 40
2.0
 40
3.0
 40
3.0
 40
3.0
 40
13.41800172777871
 40
13.41800172777871
 40
13.41800172777871
 40
14.41800172777871
 40
14.41800172777871
 40
14.41800172777871
 40
15.41800172777871
 40
15.41800172777871
 40
15.41800172777871
 40
25.84200249523836
 40
25.84200249523836
 40
25.84200249523836
 40
26.84200249523836
 40
26.84200249523836
 40
26.84200249523836
 40
26.84200249523836
 10
229.9533966666667
 20
239.6477652777778
 30
0.0
 10
227.8028633333333
 20
239.6463541666666
 30
0.0
 10
226.0583772222222
 20
241.3908402777778
 30
0.0
 10
226.0576716666667
 20
243.5427847222222
 30
0.0
 10
226.0569661111111
 20
245.6954347222222
 30
0.0
 10
227.8014522222222
 20
247.4406263888889
 30
0.0
 10
229.9526911111111
 20
247.4399208333333
 30
0.0
 10
231.6516688888889
 20
247.4378041666666
 30
0.0
 10
233.0927661111111
 20
246.3561875
 30
0.0
 10
233.6293411111111
 20
244.8410069444444
 30
0.0
 10
232.4042614814814
 20
244.8417125
 30
0.0
 10
231.1791818518518
 20
244.8424180555555
 30
0.0
 10
229.9541022222222
 20
244.8431236111111
 30
0.0
 10
229.2376105555555
 20
244.8424180555556
 30
0.0
 10
228.6544688888889
 20
244.2613930555555
 30
0.0
 10
228.6544688888889
 20
243.5413736111111
 30
0.0
 10
228.6551744444444
 20
242.8255875
 30
0.0
 10
229.2354938888889
 20
242.2438569444444
 30
0.0
 10
229.9533966666667
 20
242.2452680555556
 30
0.0
 10
231.1791818518518
 20
242.2447976851852
 30
0.0
 10
232.404967037037
 20
242.2443273148148
 30
0.0
 10
233.6307522222222
 20
242.2438569444444
 30
0.0
 10
233.0931188888889
 20
240.7300875
 30
0.0
 10
231.6509633333333
 20
239.6463541666666
 30
0.0
 10
229.9533966666667
 20
239.6477652777778
 30
0.0
  0
SPLINE
  5
127
330
1F
100
AcDbEntity
  8
DEFAULT
 62
     7
100
AcDbSpline
210
0.0
220
0.0
230
1.0
 70
    11
 71
     3
 72
    26
 73
    22
 74
     0
 42
0.000000001
 43
0.0000000001
 40
1.0
 40
1.0
 40
1.0
 40
1.0
 40
2.0
 40
2.0
 40
2.0
 40
9.763002318690916
 40
9.763002318690916
 40
9.763002318690916
 40
17.12200259046689
 40
17.12200259046689
 40
17.12200259046689
 40
35.30500358040251
 40
35.30500358040251
 40
35.30500358040251
 40
36.30500358040251
 40
36.30500358040251
 40
36.30500358040251
 40
37.30500358040251
 40
37.30500358040251
 40
37.30500358040251
 40
38.30500358040251
 40
38.30500358040251
 40
38.30500358040251
 40
38.30500358040251
 10
233.8509913888888
 20
251.7917522222222
 30
0.0
 10
233.8506386111111
 20
252.2457772222222
 30
0.0
 10
233.7723219444444
 20
252.6832216666666
 30
0.0
 10
233.6294469444444
 20
253.0885633333333
 30
0.0
 10
234.5423182407407
 20
253.0892688888888
 30
0.0
 10
235.455189537037
 20
253.0899744444444
 30
0.0
 10
236.3680608333333
 20
253.09068
 30
0.0
 10
236.3682960185185
 20
253.9560438888889
 30
0.0
 10
236.3685312037037
 20
254.8214077777777
 30
0.0
 10
236.3687663888889
 20
255.6867716666666
 30
0.0
 10
234.2305802777778
 20
255.6874772222222
 30
0.0
 10
232.0923941666667
 20
255.6881827777778
 30
0.0
 10
229.9542080555555
 20
255.6888883333333
 30
0.0
 10
227.8015580555555
 20
255.6874772222222
 30
0.0
 10
226.0574247222222
 20
253.9422855555555
 30
0.0
 10
226.0577775
 20
251.7910466666666
 30
0.0
 10
226.0577775
 20
249.6383966666666
 30
0.0
 10
227.8036747222222
 20
247.8946161111111
 30
0.0
 10
229.9542080555555
 20
247.8939105555555
 30
0.0
 10
232.1065052777778
 20
247.8960272222222
 30
0.0
 10
233.8506386111111
 20
249.6398077777777
 30
0.0
 10
233.8509913888888
 20
251.7917522222222
 30
0.0
  0
SPLINE
  5
128
330
1F
100
AcDbEntity
  8
DEFAULT
 62
     7
100
AcDbSpline
210
0.0
220
0.0
230
1.0
 70
    11
 71
     3
 72
    17
 73
    13
 74
     0
 42
0.000000001
 43
0.0000000001
 40
1.0
 40
1.0
 40
1.0
 40
1.0
 40
2.0
 40
2.0
 40
2.0
 40
3.0
 40
3.0
 40
3.0
 40
4.0
 40
4.0
 40
4.0
 40
5.0
 40
5.0
 40
5.0
 40
5.0
 10
228.6552802777778
 20
251.7903411111111
 30
0.0
 10
228.6559858333333
 20
252.509655
 30
0.0
 10
229.2366580555556
 20
253.09068
 30
0.0
 10
229.9542080555555
 20
253.0892688888889
 30
0.0
 10
230.6721108333333
 20
253.0899744444444
 30
0.0
 10
231.2513719444444
 20
252.5075383333333
 30
0.0
 10
231.2534886111111
 20
251.7903411111111
 30
0.0
 10
231.2534886111111
 20
251.0738494444444
 30
0.0
 10
230.6738747222222
 20
250.4928244444444
 30
0.0
 10
229.9542080555555
 20
250.4928244444444
 30
0.0
 10
229.2373636111111
 20
250.4907077777778
 30
0.0
 10
228.6552802777778
 20
251.0752605555555
 30
0.0
 10
228.6552802777778
 20
251.7903411111111
 30
0.0
  0
SPLINE
  5
129
330
1F
100
AcDbEntity
  8
DEFAULT
 62
     7
100
AcDbSpline
210
0.0
220
0.0
230
1.0
 70
    11
 71
     3
 72
    17
 73
    13
 74
     0
 42
0.000000001
 43
0.0000000001
 40
1.0
 40
1.0
 40
1.0
 40
1.0
 40
2.0
 40
2.0
 40
2.0
 40
3.0
 40
3.0
 40
3.0
 40
4.0
 40
4.0
 40
4.0
 40
5.0
 40
5.0
 40
5.0
 40
5.0
 10
233.8509561111111
 20
260.0386030555555
 30
0.0
 10
233.8513088888888
 20
262.1898419444444
 30
0.0
 10
232.10647
 20
263.9343280555555
 30
0.0
 10
229.9548783333333
 20
263.9343280555555
 30
0.0
 10
227.8004644444444
 20
263.9350336111111
 30
0.0
 10
226.0584477777778
 20
262.1912530555555
 30
0.0
 10
226.0577422222222
 20
260.0378975
 30
0.0
 10
226.0573894444444
 20
257.8880697222222
 30
0.0
 10
227.8029338888888
 20
256.1414669444445
 30
0.0
 10
229.9562894444444
 20
256.1421725
 30
0.0
 10
232.10647
 20
256.1428780555555
 30
0.0
 10
233.8506033333333
 20
257.8873641666667
 30
0.0
 10
233.8509561111111
 20
260.0386030555555
 30
0.0
  0
SPLINE
  5
12A
330
1F
100
AcDbEntity
  8
DEFAULT
 62
     7
100
AcDbSpline
210
0.0
220
0.0
230
1.0
 70
    11
 71
     3
 72
    17
 73
    13
 74
     0
 42
0.000000001
 43
0.0000000001
 40
0.0
 40
0.0
 40
0.0
 40
0.0
 40
1.0
 40
1.0
 40
1.0
 40
2.0
 40
2.0
 40
2.0
 40
3.0
 40
3.0
 40
3.0
 40
4.0
 40
4.0
 40
4.0
 40
4.0
 10
228.6573616666666
 20
260.0378975
 30
0.0
 10
228.6566561111111
 20
260.7550947222222
 30
0.0
 10
229.2376811111111
 20
261.3382363888889
 30
0.0
 10
229.9548783333333
 20
261.3375308333333
 30
0.0
 10
230.67137
 20
261.3368252777778
 30
0.0
 10
231.2534533333333
 20
260.7558002777778
 30
0.0
 10
231.2534533333333
 20
260.0378975
 30
0.0
 10
231.2534533333333
 20
259.3228169444444
 30
0.0
 10
230.67137
 20
258.7403808333333
 30
0.0
 10
229.9559366666666
 20
258.7403808333333
 30
0.0
 10
229.23627
 20
258.7403808333333
 30
0.0
 10
228.6559505555555
 20
259.3221113888889
 30
0.0
 10
228.6573616666666
 20
260.0378975
 30
0.0
  0
ENDSEC
  0
SECTION
  2
OBJECTS
  0
DICTIONARY
  5
C
330
0
100
AcDbDictionary
  3
ACAD_GROUP
350
D
  3
ACAD_LAYOUT
350
1A
  3
ACAD_MATERIAL
350
43
  3
ACAD_MLEADERSTYLE
350
14D
  3
ACAD_MLINESTYLE
350
17
  3
ACAD_PLOTSETTINGS
350
19
  3
ACAD_SCALELIST
350
47
  3
ACAD_VISUALSTYLE
350
2A
  3
ACDBHEADERROUNDTRIPXREC
350
12B
  3
ACDBVARIABLEDICTIONARY
350
14B
  0
DICTIONARY
  5
D
102
{ACAD_REACTORS
330
C
102
}
330
C
100
AcDbDictionary
  0
DICTIONARY
  5
1A
102
{ACAD_REACTORS
330
C
102
}
330
C
100
AcDbDictionary
  0
DICTIONARY
  5
43
102
{ACAD_REACTORS
330
C
102
}
330
C
100
AcDbDictionary
  3
BYBLOCK
350
45
  3
BYLAYER
350
44
  3
GLOBAL
350
46
  0
DICTIONARY
  5
14D
102
{ACAD_REACTORS
330
C
102
}
330
C
100
AcDbDictionary
  0
DICTIONARY
  5
17
102
{ACAD_REACTORS
330
C
102
}
330
C
100
AcDbDictionary
  3
STANDARD
350
18
  0
DICTIONARY
  5
19
102
{ACAD_REACTORS
330
C
102
}
330
C
100
AcDbDictionary
  0
DICTIONARY
  5
47
102
{ACAD_REACTORS
330
C
102
}
330
C
100
AcDbDictionary
  3
A0
350
48
  3
A1
350
49
  3
A2
350
4A
  3
A3
350
4B
  3
A4
350
4C
  3
A5
350
4D
  3
A6
350
4E
  3
A7
350
4F
  3
A8
350
50
  3
A9
350
51
  3
B0
350
52
  3
B1
350
53
  3
B2
350
54
  3
B3
350
55
  3
B4
350
56
  3
B5
350
57
  3
B6
350
58
  3
B7
350
59
  3
B8
350
5A
  3
B9
350
5B
  3
C0
350
5C
  3
C1
350
5D
  3
C2
350
5E
  3
C3
350
5F
  3
C4
350
60
  3
C5
350
61
  3
C6
350
62
  3
C7
350
63
  3
C8
350
64
  3
C9
350
65
  3
D0
350
66
  3
D1
350
67
  3
D2
350
68
  0
DICTIONARY
  5
2A
102
{ACAD_REACTORS
330
C
102
}
330
C
100
AcDbDictionary
  3
2DWIREFRAME
350
2F
  3
BASIC
350
32
  3
BRIGHTEN
350
36
  3
COLORCHANGE
350
3A
  3
CONCEPTUAL
350
34
  3
DIM
350
35
  3
EDGECOLOROFF
350
3D
  3
FACEPATTERN
350
39
  3
FLAT
350
2B
  3
FLATWITHEDGES
350
2C
  3
GOURAUD
350
2D
  3
GOURAUDWITHEDGES
350
2E
  3
HIDDEN
350
31
  3
JITTEROFF
350
3B
  3
LINEPATTERN
350
38
  3
OVERHANGOFF
350
3C
  3
REALISTIC
350
33
  3
SHADED
350
42
  3
SHADED_WITH_EDGES
350
41
  3
SHADES_OF_GRAY
350
3E
  3
SKETCHY
350
3F
  3
THICKEN
350
37
  3
WIREFRAME
350
30
  3
X-RAY
350
40
  0
DICTIONARY
  5
12B
102
{ACAD_REACTORS
330
C
102
}
330
C
100
AcDbDictionary
  3
CEPSNTYPE
350
134
  3
DIMSTYLEDATA
350
14A
  3
FINGERPRINTGUID
350
135
  3
HYPERLINKBASE
350
12E
  3
INSUNITS
350
133
  3
LAYOUTDICT
350
130
  3
LWETCUNION
350
132
  3
PLOTSETDICT
350
131
  3
PSVPSCALE
350
137
  3
PUCSBASE
350
13A
  3
PUCSORGBACK
350
140
  3
PUCSORGBOTTOM
350
13C
  3
PUCSORGFRONT
350
13F
  3
PUCSORGLEFT
350
13D
  3
PUCSORGRIGHT
350
13E
  3
PUCSORGTOP
350
13B
  3
PUCSORTHOREF
350
138
  3
PUCSORTHOVIEW
350
139
  3
STYLESHEET
350
12F
  3
TSTACKALIGN
350
12C
  3
TSTACKSIZE
350
12D
  3
UCSBASE
350
143
  3
UCSORGBACK
350
149
  3
UCSORGBOTTOM
350
145
  3
UCSORGFRONT
350
148
  3
UCSORGLEFT
350
146
  3
UCSORGRIGHT
350
147
  3
UCSORGTOP
350
144
  3
UCSORTHOREF
350
141
  3
UCSORTHOVIEW
350
142
  3
VERSIONGUID
350
136
  0
DICTIONARY
  5
14B
102
{ACAD_REACTORS
330
C
102
}
330
C
100
AcDbDictionary
  3
CANNOSCALE
350
152
  3
DIMASSOC
350
150
  3
HIDETEXT
350
151
  3
MSLTSCALE
350
153
  0
MATERIAL
  5
45
102
{ACAD_REACTORS
330
43
102
}
102
{ACAD_XDICTIONARY
360
156
102
}
330
43
100
AcDbMaterial
  1
BYBLOCK
  0
MATERIAL
  5
44
102
{ACAD_REACTORS
330
43
102
}
102
{ACAD_XDICTIONARY
360
154
102
}
330
43
100
AcDbMaterial
  1
BYLAYER
  0
MATERIAL
  5
46
102
{ACAD_REACTORS
330
43
102
}
102
{ACAD_XDICTIONARY
360
158
102
}
330
43
100
AcDbMaterial
  1
GLOBAL
  0
MLINESTYLE
  5
18
102
{ACAD_REACTORS
330
17
102
}
330
17
100
AcDbMlineStyle
  2
Standard
 70
     0
  3

 62
   256
 51
90.0
 52
90.0
 71
     2
 49
0.5
 62
   256
  6
BYLAYER
 49
-0.5
 62
   256
  6
BYLAYER
  0
ACAD_PROXY_OBJECT
  5
48
102
{ACAD_REACTORS
330
47
102
}
330
47
100
AcDbProxyObject
 90
      499
 91
      503
 93
       41
310
903313A31580
  0
ACAD_PROXY_OBJECT
  5
49
102
{ACAD_REACTORS
330
47
102
}
330
47
100
AcDbProxyObject
 90
      499
 91
      503
 93
      105
310
903313A324000000000000004000
  0
ACAD_PROXY_OBJECT
  5
4A
102
{ACAD_REACTORS
330
47
102
}
330
47
100
AcDbProxyObject
 90
      499
 91
      503
 93
      105
310
903313A344000000000000104000
  0
ACAD_PROXY_OBJECT
  5
4B
102
{ACAD_REACTORS
330
47
102
}
330
47
100
AcDbProxyObject
 90
      499
 91
      503
 93
      105
310
903313A354000000000000144000
  0
ACAD_PROXY_OBJECT
  5
4C
102
{ACAD_REACTORS
330
47
102
}
330
47
100
AcDbProxyObject
 90
      499
 91
      503
 93
      105
310
903313A384000000000000204000
  0
ACAD_PROXY_OBJECT
  5
4D
102
{ACAD_REACTORS
330
47
102
}
330
47
100
AcDbProxyObject
 90
      499
 91
      503
 93
      113
310
904313A31304000000000000244000
  0
ACAD_PROXY_OBJECT
  5
4E
102
{ACAD_REACTORS
330
47
102
}
330
47
100
AcDbProxyObject
 90
      499
 91
      503
 93
      113
310
904313A31364000000000000304000
  0
ACAD_PROXY_OBJECT
  5
4F
102
{ACAD_REACTORS
330
47
102
}
330
47
100
AcDbProxyObject
 90
      499
 91
      503
 93
      113
310
904313A32304000000000000344000
  0
ACAD_PROXY_OBJECT
  5
50
102
{ACAD_REACTORS
330
47
102
}
330
47
100
AcDbProxyObject
 90
      499
 91
      503
 93
      113
310
904313A333040000000000003E4000
  0
ACAD_PROXY_OBJECT
  5
51
102
{ACAD_REACTORS
330
47
102
}
330
47
100
AcDbProxyObject
 90
      499
 91
      503
 93
      113
310
904313A34304000000000000444000
  0
ACAD_PROXY_OBJECT
  5
52
102
{ACAD_REACTORS
330
47
102
}
330
47
100
AcDbProxyObject
 90
      499
 91
      503
 93
      113
310
904313A35304000000000000494000
  0
ACAD_PROXY_OBJECT
  5
53
102
{ACAD_REACTORS
330
47
102
}
330
47
100
AcDbProxyObject
 90
      499
 91
      503
 93
      121
310
905313A3130304000000000000594000
  0
ACAD_PROXY_OBJECT
  5
54
102
{ACAD_REACTORS
330
47
102
}
330
47
100
AcDbProxyObject
 90
      499
 91
      503
 93
      105
310
903323A310000000000000010100
  0
ACAD_PROXY_OBJECT
  5
55
102
{ACAD_REACTORS
330
47
102
}
330
47
100
AcDbProxyObject
 90
      499
 91
      503
 93
      105
310
903343A310000000000000410100
  0
ACAD_PROXY_OBJECT
  5
56
102
{ACAD_REACTORS
330
47
102
}
330
47
100
AcDbProxyObject
 90
      499
 91
      503
 93
      105
310
903383A310000000000000810100
  0
ACAD_PROXY_OBJECT
  5
57
102
{ACAD_REACTORS
330
47
102
}
330
47
100
AcDbProxyObject
 90
      499
 91
      503
 93
      113
310
90431303A310000000000000910100
  0
ACAD_PROXY_OBJECT
  5
58
102
{ACAD_REACTORS
330
47
102
}
330
47
100
AcDbProxyObject
 90
      499
 91
      503
 93
      121
310
9053130303A310000000000001650100
  0
ACAD_PROXY_OBJECT
  5
59
102
{ACAD_REACTORS
330
47
102
}
330
47
100
AcDbProxyObject
 90
      499
 91
      503
 93
      257
310
90E312F31323822203D2031272D3022000000000000200FC000000000000284000
  0
ACAD_PROXY_OBJECT
  5
5A
102
{ACAD_REACTORS
330
47
102
}
330
47
100
AcDbProxyObject
 90
      499
 91
      503
 93
      249
310
90D312F363422203D2031272D3022000000000000240FC000000000000284000
  0
ACAD_PROXY_OBJECT
  5
5B
102
{ACAD_REACTORS
330
47
102
}
330
47
100
AcDbProxyObject
 90
      499
 91
      503
 93
      249
310
90D312F333222203D2031272D3022000000000000280FC000000000000284000
  0
ACAD_PROXY_OBJECT
  5
5C
102
{ACAD_REACTORS
330
47
102
}
330
47
100
AcDbProxyObject
 90
      499
 91
      503
 93
      249
310
90D312F313622203D2031272D30220000000000002C0FC000000000000284000
  0
ACAD_PROXY_OBJECT
  5
5D
102
{ACAD_REACTORS
330
47
102
}
330
47
100
AcDbProxyObject
 90
      499
 91
      503
 93
      249
310
90D332F333222203D2031272D30220000000000002E0FC000000000000284000
  0
ACAD_PROXY_OBJECT
  5
5E
102
{ACAD_REACTORS
330
47
102
}
330
47
100
AcDbProxyObject
 90
      499
 91
      503
 93
      241
310
90C312F3822203D2031272D3022000000000000300FC000000000000284000
  0
ACAD_PROXY_OBJECT
  5
5F
102
{ACAD_REACTORS
330
47
102
}
330
47
100
AcDbProxyObject
 90
      499
 91
      503
 93
      249
310
90D332F313622203D2031272D3022000000000000320FC000000000000284000
  0
ACAD_PROXY_OBJECT
  5
60
102
{ACAD_REACTORS
330
47
102
}
330
47
100
AcDbProxyObject
 90
      499
 91
      503
 93
      241
310
90C312F3422203D2031272D3022000000000000340FC000000000000284000
  0
ACAD_PROXY_OBJECT
  5
61
102
{ACAD_REACTORS
330
47
102
}
330
47
100
AcDbProxyObject
 90
      499
 91
      503
 93
      241
310
90C332F3822203D2031272D3022000000000000360FC000000000000284000
  0
ACAD_PROXY_OBJECT
  5
62
102
{ACAD_REACTORS
330
47
102
}
330
47
100
AcDbProxyObject
 90
      499
 91
      503
 93
      241
310
90C312F3222203D2031272D3022000000000000380FC000000000000284000
  0
ACAD_PROXY_OBJECT
  5
63
102
{ACAD_REACTORS
330
47
102
}
330
47
100
AcDbProxyObject
 90
      499
 91
      503
 93
      241
310
90C332F3422203D2031272D30220000000000003A0FC000000000000284000
  0
ACAD_PROXY_OBJECT
  5
64
102
{ACAD_REACTORS
330
47
102
}
330
47
100
AcDbProxyObject
 90
      499
 91
      503
 93
      161
310
90A3122203D2031272D30224000000000000284000
  0
ACAD_PROXY_OBJECT
  5
65
102
{ACAD_REACTORS
330
47
102
}
330
47
100
AcDbProxyObject
 90
      499
 91
      503
 93
      257
310
90E312D312F3222203D2031272D30220000000000003E0FC000000000000284000
  0
ACAD_PROXY_OBJECT
  5
66
102
{ACAD_REACTORS
330
47
102
}
330
47
100
AcDbProxyObject
 90
      499
 91
      503
 93
      225
310
90A3322203D2031272D302200000000000002100000000000000284000
  0
ACAD_PROXY_OBJECT
  5
67
102
{ACAD_REACTORS
330
47
102
}
330
47
100
AcDbProxyObject
 90
      499
 91
      503
 93
      225
310
90A3622203D2031272D302200000000000006100000000000000284000
  0
ACAD_PROXY_OBJECT
  5
68
102
{ACAD_REACTORS
330
47
102
}
330
47
100
AcDbProxyObject
 90
      499
 91
      503
 93
      249
310
90D31272D3022203D2031272D30220000000000000A100000000000000284000
  0
ACAD_PROXY_OBJECT
  5
2F
102
{ACAD_REACTORS
330
2A
102
}
330
2A
100
AcDbProxyObject
 90
      499
 91
      501
 93
      436
310
42CC9915DA5C99599C985B595049028333333333333E33F0000000000000F90107901411070040501600405405064090741402480A0340
1001
ACAD
1000
AcDbSavedByObjectVersion
1070
     0
  0
ACAD_PROXY_OBJECT
  5
32
102
{ACAD_REACTORS
330
2A
102
}
330
2A
100
AcDbProxyObject
 90
      499
 91
      501
 93
      388
310
4150985CDA58D07406404333333333333E33F0000000000000F90107A41107004050150841D405064090741402480A0350
1001
ACAD
1000
AcDbSavedByObjectVersion
1070
     0
  0
ACAD_PROXY_OBJECT
  5
36
102
{ACAD_REACTORS
330
2A
102
}
330
2A
100
AcDbProxyObject
 90
      499
 91
      501
 93
      428
310
42109C9A59DA1D195B90C409028333333333333E33F0000000000000F9010790141107004050150841D405064090741402480A029950
1001
ACAD
1000
AcDbSavedByObjectVersion
1070
     0
  0
ACAD_PROXY_OBJECT
  5
3A
102
{ACAD_REACTORS
330
2A
102
}
330
2A
100
AcDbProxyObject
 90
      499
 91
      501
 93
      452
310
42D0DBDB1BDC90DA185B99D95104090240C333333333333E33F0000000000000F90108901411070040501508421405064090741402480A0350
1001
ACAD
1000
AcDbSavedByObjectVersion
1070
     0
  0
ACAD_PROXY_OBJECT
  5
34
102
{ACAD_REACTORS
330
2A
102
}
330
2A
100
AcDbProxyObject
 90
      499
 91
      501
 93
      500
310
4290DBDB98D95C1D1D585B10940D028333333333333E33F0000000000000F90107902409070040501000000000018199010841D405064090740C02480A0340
1001
ACAD
1000
AcDbSavedByObjectVersion
1070
     0
  0
ACAD_PROXY_OBJECT
  5
35
102
{ACAD_REACTORS
330
2A
102
}
330
2A
100
AcDbProxyObject
 90
      499
 91
      501
 93
      412
310
40D11A5B50B409028333333333333E33F0000000000000F9010790141107004050150841D405064090741402480A02677FFFFFD0
1001
ACAD
1000
AcDbSavedByObjectVersion
1070
     0
  0
ACAD_PROXY_OBJECT
  5
3D
102
{ACAD_REACTORS
330
2A
102
}
330
2A
100
AcDbProxyObject
 90
      499
 91
      501
 93
      452
310
43115919D950DBDB1BDC93D999916409028333333333333E33F0000000000000F9010790141107004050150841D405064090741402480A0350
1001
ACAD
1000
AcDbSavedByObjectVersion
1070
     0
  0
ACAD_PROXY_OBJECT
  5
39
102
{ACAD_REACTORS
330
2A
102
}
330
2A
100
AcDbProxyObject
 90
      499
 91
      501
 93
      444
310
42D19858D95C185D1D195C9B90F409028333333333333E33F0000000000000F9010790141107004050150841D405064090741402480A0350
1001
ACAD
1000
AcDbSavedByObjectVersion
1070
     0
  0
ACAD_PROXY_OBJECT
  5
2B
102
{ACAD_REACTORS
330
2A
102
}
330
2A
100
AcDbProxyObject
 90
      499
 91
      501
 93
      380
310
41119B185D240901404333333333333E33F0000000000000F9010740A907004050150841D405064090741402480A1B50
1001
ACAD
1000
AcDbSavedByObjectVersion
1070
     0
  0
ACAD_PROXY_OBJECT
  5
2C
102
{ACAD_REACTORS
330
2A
102
}
330
2A
100
AcDbProxyObject
 90
      499
 91
      501
 93
      468
310
43519B185D15DA5D1A115919D95CD0140901404333333333333E33F0000000000000F90107409019070040501600405405064090741402480A1B50
1001
ACAD
1000
AcDbSavedByObjectVersion
1070
     0
  0
ACAD_PROXY_OBJECT
  5
2D
102
{ACAD_REACTORS
330
2A
102
}
330
2A
100
AcDbProxyObject
 90
      499
 91
      501
 93
      404
310
41D1DBDD5C985D5910240902404333333333333E33F0000000000000F9010740A9070040501641D405064090741402480A1B50
1001
ACAD
1000
AcDbSavedByObjectVersion
1070
     0
  0
ACAD_PROXY_OBJECT
  5
2E
102
{ACAD_REACTORS
330
2A
102
}
330
2A
100
AcDbProxyObject
 90
      499
 91
      501
 93
      492
310
4411DBDD5C985D5915DA5D1A115919D95CD0340902404333333333333E33F0000000000000F90107409019070040501600405405064090741402480A1B50
1001
ACAD
1000
AcDbSavedByObjectVersion
1070
     0
  0
ACAD_PROXY_OBJECT
  5
31
102
{ACAD_REACTORS
330
2A
102
}
330
2A
100
AcDbProxyObject
 90
      499
 91
      501
 93
      476
310
41921A5919195B90640502408333333333333E33F0000000000000F901079024090700405020000000000001110200405405064090740C02480A0340
1001
ACAD
1000
AcDbSavedByObjectVersion
1070
     0
  0
ACAD_PROXY_OBJECT
  5
3B
102
{ACAD_REACTORS
330
2A
102
}
330
2A
100
AcDbProxyObject
 90
      499
 91
      501
 93
      428
310
42529A5D1D195C93D999914409028333333333333E33F0000000000000F9010790141107004050150A41D405064090741402480A0350
1001
ACAD
1000
AcDbSavedByObjectVersion
1070
     0
  0
ACAD_PROXY_OBJECT
  5
38
102
{ACAD_REACTORS
330
2A
102
}
330
2A
100
AcDbProxyObject
 90
      499
 91
      501
 93
      444
310
42D31A5B995C185D1D195C9B90E409028333333333333E33F0000000000000F9010790141107004050750841D405064090741402483A0350
1001
ACAD
1000
AcDbSavedByObjectVersion
1070
     0
  0
ACAD_PROXY_OBJECT
  5
3C
102
{ACAD_REACTORS
330
2A
102
}
330
2A
100
AcDbProxyObject
 90
      499
 91
      501
 93
      444
310
42D3DD995C9A185B99D3D999915409028333333333333E33F0000000000000F9010790141107004050150941D405064090741402480A0350
1001
ACAD
1000
AcDbSavedByObjectVersion
1070
     0
  0
ACAD_PROXY_OBJECT
  5
33
102
{ACAD_REACTORS
330
2A
102
}
330
2A
100
AcDbProxyObject
 90
      499
 91
      501
 93
      428
310
425499585B1A5CDD1A58D08409038333333333333E33F0000000000000F9010740A907004050150800405405064090740C02480A1B40
1001
ACAD
1000
AcDbSavedByObjectVersion
1070
     0
  0
ACAD_PROXY_OBJECT
  5
42
102
{ACAD_REACTORS
330
2A
102
}
330
2A
100
AcDbProxyObject
 90
      499
 91
      501
 93
      420
310
4194DA1859195911B40902404333333333333E33F0000000000000F9010740A41107004050150800405405064090840C02480A0B40
1001
ACAD
1000
AcDbSavedByObjectVersion
1070
     0
  0
ACAD_PROXY_OBJECT
  5
41
102
{ACAD_REACTORS
330
2A
102
}
330
2A
100
AcDbProxyObject
 90
      499
 91
      501
 93
      516
310
4454DA18591959081DDA5D1A08195919D95CD1A40902404333333333333E33F0000000000000F901074090142907004050250800405405064090740C02480A0B40
1001
ACAD
1000
AcDbSavedByObjectVersion
1070
     0
  0
ACAD_PROXY_OBJECT
  5
3E
102
{ACAD_REACTORS
330
2A
102
}
330
2A
100
AcDbProxyObject
 90
      499
 91
      501
 93
      532
310
4394DA1859195CC81BD98811DC985E5174090240C333333333333E33F0000000000000F901079024090741D01000000000000111010841D405064090740C02480A0340
1001
ACAD
1000
AcDbSavedByObjectVersion
1070
     0
  0
ACAD_PROXY_OBJECT
  5
3F
102
{ACAD_REACTORS
330
2A
102
}
330
2A
100
AcDbProxyObject
 90
      499
 91
      501
 93
      476
310
41D4DAD95D18DA1E51840502408333333333333E33F0000000000000F901079024090741D01000000000000111010B41D405064090741802480A0340
1001
ACAD
1000
AcDbSavedByObjectVersion
1070
     0
  0
ACAD_PROXY_OBJECT
  5
37
102
{ACAD_REACTORS
330
2A
102
}
330
2A
100
AcDbProxyObject
 90
      499
 91
      501
 93
      412
310
41D51A1A58DAD95B90D409028333333333333E33F0000000000000F9010790141107004050150C41D405064090741402480A0350
1001
ACAD
1000
AcDbSavedByObjectVersion
1070
     0
  0
ACAD_PROXY_OBJECT
  5
30
102
{ACAD_REACTORS
330
2A
102
}
330
2A
100
AcDbProxyObject
 90
      499
 91
      501
 93
      420
310
4255DA5C99599C985B595059028333333333333E33F0000000000000F90107901411070040501600405405064090740C02480A0340
1001
ACAD
1000
AcDbSavedByObjectVersion
1070
     0
  0
ACAD_PROXY_OBJECT
  5
40
102
{ACAD_REACTORS
330
2A
102
}
330
2A
100
AcDbProxyObject
 90
      499
 91
      501
 93
      404
310
41560B54985E51940902404000000000000E03F0000000000000F9010740501907004050150841D405064090740C02480A1B40
1001
ACAD
1000
AcDbSavedByObjectVersion
1070
     0
  0
XRECORD
  5
134
102
{ACAD_REACTORS
330
12B
102
}
330
12B
100
AcDbXrecord
 90
        0
  0
XRECORD
  5
14A
102
{ACAD_REACTORS
330
12B
102
}
330
12B
100
AcDbXrecord
1000
DSTYLE
1002
{
1070
   279
 70
     2
1070
   340
340
11
1002
}
  0
XRECORD
  5
135
102
{ACAD_REACTORS
330
12B
102
}
330
12B
100
AcDbXrecord
  1
{A4C0D9FE-987D-4278-9636-FC7EAC4542C5}
  0
XRECORD
  5
12E
102
{ACAD_REACTORS
330
12B
102
}
330
12B
100
AcDbXrecord
  1

  0
XRECORD
  5
133
102
{ACAD_REACTORS
330
12B
102
}
330
12B
100
AcDbXrecord
 90
        4
  0
XRECORD
  5
130
102
{ACAD_REACTORS
330
12B
102
}
330
12B
100
AcDbXrecord
340
1A
  0
XRECORD
  5
132
102
{ACAD_REACTORS
330
12B
102
}
330
12B
100
AcDbXrecord
 90
    10781
  0
XRECORD
  5
131
102
{ACAD_REACTORS
330
12B
102
}
330
12B
100
AcDbXrecord
340
19
  0
XRECORD
  5
137
102
{ACAD_REACTORS
330
12B
102
}
330
12B
100
AcDbXrecord
 40
0.0
  0
XRECORD
  5
13A
102
{ACAD_REACTORS
330
12B
102
}
330
12B
100
AcDbXrecord
340
0
  0
XRECORD
  5
140
102
{ACAD_REACTORS
330
12B
102
}
330
12B
100
AcDbXrecord
 10
0.0
 20
0.0
 30
0.0
  0
XRECORD
  5
13C
102
{ACAD_REACTORS
330
12B
102
}
330
12B
100
AcDbXrecord
 10
0.0
 20
0.0
 30
0.0
  0
XRECORD
  5
13F
102
{ACAD_REACTORS
330
12B
102
}
330
12B
100
AcDbXrecord
 10
0.0
 20
0.0
 30
0.0
  0
XRECORD
  5
13D
102
{ACAD_REACTORS
330
12B
102
}
330
12B
100
AcDbXrecord
 10
0.0
 20
0.0
 30
0.0
  0
XRECORD
  5
13E
102
{ACAD_REACTORS
330
12B
102
}
330
12B
100
AcDbXrecord
 10
0.0
 20
0.0
 30
0.0
  0
XRECORD
  5
13B
102
{ACAD_REACTORS
330
12B
102
}
330
12B
100
AcDbXrecord
 10
0.0
 20
0.0
 30
0.0
  0
XRECORD
  5
138
102
{ACAD_REACTORS
330
12B
102
}
330
12B
100
AcDbXrecord
340
0
  0
XRECORD
  5
139
102
{ACAD_REACTORS
330
12B
102
}
330
12B
100
AcDbXrecord
 70
     0
  0
XRECORD
  5
12F
102
{ACAD_REACTORS
330
12B
102
}
330
12B
100
AcDbXrecord
  1

  0
XRECORD
  5
12C
102
{ACAD_REACTORS
330
12B
102
}
330
12B
100
AcDbXrecord
 90
        1
  0
XRECORD
  5
12D
102
{ACAD_REACTORS
330
12B
102
}
330
12B
100
AcDbXrecord
 90
       70
  0
XRECORD
  5
143
102
{ACAD_REACTORS
330
12B
102
}
330
12B
100
AcDbXrecord
340
0
  0
XRECORD
  5
149
102
{ACAD_REACTORS
330
12B
102
}
330
12B
100
AcDbXrecord
 10
0.0
 20
0.0
 30
0.0
  0
XRECORD
  5
145
102
{ACAD_REACTORS
330
12B
102
}
330
12B
100
AcDbXrecord
 10
0.0
 20
0.0
 30
0.0
  0
XRECORD
  5
148
102
{ACAD_REACTORS
330
12B
102
}
330
12B
100
AcDbXrecord
 10
0.0
 20
0.0
 30
0.0
  0
XRECORD
  5
146
102
{ACAD_REACTORS
330
12B
102
}
330
12B
100
AcDbXrecord
 10
0.0
 20
0.0
 30
0.0
  0
XRECORD
  5
147
102
{ACAD_REACTORS
330
12B
102
}
330
12B
100
AcDbXrecord
 10
0.0
 20
0.0
 30
0.0
  0
XRECORD
  5
144
102
{ACAD_REACTORS
330
12B
102
}
330
12B
100
AcDbXrecord
 10
0.0
 20
0.0
 30
0.0
  0
XRECORD
  5
141
102
{ACAD_REACTORS
330
12B
102
}
330
12B
100
AcDbXrecord
340
0
  0
XRECORD
  5
142
102
{ACAD_REACTORS
330
12B
102
}
330
12B
100
AcDbXrecord
 70
     0
  0
XRECORD
  5
136
102
{ACAD_REACTORS
330
12B
102
}
330
12B
100
AcDbXrecord
  1
{FAEB1C32-E019-11D5-929B-00C0DF256EC4}
  0
DICTIONARYVAR
  5
152
102
{ACAD_REACTORS
330
14B
102
}
330
14B
100
DictionaryVariables
280
     0
  1
1:1
  0
DICTIONARYVAR
  5
150
102
{ACAD_REACTORS
330
14B
102
}
330
14B
100
DictionaryVariables
280
     0
  1
2
  0
DICTIONARYVAR
  5
151
102
{ACAD_REACTORS
330
14B
102
}
330
14B
100
DictionaryVariables
280
     0
  1
1
  0
DICTIONARYVAR
  5
153
102
{ACAD_REACTORS
330
14B
102
}
330
14B
100
DictionaryVariables
280
     0
  1
1
  0
DICTIONARY
  5
156
330
45
100
AcDbDictionary
280
     1
  3
ACAD_XREC_ROUNDTRIP
360
157
  0
DICTIONARY
  5
154
330
44
100
AcDbDictionary
280
     1
  3
ACAD_XREC_ROUNDTRIP
360
155
  0
DICTIONARY
  5
158
330
46
100
AcDbDictionary
280
     1
  3
ACAD_XREC_ROUNDTRIP
360
159
  0
XRECORD
  5
157
102
{ACAD_REACTORS
330
156
102
}
330
156
100
AcDbXrecord
102
MATERIAL
148
0.0
149
0.0
149
0.0
 93
        0
 94
      127
282
     0
 72
     1
 77
     1
171
     1
175
     1
179
     1
273
     0
  0
XRECORD
  5
155
102
{ACAD_REACTORS
330
154
102
}
330
154
100
AcDbXrecord
102
MATERIAL
148
0.0
149
0.0
149
0.0
 93
        0
 94
      127
282
     0
 72
     1
 77
     1
171
     1
175
     1
179
     1
273
     0
  0
XRECORD
  5
159
102
{ACAD_REACTORS
330
158
102
}
330
158
100
AcDbXrecord
102
MATERIAL
148
0.0
149
0.0
149
0.0
 93
        0
 94
      127
282
     0
 72
     1
 77
     1
171
     1
175
     1
179
     1
273
     0
  0
ENDSEC
  0
EOF
