  0
SECTION
  2
HEADER
  9
$ACADVER
  1
AC1014
  9
$ACADMAINTVER
 70
     9
  9
$DWGCODEPAGE
  3
ANSI_1252
  9
$INSBASE
 10
0.0
 20
0.0
 30
0.0
  9
$EXTMIN
 10
0.17638888888888
 20
0.17638888888888
 30
0.0
  9
$EXTMAX
 10
210.1765333333333
 20
210.1765333333333
 30
0.0
  9
$LIMMIN
 10
0.0
 20
0.0
  9
$LIMMAX
 10
12.0
 20
9.0
  9
$ORTHOMODE
 70
     0
  9
$REGENMODE
 70
     1
  9
$FILLMODE
 70
     1
  9
$QTEXTMODE
 70
     0
  9
$MIRRTEXT
 70
     1
  9
$DRAGMODE
 70
     2
  9
$LTSCALE
 40
1.0
  9
$OSMODE
 70
    37
  9
$ATTMODE
 70
     1
  9
$TEXTSIZE
 40
0.2
  9
$TRACEWID
 40
0.05
  9
$TEXTSTYLE
  7
STANDARD
  9
$CLAYER
  8
DEFAULT
  9
$CELTYPE
  6
BYLAYER
  9
$CECOLOR
 62
   256
  9
$CELTSCALE
 40
1.0
  9
$DELOBJ
 70
     1
  9
$DISPSILH
 70
     0
  9
$DIMSCALE
 40
1.0
  9
$DIMASZ
 40
0.18
  9
$DIMEXO
 40
0.0625
  9
$DIMDLI
 40
0.38
  9
$DIMRND
 40
0.0
  9
$DIMDLE
 40
0.0
  9
$DIMEXE
 40
0.18
  9
$DIMTP
 40
0.0
  9
$DIMTM
 40
0.0
  9
$DIMTXT
 40
0.18
  9
$DIMCEN
 40
0.09
  9
$DIMTSZ
 40
0.0
  9
$DIMTOL
 70
     0
  9
$DIMLIM
 70
     0
  9
$DIMTIH
 70
     1
  9
$DIMTOH
 70
     1
  9
$DIMSE1
 70
     0
  9
$DIMSE2
 70
     0
  9
$DIMTAD
 70
     0
  9
$DIMZIN
 70
     0
  9
$DIMBLK
  1

  9
$DIMASO
 70
     1
  9
$DIMSHO
 70
     1
  9
$DIMPOST
  1

  9
$DIMAPOST
  1

  9
$DIMALT
 70
     0
  9
$DIMALTD
 70
     2
  9
$DIMALTF
 40
25.4
  9
$DIMLFAC
 40
1.0
  9
$DIMTOFL
 70
     0
  9
$DIMTVP
 40
0.0
  9
$DIMTIX
 70
     0
  9
$DIMSOXD
 70
     0
  9
$DIMSAH
 70
     0
  9
$DIMBLK1
  1

  9
$DIMBLK2
  1

  9
$DIMSTYLE
  2
STANDARD
  9
$DIMCLRD
 70
     0
  9
$DIMCLRE
 70
     0
  9
$DIMCLRT
 70
     0
  9
$DIMTFAC
 40
1.0
  9
$DIMGAP
 40
0.09
  9
$DIMJUST
 70
     0
  9
$DIMSD1
 70
     0
  9
$DIMSD2
 70
     0
  9
$DIMTOLJ
 70
     1
  9
$DIMTZIN
 70
     0
  9
$DIMALTZ
 70
     0
  9
$DIMALTTZ
 70
     0
  9
$DIMFIT
 70
     5
  9
$DIMUPT
 70
     0
  9
$DIMUNIT
 70
     2
  9
$DIMDEC
 70
     4
  9
$DIMTDEC
 70
     4
  9
$DIMALTU
 70
     2
  9
$DIMALTTD
 70
     2
  9
$DIMTXSTY
  7
STANDARD
  9
$DIMAUNIT
 70
     0
  9
$LUNITS
 70
     2
  9
$LUPREC
 70
     3
  9
$SKETCHINC
 40
0.1
  9
$FILLETRAD
 40
0.5
  9
$AUNITS
 70
     0
  9
$AUPREC
 70
     0
  9
$MENU
  1
.
  9
$ELEVATION
 40
0.0
  9
$PELEVATION
 40
0.0
  9
$THICKNESS
 40
0.0
  9
$LIMCHECK
 70
     0
  9
$CHAMFERA
 40
0.0
  9
$CHAMFERB
 40
0.0
  9
$CHAMFERC
 40
0.0
  9
$CHAMFERD
 40
0.0
  9
$SKPOLY
 70
     0
  9
$TDCREATE
 40
2460159.892275579
  9
$TDUPDATE
 40
2460159.892275856
  9
$TDINDWG
 40
0.0000000116
  9
$TDUSRTIMER
 40
0.0000000116
  9
$USRTIMER
 70
     1
  9
$ANGBASE
 50
0.0
  9
$ANGDIR
 70
     0
  9
$PDMODE
 70
     0
  9
$PDSIZE
 40
0.0
  9
$PLINEWID
 40
0.0
  9
$COORDS
 70
     1
  9
$SPLFRAME
 70
     0
  9
$SPLINETYPE
 70
     6
  9
$SPLINESEGS
 70
     8
  9
$ATTDIA
 70
     0
  9
$ATTREQ
 70
     1
  9
$HANDLING
 70
     1
  9
$HANDSEED
  5
163
  9
$SURFTAB1
 70
     6
  9
$SURFTAB2
 70
     6
  9
$SURFTYPE
 70
     6
  9
$SURFU
 70
     6
  9
$SURFV
 70
     6
  9
$UCSNAME
  2

  9
$UCSORG
 10
0.0
 20
0.0
 30
0.0
  9
$UCSXDIR
 10
1.0
 20
0.0
 30
0.0
  9
$UCSYDIR
 10
0.0
 20
1.0
 30
0.0
  9
$PUCSNAME
  2

  9
$PUCSORG
 10
0.0
 20
0.0
 30
0.0
  9
$PUCSXDIR
 10
1.0
 20
0.0
 30
0.0
  9
$PUCSYDIR
 10
0.0
 20
1.0
 30
0.0
  9
$USERI1
 70
     0
  9
$USERI2
 70
     0
  9
$USERI3
 70
     0
  9
$USERI4
 70
     0
  9
$USERI5
 70
     0
  9
$USERR1
 40
0.0
  9
$USERR2
 40
0.0
  9
$USERR3
 40
0.0
  9
$USERR4
 40
0.0
  9
$USERR5
 40
0.0
  9
$WORLDVIEW
 70
     1
  9
$SHADEDGE
 70
     3
  9
$SHADEDIF
 70
    70
  9
$TILEMODE
 70
     1
  9
$MAXACTVP
 70
    64
  9
$PINSBASE
 10
0.0
 20
0.0
 30
0.0
  9
$PLIMCHECK
 70
     0
  9
$PEXTMIN
 10
1.000000000000000E+20
 20
1.000000000000000E+20
 30
1.000000000000000E+20
  9
$PEXTMAX
 10
-1.000000000000000E+20
 20
-1.000000000000000E+20
 30
-1.000000000000000E+20
  9
$PLIMMIN
 10
0.0
 20
0.0
  9
$PLIMMAX
 10
12.0
 20
9.0
  9
$UNITMODE
 70
     0
  9
$VISRETAIN
 70
     1
  9
$PLINEGEN
 70
     0
  9
$PSLTSCALE
 70
     1
  9
$TREEDEPTH
 70
  3020
  9
$PICKSTYLE
 70
     1
  9
$CMLSTYLE
  2
STANDARD
  9
$CMLJUST
 70
     0
  9
$CMLSCALE
 40
1.0
  9
$PROXYGRAPHICS
 70
     1
  9
$MEASUREMENT
 70
     0
  0
ENDSEC
  0
SECTION
  2
CLASSES
  0
CLASS
  1
ACDBDICTIONARYWDFLT
  2
AcDbDictionaryWithDefault
  3
ObjectDBX Classes
 90
        0
280
     0
281
     0
  0
CLASS
  1
VISUALSTYLE
  2
AcDbVisualStyle
  3
ObjectDBX Classes
 90
     4095
280
     0
281
     0
  0
CLASS
  1
MATERIAL
  2
AcDbMaterial
  3
ObjectDBX Classes
 90
     1153
280
     0
281
     0
  0
CLASS
  1
SCALE
  2
AcDbScale
  3
ObjectDBX Classes
 90
     1153
280
     0
281
     0
  0
CLASS
  1
SUN
  2
AcDbSun
  3
SCENEOE
 90
     1153
280
     0
281
     0
  0
CLASS
  1
DICTIONARYVAR
  2
AcDbDictionaryVar
  3
ObjectDBX Classes
 90
        0
280
     0
281
     0
  0
CLASS
  1
XRECORD
  2
AcDbXrecord
  3
ObjectDBX Classes
 90
        0
280
     0
281
     0
  0
CLASS
  1
LWPOLYLINE
  2
AcDbPolyline
  3
ObjectDBX Classes
 90
        0
280
     0
281
     1
  0
CLASS
  1
HATCH
  2
AcDbHatch
  3
ObjectDBX Classes
 90
        0
280
     0
281
     1
  0
CLASS
  1
ACDBPLACEHOLDER
  2
AcDbPlaceHolder
  3
ObjectDBX Classes
 90
        0
280
     0
281
     0
  0
CLASS
  1
LAYOUT
  2
AcDbLayout
  3
ObjectDBX Classes
 90
        0
280
     0
281
     0
  0
ENDSEC
  0
SECTION
  2
TABLES
  0
TABLE
  2
VPORT
  5
8
330
0
100
AcDbSymbolTable
 70
     1
  0
VPORT
  5
29
330
8
100
AcDbSymbolTableRecord
100
AcDbViewportTableRecord
  2
*ACTIVE
 70
     0
 10
0.0
 20
0.0
 11
1.0
 21
1.0
 12
105.1764611111111
 22
105.1764611111111
 13
0.0
 23
0.0
 14
0.5
 24
0.5
 15
0.5
 25
0.5
 16
0.0
 26
0.0
 36
1.0
 17
0.0
 27
0.0
 37
0.0
 40
214.2001473333333
 41
1.0
 42
50.0
 43
0.0
 44
0.0
 50
0.0
 51
0.0
 71
     0
 72
   100
 73
     1
 74
     3
 75
     0
 76
     0
 77
     0
 78
     0
  0
ENDTAB
  0
TABLE
  2
LTYPE
  5
5
330
0
100
AcDbSymbolTable
 70
     1
  0
LTYPE
  5
14
330
5
100
AcDbSymbolTableRecord
100
AcDbLinetypeTableRecord
  2
BYBLOCK
 70
     0
  3

 72
    65
 73
     0
 40
0.0
  0
LTYPE
  5
15
330
5
100
AcDbSymbolTableRecord
100
AcDbLinetypeTableRecord
  2
BYLAYER
 70
     0
  3

 72
    65
 73
     0
 40
0.0
  0
LTYPE
  5
16
330
5
100
AcDbSymbolTableRecord
100
AcDbLinetypeTableRecord
  2
CONTINUOUS
 70
     0
  3
Solid line
 72
    65
 73
     0
 40
0.0
  0
ENDTAB
  0
TABLE
  2
LAYER
  5
2
330
0
100
AcDbSymbolTable
 70
     2
  0
LAYER
  5
10
330
2
100
AcDbSymbolTableRecord
100
AcDbLayerTableRecord
  2
0
 70
     0
 62
     7
  6
CONTINUOUS
  0
LAYER
  5
6A
330
2
100
AcDbSymbolTableRecord
100
AcDbLayerTableRecord
  2
DEFAULT
 70
     0
 62
    18
  6
CONTINUOUS
  0
ENDTAB
  0
TABLE
  2
STYLE
  5
3
330
0
100
AcDbSymbolTable
 70
     1
  0
STYLE
  5
11
330
3
100
AcDbSymbolTableRecord
100
AcDbTextStyleTableRecord
  2
STANDARD
 70
     0
 40
0.0
 41
1.0
 50
0.0
 71
     0
 42
0.2
  3
txt
  4

  0
ENDTAB
  0
TABLE
  2
VIEW
  5
6
330
0
100
AcDbSymbolTable
 70
     0
  0
ENDTAB
  0
TABLE
  2
UCS
  5
7
330
0
100
AcDbSymbolTable
 70
     0
  0
ENDTAB
  0
TABLE
  2
APPID
  5
9
330
0
100
AcDbSymbolTable
 70
     1
  0
APPID
  5
12
330
9
100
AcDbSymbolTableRecord
100
AcDbRegAppTableRecord
  2
ACAD
 70
     0
  0
ENDTAB
  0
TABLE
  2
DIMSTYLE
  5
A
330
0
100
AcDbSymbolTable
 70
     1
  0
DIMSTYLE
105
27
330
A
100
AcDbSymbolTableRecord
100
AcDbDimStyleTableRecord
  2
STANDARD
 70
     0
  3

  4

  5

  6

  7

 40
1.0
 41
0.18
 42
0.0625
 43
0.38
 44
0.18
 45
0.0
 46
0.0
 47
0.0
 48
0.0
140
0.18
141
0.09
142
0.0
143
25.4
144
1.0
145
0.0
146
1.0
147
0.09
 71
     0
 72
     0
 73
     1
 74
     1
 75
     0
 76
     0
 77
     0
 78
     0
170
     0
171
     2
172
     0
173
     0
174
     0
175
     0
176
     0
177
     0
178
     0
270
     2
271
     4
272
     4
273
     2
274
     2
340
11
275
     0
280
     0
281
     0
282
     0
283
     1
284
     0
285
     0
286
     0
287
     3
288
     0
  0
ENDTAB
  0
TABLE
  2
BLOCK_RECORD
  5
1
330
0
100
AcDbSymbolTable
 70
     1
  0
BLOCK_RECORD
  5
1F
330
1
100
AcDbSymbolTableRecord
100
AcDbBlockTableRecord
  2
*MODEL_SPACE
  0
BLOCK_RECORD
  5
1B
330
1
100
AcDbSymbolTableRecord
100
AcDbBlockTableRecord
  2
*PAPER_SPACE
  0
ENDTAB
  0
ENDSEC
  0
SECTION
  2
BLOCKS
  0
BLOCK
  5
20
330
1F
100
AcDbEntity
  8
0
100
AcDbBlockBegin
  2
*MODEL_SPACE
 70
     0
 10
0.0
 20
0.0
 30
0.0
  3
*MODEL_SPACE
  1

  0
ENDBLK
  5
21
330
1F
100
AcDbEntity
  8
0
100
AcDbBlockEnd
  0
BLOCK
  5
1C
330
1B
100
AcDbEntity
 67
     1
  8
0
100
AcDbBlockBegin
  2
*PAPER_SPACE
 70
     0
 10
0.0
 20
0.0
 30
0.0
  3
*PAPER_SPACE
  1

  0
ENDBLK
  5
1D
330
1B
100
AcDbEntity
 67
     1
  8
0
100
AcDbBlockEnd
  0
ENDSEC
  0
SECTION
  2
ENTITIES
  0
POLYLINE
  5
6B
330
1F
100
AcDbEntity
  8
DEFAULT
 62
    18
100
AcDb2dPolyline
 66
     1
 10
0.0
 20
0.0
 30
0.0
 70
     1
  0
VERTEX
  5
6C
330
6B
100
AcDbEntity
  8
DEFAULT
 62
    18
100
AcDbVertex
100
AcDb2dVertex
 10
210.1765333333333
 20
0.1763888888888889
 30
0.0
  0
VERTEX
  5
6D
330
6B
100
AcDbEntity
  8
DEFAULT
 62
    18
100
AcDbVertex
100
AcDb2dVertex
 10
0.1763888888888889
 20
0.1763888888888889
 30
0.0
  0
VERTEX
  5
6E
330
6B
100
AcDbEntity
  8
DEFAULT
 62
    18
100
AcDbVertex
100
AcDb2dVertex
 10
0.1763888888888889
 20
210.1765333333333
 30
0.0
  0
VERTEX
  5
6F
330
6B
100
AcDbEntity
  8
DEFAULT
 62
    18
100
AcDbVertex
100
AcDb2dVertex
 10
210.1765333333333
 20
210.1765333333333
 30
0.0
  0
SEQEND
  5
70
330
6B
100
AcDbEntity
  8
DEFAULT
 62
    18
  0
SPLINE
  5
71
330
1F
100
AcDbEntity
  8
DEFAULT
 62
    18
100
AcDbSpline
210
0.0
220
0.0
230
1.0
 70
    11
 71
     3
 72
    47
 73
    43
 74
     0
 42
0.000000001
 43
0.0000000001
 40
12.44999999999999
 40
12.44999999999999
 40
12.44999999999999
 40
12.44999999999999
 40
14.06999999999999
 40
14.06999999999999
 40
14.06999999999999
 40
16.95530760925068
 40
16.95530760925068
 40
16.95530760925068
 40
17.95530760925068
 40
17.95530760925068
 40
17.95530760925068
 40
18.95530760925068
 40
18.95530760925068
 40
18.95530760925068
 40
19.95530760925068
 40
19.95530760925068
 40
19.95530760925068
 40
21.99618977145409
 40
21.99618977145409
 40
21.99618977145409
 40
22.99618977145409
 40
22.99618977145409
 40
22.99618977145409
 40
23.99618977145409
 40
23.99618977145409
 40
23.99618977145409
 40
24.99618977145409
 40
24.99618977145409
 40
24.99618977145409
 40
27.11920649300859
 40
27.11920649300859
 40
27.11920649300859
 40
27.17920649300859
 40
27.17920649300859
 40
27.17920649300859
 40
35.93920649300858
 40
35.93920649300858
 40
35.93920649300858
 40
38.12920649300858
 40
38.12920649300858
 40
38.12920649300858
 40
50.57920649300857
 40
50.57920649300857
 40
50.57920649300857
 40
50.57920649300857
 10
72.93214888888888
 20
106.4758475
 30
0.0
 10
72.93214888888888
 20
106.6663475
 30
0.0
 10
72.93214888888888
 20
106.8568475
 30
0.0
 10
72.93214888888888
 20
107.0473475
 30
0.0
 10
73.17556555555554
 20
107.2837086111111
 30
0.0
 10
73.4189822222222
 20
107.5200697222222
 30
0.0
 10
73.66239888888887
 20
107.7564308333333
 30
0.0
 10
75.41923222222222
 20
109.4285975
 30
0.0
 10
76.21298222222221
 20
110.3175975
 30
0.0
 10
76.22356555555555
 20
111.3547641666667
 30
0.0
 10
76.22356555555555
 20
112.0532641666667
 30
0.0
 10
75.88489888888888
 20
112.6984947222222
 30
0.0
 10
74.85831555555555
 20
112.6984947222222
 30
0.0
 10
74.23389888888887
 20
112.6984947222222
 30
0.0
 10
73.71566833333333
 20
112.3809947222222
 30
0.0
 10
73.39781555555554
 20
112.1164113888889
 30
0.0
 10
73.29903777777776
 20
112.3351336111111
 30
0.0
 10
73.20025999999997
 20
112.5538558333333
 30
0.0
 10
73.1014822222222
 20
112.7725780555555
 30
0.0
 10
73.57773222222221
 20
113.1747447222222
 30
0.0
 10
74.25506555555555
 20
113.4710780555556
 30
0.0
 10
75.04881555555555
 20
113.4710780555556
 30
0.0
 10
76.5304822222222
 20
113.4710780555556
 30
0.0
 10
77.15489888888888
 20
112.4550780555555
 30
0.0
 10
77.15489888888888
 20
111.4708280555555
 30
0.0
 10
77.15489888888888
 20
110.2011808333333
 30
0.0
 10
76.23414888888887
 20
109.1745975
 30
0.0
 10
74.78423222222222
 20
107.7775975
 30
0.0
 10
74.60078777777777
 20
107.6082641666667
 30
0.0
 10
74.4173433333333
 20
107.4389308333333
 30
0.0
 10
74.23389888888887
 20
107.2695975
 30
0.0
 10
74.23389888888887
 20
107.2625419444444
 30
0.0
 10
74.23389888888887
 20
107.2554863888889
 30
0.0
 10
74.23389888888887
 20
107.2484308333333
 30
0.0
 10
75.26400999999998
 20
107.2484308333333
 30
0.0
 10
76.2941211111111
 20
107.2484308333333
 30
0.0
 10
77.32423222222221
 20
107.2484308333333
 30
0.0
 10
77.32423222222221
 20
106.9909030555555
 30
0.0
 10
77.32423222222221
 20
106.7333752777778
 30
0.0
 10
77.32423222222221
 20
106.4758475
 30
0.0
 10
75.86020444444442
 20
106.4758475
 30
0.0
 10
74.39617666666665
 20
106.4758475
 30
0.0
 10
72.93214888888888
 20
106.4758475
 30
0.0
  0
SPLINE
  5
72
330
1F
100
AcDbEntity
  8
DEFAULT
 62
    18
100
AcDbSpline
210
0.0
220
0.0
230
1.0
 70
    11
 71
     3
 72
    59
 73
    55
 74
     0
 42
0.000000001
 43
0.0000000001
 40
0.0
 40
0.0
 40
0.0
 40
0.0
 40
3.744235569512153
 40
3.744235569512153
 40
3.744235569512153
 40
4.744235569512153
 40
4.744235569512153
 40
4.744235569512153
 40
4.834235569512156
 40
4.834235569512156
 40
4.834235569512156
 40
5.834235569512156
 40
5.834235569512156
 40
5.834235569512156
 40
9.536896774645557
 40
9.536896774645557
 40
9.536896774645557
 40
12.38789677464556
 40
12.38789677464556
 40
12.38789677464556
 40
20.97759409178077
 40
20.97759409178077
 40
20.97759409178077
 40
30.04676169415753
 40
30.04676169415753
 40
30.04676169415753
 40
33.04676169415753
 40
33.04676169415753
 40
33.04676169415753
 40
36.94959169301731
 40
36.94959169301731
 40
36.94959169301731
 40
37.94959169301731
 40
37.94959169301731
 40
37.94959169301731
 40
38.01059169301729
 40
38.01059169301729
 40
38.01059169301729
 40
39.01059169301729
 40
39.01059169301729
 40
39.01059169301729
 40
42.89767813404222
 40
42.89767813404222
 40
42.89767813404222
 40
45.80767813404221
 40
45.80767813404221
 40
45.80767813404221
 40
54.83727945414486
 40
54.83727945414486
 40
54.83727945414486
 40
63.48301025032399
 40
63.48301025032399
 40
63.48301025032399
 40
66.42201025032398
 40
66.42201025032398
 40
66.42201025032398
 40
66.42201025032398
 10
68.76256249999999
 20
111.5980397222222
 30
0.0
 10
69.00597916666665
 20
111.2311508333333
 30
0.0
 10
69.24939583333331
 20
110.8642619444444
 30
0.0
 10
69.49281249999997
 20
110.4973730555555
 30
0.0
 10
69.68295972222222
 20
110.2116230555555
 30
0.0
 10
69.8420625
 20
109.9470397222222
 30
0.0
 10
70.01139583333332
 20
109.6612897222222
 30
0.0
 10
70.02197916666665
 20
109.6612897222222
 30
0.0
 10
70.03256249999998
 20
109.6612897222222
 30
0.0
 10
70.04314583333333
 20
109.6612897222222
 30
0.0
 10
70.21212638888888
 20
109.9682063888889
 30
0.0
 10
70.3818125
 20
110.2327897222222
 30
0.0
 10
70.55079305555554
 20
110.5079563888889
 30
0.0
 10
70.79068194444444
 20
110.8713175
 30
0.0
 10
71.03057083333333
 20
111.2346786111111
 30
0.0
 10
71.27045972222221
 20
111.5980397222222
 30
0.0
 10
71.6057162037037
 20
111.5980397222222
 30
0.0
 10
71.94097268518517
 20
111.5980397222222
 30
0.0
 10
72.27622916666665
 20
111.5980397222222
 30
0.0
 10
71.69414583333332
 20
110.7725397222222
 30
0.0
 10
71.11206249999998
 20
109.9470397222222
 30
0.0
 10
70.52997916666665
 20
109.1215397222222
 30
0.0
 10
71.12958379629629
 20
108.2395952777778
 30
0.0
 10
71.72918842592593
 20
107.3576508333333
 30
0.0
 10
72.32879305555555
 20
106.4757063888889
 30
0.0
 10
71.97601527777778
 20
106.4757063888889
 30
0.0
 10
71.6232375
 20
106.4757063888889
 30
0.0
 10
71.27045972222221
 20
106.4757063888889
 30
0.0
 10
71.02010509259259
 20
106.8603517592592
 30
0.0
 10
70.76975046296296
 20
107.2449971296296
 30
0.0
 10
70.51939583333332
 20
107.6296425
 30
0.0
 10
70.31831249999999
 20
107.9256230555555
 30
0.0
 10
70.14897916666666
 20
108.2113730555555
 30
0.0
 10
69.96906249999999
 20
108.5182897222222
 30
0.0
 10
69.96188935185184
 20
108.5182897222222
 30
0.0
 10
69.95471620370368
 20
108.5182897222222
 30
0.0
 10
69.94754305555554
 20
108.5182897222222
 30
0.0
 10
69.77856249999999
 20
108.2113730555555
 30
0.0
 10
69.59864583333332
 20
107.9362063888889
 30
0.0
 10
69.40814583333332
 20
107.6296425
 30
0.0
 10
69.16120138888887
 20
107.2449971296296
 30
0.0
 10
68.91425694444443
 20
106.8603517592592
 30
0.0
 10
68.66731249999998
 20
106.4757063888889
 30
0.0
 10
68.32511805555554
 20
106.4757063888889
 30
0.0
 10
67.9829236111111
 20
106.4757063888889
 30
0.0
 10
67.64072916666666
 20
106.4757063888889
 30
0.0
 10
68.24750694444444
 20
107.3470675
 30
0.0
 10
68.85428472222222
 20
108.2184286111111
 30
0.0
 10
69.46106249999998
 20
109.0897897222222
 30
0.0
 10
68.88262453703702
 20
109.9258730555555
 30
0.0
 10
68.30418657407405
 20
110.7619563888888
 30
0.0
 10
67.7257486111111
 20
111.5980397222222
 30
0.0
 10
68.07135324074073
 20
111.5980397222222
 30
0.0
 10
68.41695787037037
 20
111.5980397222222
 30
0.0
 10
68.76256249999999
 20
111.5980397222222
 30
0.0
  0
SPLINE
  5
73
330
1F
100
AcDbEntity
  8
DEFAULT
 62
    18
100
AcDbSpline
210
0.0
220
0.0
230
1.0
 70
    11
 71
     3
 72
    47
 73
    43
 74
     0
 42
0.000000001
 43
0.0000000001
 40
12.44999999999999
 40
12.44999999999999
 40
12.44999999999999
 40
12.44999999999999
 40
14.06999999999999
 40
14.06999999999999
 40
14.06999999999999
 40
16.95530760925068
 40
16.95530760925068
 40
16.95530760925068
 40
17.95530760925068
 40
17.95530760925068
 40
17.95530760925068
 40
18.95530760925068
 40
18.95530760925068
 40
18.95530760925068
 40
19.95530760925068
 40
19.95530760925068
 40
19.95530760925068
 40
21.99618977145407
 40
21.99618977145407
 40
21.99618977145407
 40
22.99618977145407
 40
22.99618977145407
 40
22.99618977145407
 40
23.99618977145407
 40
23.99618977145407
 40
23.99618977145407
 40
24.99618977145407
 40
24.99618977145407
 40
24.99618977145407
 40
27.11920649300856
 40
27.11920649300856
 40
27.11920649300856
 40
27.17920649300856
 40
27.17920649300856
 40
27.17920649300856
 40
35.93920649300856
 40
35.93920649300856
 40
35.93920649300856
 40
38.12920649300855
 40
38.12920649300855
 40
38.12920649300855
 40
50.57920649300854
 40
50.57920649300854
 40
50.57920649300854
 40
50.57920649300854
 10
72.93214888888888
 20
73.60655416666667
 30
0.0
 10
72.93214888888888
 20
73.79705416666667
 30
0.0
 10
72.93214888888888
 20
73.98755416666667
 30
0.0
 10
72.93214888888888
 20
74.17805416666667
 30
0.0
 10
73.17556555555554
 20
74.41441527777778
 30
0.0
 10
73.4189822222222
 20
74.6507763888889
 30
0.0
 10
73.66239888888887
 20
74.8871375
 30
0.0
 10
75.41923222222222
 20
76.55930416666666
 30
0.0
 10
76.21298222222221
 20
77.44830416666666
 30
0.0
 10
76.22356555555555
 20
78.48547083333334
 30
0.0
 10
76.22356555555555
 20
79.18397083333333
 30
0.0
 10
75.88489888888888
 20
79.82920138888889
 30
0.0
 10
74.85831555555555
 20
79.82920138888889
 30
0.0
 10
74.23389888888887
 20
79.82920138888889
 30
0.0
 10
73.71566833333333
 20
79.51170138888888
 30
0.0
 10
73.39781555555554
 20
79.24711805555556
 30
0.0
 10
73.29903777777776
 20
79.46584027777777
 30
0.0
 10
73.20025999999997
 20
79.68456249999998
 30
0.0
 10
73.1014822222222
 20
79.90328472222221
 30
0.0
 10
73.57773222222221
 20
80.30545138888888
 30
0.0
 10
74.25506555555555
 20
80.60178472222222
 30
0.0
 10
75.04881555555555
 20
80.60178472222222
 30
0.0
 10
76.5304822222222
 20
80.60178472222222
 30
0.0
 10
77.15489888888888
 20
79.58578472222223
 30
0.0
 10
77.15489888888888
 20
78.60153472222221
 30
0.0
 10
77.15489888888888
 20
77.3318875
 30
0.0
 10
76.23414888888887
 20
76.30530416666667
 30
0.0
 10
74.78423222222222
 20
74.90830416666667
 30
0.0
 10
74.60078777777777
 20
74.73897083333333
 30
0.0
 10
74.4173433333333
 20
74.56963749999998
 30
0.0
 10
74.23389888888887
 20
74.40030416666666
 30
0.0
 10
74.23389888888887
 20
74.3932486111111
 30
0.0
 10
74.23389888888887
 20
74.38619305555555
 30
0.0
 10
74.23389888888887
 20
74.3791375
 30
0.0
 10
75.26400999999998
 20
74.3791375
 30
0.0
 10
76.2941211111111
 20
74.3791375
 30
0.0
 10
77.32423222222221
 20
74.3791375
 30
0.0
 10
77.32423222222221
 20
74.12160972222222
 30
0.0
 10
77.32423222222221
 20
73.86408194444444
 30
0.0
 10
77.32423222222221
 20
73.60655416666667
 30
0.0
 10
75.86020444444442
 20
73.60655416666667
 30
0.0
 10
74.39617666666665
 20
73.60655416666667
 30
0.0
 10
72.93214888888888
 20
73.60655416666667
 30
0.0
  0
SPLINE
  5
74
330
1F
100
AcDbEntity
  8
DEFAULT
 62
    18
100
AcDbSpline
210
0.0
220
0.0
230
1.0
 70
    11
 71
     3
 72
    59
 73
    55
 74
     0
 42
0.000000001
 43
0.0000000001
 40
0.0
 40
0.0
 40
0.0
 40
0.0
 40
3.744235569512153
 40
3.744235569512153
 40
3.744235569512153
 40
4.744235569512153
 40
4.744235569512153
 40
4.744235569512153
 40
4.834235569512156
 40
4.834235569512156
 40
4.834235569512156
 40
5.834235569512156
 40
5.834235569512156
 40
5.834235569512156
 40
9.53689677464558
 40
9.53689677464558
 40
9.53689677464558
 40
12.38789677464558
 40
12.38789677464558
 40
12.38789677464558
 40
20.97759409178082
 40
20.97759409178082
 40
20.97759409178082
 40
30.04676169415757
 40
30.04676169415757
 40
30.04676169415757
 40
33.04676169415757
 40
33.04676169415757
 40
33.04676169415757
 40
36.94875362136605
 40
36.94875362136605
 40
36.94875362136605
 40
37.94875362136605
 40
37.94875362136605
 40
37.94875362136605
 40
38.00975362136603
 40
38.00975362136603
 40
38.00975362136603
 40
39.00975362136603
 40
39.00975362136603
 40
39.00975362136603
 40
42.89599859563106
 40
42.89599859563106
 40
42.89599859563106
 40
45.80599859563105
 40
45.80599859563105
 40
45.80599859563105
 40
54.83559991573372
 40
54.83559991573372
 40
54.83559991573372
 40
63.48133071191285
 40
63.48133071191285
 40
63.48133071191285
 40
66.42033071191284
 40
66.42033071191284
 40
66.42033071191284
 40
66.42033071191284
 10
68.76256249999999
 20
78.72871111111111
 30
0.0
 10
69.00597916666665
 20
78.36182222222222
 30
0.0
 10
69.24939583333331
 20
77.99493333333332
 30
0.0
 10
69.49281249999997
 20
77.62804444444444
 30
0.0
 10
69.68295972222222
 20
77.34229444444443
 30
0.0
 10
69.8420625
 20
77.0777111111111
 30
0.0
 10
70.01139583333332
 20
76.7919611111111
 30
0.0
 10
70.02197916666665
 20
76.7919611111111
 30
0.0
 10
70.03256249999998
 20
76.7919611111111
 30
0.0
 10
70.04314583333333
 20
76.7919611111111
 30
0.0
 10
70.21212638888888
 20
77.09887777777777
 30
0.0
 10
70.3818125
 20
77.3634611111111
 30
0.0
 10
70.55079305555554
 20
77.63862777777777
 30
0.0
 10
70.79068194444444
 20
78.00198888888887
 30
0.0
 10
71.03057083333333
 20
78.36534999999999
 30
0.0
 10
71.27045972222221
 20
78.72871111111111
 30
0.0
 10
71.6057162037037
 20
78.72871111111111
 30
0.0
 10
71.94097268518517
 20
78.72871111111111
 30
0.0
 10
72.27622916666665
 20
78.72871111111111
 30
0.0
 10
71.69414583333332
 20
77.9032111111111
 30
0.0
 10
71.11206249999998
 20
77.0777111111111
 30
0.0
 10
70.52997916666665
 20
76.25221111111111
 30
0.0
 10
71.12958379629629
 20
75.37026666666667
 30
0.0
 10
71.72918842592593
 20
74.48832222222222
 30
0.0
 10
72.32879305555555
 20
73.60637777777777
 30
0.0
 10
71.97601527777778
 20
73.60637777777777
 30
0.0
 10
71.6232375
 20
73.60637777777777
 30
0.0
 10
71.27045972222221
 20
73.60637777777777
 30
0.0
 10
71.02010509259259
 20
73.99090555555556
 30
0.0
 10
70.76975046296296
 20
74.37543333333333
 30
0.0
 10
70.51939583333332
 20
74.75996111111111
 30
0.0
 10
70.31831249999999
 20
75.05629444444445
 30
0.0
 10
70.14897916666666
 20
75.34204444444444
 30
0.0
 10
69.96906249999999
 20
75.6489611111111
 30
0.0
 10
69.96188935185184
 20
75.6489611111111
 30
0.0
 10
69.95471620370368
 20
75.6489611111111
 30
0.0
 10
69.94754305555554
 20
75.6489611111111
 30
0.0
 10
69.77856249999999
 20
75.34204444444444
 30
0.0
 10
69.59864583333332
 20
75.06687777777778
 30
0.0
 10
69.40814583333332
 20
74.75996111111111
 30
0.0
 10
69.16120138888887
 20
74.37543333333333
 30
0.0
 10
68.91425694444443
 20
73.99090555555556
 30
0.0
 10
68.66731249999998
 20
73.60637777777777
 30
0.0
 10
68.32511805555554
 20
73.60637777777777
 30
0.0
 10
67.9829236111111
 20
73.60637777777777
 30
0.0
 10
67.64072916666666
 20
73.60637777777777
 30
0.0
 10
68.24750694444444
 20
74.47773888888888
 30
0.0
 10
68.85428472222222
 20
75.34909999999999
 30
0.0
 10
69.46106249999998
 20
76.2204611111111
 30
0.0
 10
68.88262453703702
 20
77.05654444444444
 30
0.0
 10
68.30418657407405
 20
77.89262777777778
 30
0.0
 10
67.7257486111111
 20
78.72871111111111
 30
0.0
 10
68.07135324074073
 20
78.72871111111111
 30
0.0
 10
68.41695787037037
 20
78.72871111111111
 30
0.0
 10
68.76256249999999
 20
78.72871111111111
 30
0.0
  0
SPLINE
  5
75
330
1F
100
AcDbEntity
  8
DEFAULT
 62
    18
100
AcDbSpline
210
0.0
220
0.0
230
1.0
 70
    11
 71
     3
 72
    47
 73
    43
 74
     0
 42
0.000000001
 43
0.0000000001
 40
12.44999999999999
 40
12.44999999999999
 40
12.44999999999999
 40
12.44999999999999
 40
14.06999999999999
 40
14.06999999999999
 40
14.06999999999999
 40
16.95530760925068
 40
16.95530760925068
 40
16.95530760925068
 40
17.95530760925068
 40
17.95530760925068
 40
17.95530760925068
 40
18.95530760925068
 40
18.95530760925068
 40
18.95530760925068
 40
19.95530760925068
 40
19.95530760925068
 40
19.95530760925068
 40
21.99710118353778
 40
21.99710118353778
 40
21.99710118353778
 40
22.99710118353778
 40
22.99710118353778
 40
22.99710118353778
 40
23.99710118353778
 40
23.99710118353778
 40
23.99710118353778
 40
24.99710118353778
 40
24.99710118353778
 40
24.99710118353778
 40
27.12079631231687
 40
27.12079631231687
 40
27.12079631231687
 40
27.17979631231686
 40
27.17979631231686
 40
27.17979631231686
 40
35.93979631231686
 40
35.93979631231686
 40
35.93979631231686
 40
38.13079631231686
 40
38.13079631231686
 40
38.13079631231686
 40
50.58079631231685
 40
50.58079631231685
 40
50.58079631231685
 40
50.58079631231685
 10
72.93214888888888
 20
40.73722555555555
 30
0.0
 10
72.93214888888888
 20
40.92772555555555
 30
0.0
 10
72.93214888888888
 20
41.11822555555555
 30
0.0
 10
72.93214888888888
 20
41.30872555555555
 30
0.0
 10
73.17556555555554
 20
41.54508666666666
 30
0.0
 10
73.4189822222222
 20
41.78144777777778
 30
0.0
 10
73.66239888888887
 20
42.01780888888889
 30
0.0
 10
75.41923222222222
 20
43.68997555555556
 30
0.0
 10
76.21298222222221
 20
44.57897555555555
 30
0.0
 10
76.22356555555555
 20
45.61614222222222
 30
0.0
 10
76.22356555555555
 20
46.31464222222221
 30
0.0
 10
75.88489888888888
 20
46.96022555555555
 30
0.0
 10
74.85831555555555
 20
46.96022555555555
 30
0.0
 10
74.23389888888887
 20
46.96022555555555
 30
0.0
 10
73.71566833333333
 20
46.64237277777777
 30
0.0
 10
73.39781555555554
 20
46.37778944444444
 30
0.0
 10
73.29903777777776
 20
46.59662925925925
 30
0.0
 10
73.20025999999997
 20
46.81546907407407
 30
0.0
 10
73.1014822222222
 20
47.03430888888889
 30
0.0
 10
73.57773222222221
 20
47.43612277777777
 30
0.0
 10
74.25506555555555
 20
47.73245611111111
 30
0.0
 10
75.04881555555555
 20
47.73245611111111
 30
0.0
 10
76.5304822222222
 20
47.73245611111111
 30
0.0
 10
77.15489888888888
 20
46.71645611111111
 30
0.0
 10
77.15489888888888
 20
45.73220611111111
 30
0.0
 10
77.15489888888888
 20
44.46255888888889
 30
0.0
 10
76.23414888888887
 20
43.43597555555555
 30
0.0
 10
74.78423222222222
 20
42.03932833333333
 30
0.0
 10
74.60078777777777
 20
41.8698774074074
 30
0.0
 10
74.4173433333333
 20
41.70042648148148
 30
0.0
 10
74.23389888888887
 20
41.53097555555555
 30
0.0
 10
74.23389888888887
 20
41.52403759259258
 30
0.0
 10
74.23389888888887
 20
41.51709962962962
 30
0.0
 10
74.23389888888887
 20
41.51016166666666
 30
0.0
 10
75.26400999999998
 20
41.51016166666666
 30
0.0
 10
76.2941211111111
 20
41.51016166666666
 30
0.0
 10
77.32423222222221
 20
41.51016166666666
 30
0.0
 10
77.32423222222221
 20
41.25251629629629
 30
0.0
 10
77.32423222222221
 20
40.99487092592592
 30
0.0
 10
77.32423222222221
 20
40.73722555555555
 30
0.0
 10
75.86020444444442
 20
40.73722555555555
 30
0.0
 10
74.39617666666665
 20
40.73722555555555
 30
0.0
 10
72.93214888888888
 20
40.73722555555555
 30
0.0
  0
SPLINE
  5
76
330
1F
100
AcDbEntity
  8
DEFAULT
 62
    18
100
AcDbSpline
210
0.0
220
0.0
230
1.0
 70
    11
 71
     3
 72
    59
 73
    55
 74
     0
 42
0.000000001
 43
0.0000000001
 40
2.938999999999993
 40
2.938999999999993
 40
2.938999999999993
 40
2.938999999999993
 40
6.683235569512146
 40
6.683235569512146
 40
6.683235569512146
 40
7.683235569512146
 40
7.683235569512146
 40
7.683235569512146
 40
7.773235569512149
 40
7.773235569512149
 40
7.773235569512149
 40
8.77323556951215
 40
8.77323556951215
 40
8.77323556951215
 40
12.47589677464557
 40
12.47589677464557
 40
12.47589677464557
 40
15.32689677464557
 40
15.32689677464557
 40
15.32689677464557
 40
23.9165940917808
 40
23.9165940917808
 40
23.9165940917808
 40
32.98576169415756
 40
32.98576169415756
 40
32.98576169415756
 40
35.98576169415756
 40
35.98576169415756
 40
35.98576169415756
 40
39.88859169301737
 40
39.88859169301737
 40
39.88859169301737
 40
40.88859169301737
 40
40.88859169301737
 40
40.88859169301737
 40
40.94959169301735
 40
40.94959169301735
 40
40.94959169301735
 40
41.94959169301735
 40
41.94959169301735
 40
41.94959169301735
 40
45.83667813404232
 40
45.83667813404232
 40
45.83667813404232
 40
48.74667813404231
 40
48.74667813404231
 40
48.74667813404231
 40
57.7771001064642
 40
57.7771001064642
 40
57.7771001064642
 40
66.42200855016675
 40
66.42200855016675
 40
66.42200855016675
 40
69.36100855016674
 40
69.36100855016674
 40
69.36100855016674
 40
69.36100855016674
 10
68.76256249999999
 20
45.85941777777778
 30
0.0
 10
69.00597916666665
 20
45.49252888888889
 30
0.0
 10
69.24939583333331
 20
45.12564
 30
0.0
 10
69.49281249999999
 20
44.75875111111111
 30
0.0
 10
69.68295972222222
 20
44.47300111111111
 30
0.0
 10
69.8420625
 20
44.20841777777778
 30
0.0
 10
70.01139583333332
 20
43.92302055555555
 30
0.0
 10
70.02197916666665
 20
43.92302055555555
 30
0.0
 10
70.03256249999998
 20
43.92302055555555
 30
0.0
 10
70.04314583333333
 20
43.92302055555555
 30
0.0
 10
70.21212638888888
 20
44.22958444444444
 30
0.0
 10
70.3818125
 20
44.49416777777778
 30
0.0
 10
70.55079305555554
 20
44.76933444444445
 30
0.0
 10
70.79068194444444
 20
45.13269555555556
 30
0.0
 10
71.03057083333333
 20
45.49605666666668
 30
0.0
 10
71.27045972222221
 20
45.85941777777778
 30
0.0
 10
71.6057162037037
 20
45.85941777777779
 30
0.0
 10
71.94097268518517
 20
45.85941777777779
 30
0.0
 10
72.27622916666665
 20
45.85941777777778
 30
0.0
 10
71.69414583333332
 20
45.03391777777778
 30
0.0
 10
71.11206249999998
 20
44.20841777777778
 30
0.0
 10
70.52997916666665
 20
43.38291777777778
 30
0.0
 10
71.12958379629629
 20
42.50097333333333
 30
0.0
 10
71.72918842592593
 20
41.61902888888889
 30
0.0
 10
72.32879305555555
 20
40.73708444444445
 30
0.0
 10
71.97601527777778
 20
40.73708444444445
 30
0.0
 10
71.6232375
 20
40.73708444444445
 30
0.0
 10
71.27045972222221
 20
40.73708444444445
 30
0.0
 10
71.02010509259259
 20
41.12172981481482
 30
0.0
 10
70.76975046296296
 20
41.50637518518518
 30
0.0
 10
70.51939583333332
 20
41.89102055555556
 30
0.0
 10
70.31831249999999
 20
42.18735388888889
 30
0.0
 10
70.14897916666666
 20
42.47275111111112
 30
0.0
 10
69.96906249999999
 20
42.78002055555556
 30
0.0
 10
69.96188935185184
 20
42.78002055555556
 30
0.0
 10
69.95471620370368
 20
42.78002055555556
 30
0.0
 10
69.94754305555554
 20
42.78002055555556
 30
0.0
 10
69.77856249999999
 20
42.47275111111112
 30
0.0
 10
69.59864583333332
 20
42.19758444444444
 30
0.0
 10
69.40814583333332
 20
41.89102055555556
 30
0.0
 10
69.16120138888887
 20
41.50637518518518
 30
0.0
 10
68.91425694444443
 20
41.12172981481482
 30
0.0
 10
68.66731249999998
 20
40.73708444444445
 30
0.0
 10
68.32511805555554
 20
40.73708444444445
 30
0.0
 10
67.9829236111111
 20
40.73708444444445
 30
0.0
 10
67.64072916666666
 20
40.73708444444445
 30
0.0
 10
68.24750694444444
 20
41.60856314814815
 30
0.0
 10
68.85428472222222
 20
42.48004185185185
 30
0.0
 10
69.46106249999998
 20
43.35152055555556
 30
0.0
 10
68.88262453703702
 20
44.1874862962963
 30
0.0
 10
68.30418657407405
 20
45.02345203703703
 30
0.0
 10
67.7257486111111
 20
45.85941777777778
 30
0.0
 10
68.07135324074073
 20
45.85941777777779
 30
0.0
 10
68.41695787037037
 20
45.85941777777779
 30
0.0
 10
68.76256249999999
 20
45.85941777777778
 30
0.0
  0
SPLINE
  5
77
330
1F
100
AcDbEntity
  8
DEFAULT
 62
    18
100
AcDbSpline
210
0.0
220
0.0
230
1.0
 70
    11
 71
     3
 72
    47
 73
    43
 74
     0
 42
0.000000001
 43
0.0000000001
 40
12.44999999999999
 40
12.44999999999999
 40
12.44999999999999
 40
12.44999999999999
 40
14.06999999999999
 40
14.06999999999999
 40
14.06999999999999
 40
16.95530760925068
 40
16.95530760925068
 40
16.95530760925068
 40
17.95530760925068
 40
17.95530760925068
 40
17.95530760925068
 40
18.95530760925068
 40
18.95530760925068
 40
18.95530760925068
 40
19.95530760925068
 40
19.95530760925068
 40
19.95530760925068
 40
21.99710118353776
 40
21.99710118353776
 40
21.99710118353776
 40
22.99710118353776
 40
22.99710118353776
 40
22.99710118353776
 40
23.99710118353776
 40
23.99710118353776
 40
23.99710118353776
 40
24.99710118353776
 40
24.99710118353776
 40
24.99710118353776
 40
27.12011790509226
 40
27.12011790509226
 40
27.12011790509226
 40
27.18011790509226
 40
27.18011790509226
 40
27.18011790509226
 40
35.94011790509225
 40
35.94011790509225
 40
35.94011790509225
 40
38.13011790509225
 40
38.13011790509225
 40
38.13011790509225
 40
50.58011790509224
 40
50.58011790509224
 40
50.58011790509224
 40
50.58011790509224
 10
72.93214888888888
 20
7.867932222222222
 30
0.0
 10
72.93214888888888
 20
8.058432222222223
 30
0.0
 10
72.93214888888888
 20
8.248932222222223
 30
0.0
 10
72.93214888888888
 20
8.439432222222223
 30
0.0
 10
73.17556555555554
 20
8.675793333333333
 30
0.0
 10
73.4189822222222
 20
8.912154444444445
 30
0.0
 10
73.66239888888887
 20
9.148515555555555
 30
0.0
 10
75.41923222222222
 20
10.82068222222222
 30
0.0
 10
76.21298222222221
 20
11.70968222222222
 30
0.0
 10
76.22356555555555
 20
12.74684888888889
 30
0.0
 10
76.22356555555555
 20
13.44534888888889
 30
0.0
 10
75.88489888888888
 20
14.09093222222222
 30
0.0
 10
74.85831555555555
 20
14.09093222222222
 30
0.0
 10
74.23389888888887
 20
14.09093222222222
 30
0.0
 10
73.71566833333333
 20
13.77307944444444
 30
0.0
 10
73.39781555555554
 20
13.50849611111111
 30
0.0
 10
73.29903777777776
 20
13.72733592592592
 30
0.0
 10
73.20025999999997
 20
13.94617574074074
 30
0.0
 10
73.1014822222222
 20
14.16501555555555
 30
0.0
 10
73.57773222222221
 20
14.56682944444444
 30
0.0
 10
74.25506555555555
 20
14.86316277777778
 30
0.0
 10
75.04881555555555
 20
14.86316277777778
 30
0.0
 10
76.5304822222222
 20
14.86316277777778
 30
0.0
 10
77.15489888888888
 20
13.84716277777778
 30
0.0
 10
77.15489888888888
 20
12.86291277777778
 30
0.0
 10
77.15489888888888
 20
11.59326555555555
 30
0.0
 10
76.23414888888887
 20
10.56668222222222
 30
0.0
 10
74.78423222222222
 20
9.169682222222223
 30
0.0
 10
74.60078777777777
 20
9.000348888888889
 30
0.0
 10
74.4173433333333
 20
8.831015555555556
 30
0.0
 10
74.23389888888887
 20
8.661682222222222
 30
0.0
 10
74.23389888888887
 20
8.654626666666667
 30
0.0
 10
74.23389888888887
 20
8.64757111111111
 30
0.0
 10
74.23389888888887
 20
8.640515555555556
 30
0.0
 10
75.26400999999998
 20
8.640515555555556
 30
0.0
 10
76.2941211111111
 20
8.640515555555556
 30
0.0
 10
77.32423222222221
 20
8.640515555555556
 30
0.0
 10
77.32423222222221
 20
8.382987777777778
 30
0.0
 10
77.32423222222221
 20
8.125459999999999
 30
0.0
 10
77.32423222222221
 20
7.867932222222222
 30
0.0
 10
75.86020444444442
 20
7.867932222222222
 30
0.0
 10
74.39617666666665
 20
7.867932222222222
 30
0.0
 10
72.93214888888888
 20
7.867932222222222
 30
0.0
  0
SPLINE
  5
78
330
1F
100
AcDbEntity
  8
DEFAULT
 62
    18
100
AcDbSpline
210
0.0
220
0.0
230
1.0
 70
    11
 71
     3
 72
    59
 73
    55
 74
     0
 42
0.000000001
 43
0.0000000001
 40
0.0
 40
0.0
 40
0.0
 40
0.0
 40
3.744235569512142
 40
3.744235569512142
 40
3.744235569512142
 40
4.744235569512142
 40
4.744235569512142
 40
4.744235569512142
 40
4.834235569512146
 40
4.834235569512146
 40
4.834235569512146
 40
5.834235569512146
 40
5.834235569512146
 40
5.834235569512146
 40
9.53689677464557
 40
9.53689677464557
 40
9.53689677464557
 40
12.38789677464557
 40
12.38789677464557
 40
12.38789677464557
 40
20.97677685297942
 40
20.97677685297942
 40
20.97677685297942
 40
30.04594445535618
 40
30.04594445535618
 40
30.04594445535618
 40
33.04594445535618
 40
33.04594445535618
 40
33.04594445535618
 40
36.94793638256465
 40
36.94793638256465
 40
36.94793638256465
 40
37.94793638256465
 40
37.94793638256465
 40
37.94793638256465
 40
38.00893638256463
 40
38.00893638256463
 40
38.00893638256463
 40
39.00893638256463
 40
39.00893638256463
 40
39.00893638256463
 40
42.89518135682964
 40
42.89518135682964
 40
42.89518135682964
 40
45.80518135682964
 40
45.80518135682964
 40
45.80518135682964
 40
54.83478267693231
 40
54.83478267693231
 40
54.83478267693231
 40
63.47969112063487
 40
63.47969112063487
 40
63.47969112063487
 40
66.41869112063486
 40
66.41869112063486
 40
66.41869112063486
 40
66.41869112063486
 10
68.76256249999997
 20
12.99008916666665
 30
0.0
 10
69.00597916666665
 20
12.62320027777777
 30
0.0
 10
69.24939583333331
 20
12.25631138888888
 30
0.0
 10
69.49281249999997
 20
11.88942249999999
 30
0.0
 10
69.68295972222222
 20
11.6036725
 30
0.0
 10
69.8420625
 20
11.33908916666667
 30
0.0
 10
70.01139583333332
 20
11.05369194444444
 30
0.0
 10
70.02197916666665
 20
11.05369194444444
 30
0.0
 10
70.03256249999998
 20
11.05369194444444
 30
0.0
 10
70.04314583333333
 20
11.05369194444444
 30
0.0
 10
70.21212638888888
 20
11.36025583333333
 30
0.0
 10
70.3818125
 20
11.62483916666667
 30
0.0
 10
70.55079305555554
 20
11.90000583333333
 30
0.0
 10
70.79068194444444
 20
12.26336694444444
 30
0.0
 10
71.03057083333333
 20
12.62672805555555
 30
0.0
 10
71.27045972222221
 20
12.99008916666667
 30
0.0
 10
71.6057162037037
 20
12.99008916666667
 30
0.0
 10
71.94097268518517
 20
12.99008916666667
 30
0.0
 10
72.27622916666665
 20
12.99008916666667
 30
0.0
 10
71.69414583333332
 20
12.16470675925926
 30
0.0
 10
71.11206249999998
 20
11.33932435185185
 30
0.0
 10
70.52997916666665
 20
10.51394194444444
 30
0.0
 10
71.12958379629629
 20
9.631997499999999
 30
0.0
 10
71.72918842592593
 20
8.750053055555554
 30
0.0
 10
72.32879305555555
 20
7.86810861111111
 30
0.0
 10
71.97601527777778
 20
7.86810861111111
 30
0.0
 10
71.6232375
 20
7.86810861111111
 30
0.0
 10
71.27045972222221
 20
7.86810861111111
 30
0.0
 10
71.02010509259259
 20
8.252636388888888
 30
0.0
 10
70.76975046296296
 20
8.637164166666665
 30
0.0
 10
70.51939583333332
 20
9.021691944444441
 30
0.0
 10
70.31831249999999
 20
9.318025277777776
 30
0.0
 10
70.14897916666666
 20
9.603422499999999
 30
0.0
 10
69.96906249999999
 20
9.910691944444443
 30
0.0
 10
69.96188935185184
 20
9.910691944444443
 30
0.0
 10
69.95471620370368
 20
9.910691944444443
 30
0.0
 10
69.94754305555554
 20
9.910691944444443
 30
0.0
 10
69.77856249999999
 20
9.603422499999999
 30
0.0
 10
69.59864583333332
 20
9.328255833333332
 30
0.0
 10
69.40814583333332
 20
9.021691944444441
 30
0.0
 10
69.16120138888887
 20
8.637164166666665
 30
0.0
 10
68.91425694444443
 20
8.252636388888888
 30
0.0
 10
68.66731249999998
 20
7.86810861111111
 30
0.0
 10
68.32511805555554
 20
7.86810861111111
 30
0.0
 10
67.9829236111111
 20
7.86810861111111
 30
0.0
 10
67.64072916666666
 20
7.86810861111111
 30
0.0
 10
68.24750694444444
 20
8.739469722222221
 30
0.0
 10
68.85428472222222
 20
9.610830833333331
 30
0.0
 10
69.46106249999998
 20
10.48219194444444
 30
0.0
 10
68.88262453703702
 20
11.31815768518518
 30
0.0
 10
68.30418657407405
 20
12.15412342592593
 30
0.0
 10
67.7257486111111
 20
12.99008916666667
 30
0.0
 10
68.07135324074072
 20
12.99008916666666
 30
0.0
 10
68.41695787037035
 20
12.99008916666666
 30
0.0
 10
68.76256249999997
 20
12.99008916666665
 30
0.0
  0
POLYLINE
  5
79
330
1F
100
AcDbEntity
  8
DEFAULT
 62
    18
100
AcDb2dPolyline
 66
     1
 10
0.0
 20
0.0
 30
0.0
 70
     1
  0
VERTEX
  5
7A
330
79
100
AcDbEntity
  8
DEFAULT
 62
    18
100
AcDbVertex
100
AcDb2dVertex
 10
131.4445061111111
 20
13.87894805555556
 30
0.0
  0
VERTEX
  5
7B
330
79
100
AcDbEntity
  8
DEFAULT
 62
    18
100
AcDbVertex
100
AcDb2dVertex
 10
131.4229866666666
 20
13.87894805555556
 30
0.0
  0
VERTEX
  5
7C
330
79
100
AcDbEntity
  8
DEFAULT
 62
    18
100
AcDbVertex
100
AcDb2dVertex
 10
130.2274227777778
 20
13.2337175
 30
0.0
  0
VERTEX
  5
7D
330
79
100
AcDbEntity
  8
DEFAULT
 62
    18
100
AcDbVertex
100
AcDb2dVertex
 10
130.0475061111111
 20
13.94280083333333
 30
0.0
  0
VERTEX
  5
7E
330
79
100
AcDbEntity
  8
DEFAULT
 62
    18
100
AcDbVertex
100
AcDb2dVertex
 10
131.5503394444444
 20
14.74678138888889
 30
0.0
  0
VERTEX
  5
7F
330
79
100
AcDbEntity
  8
DEFAULT
 62
    18
100
AcDbVertex
100
AcDb2dVertex
 10
132.3440894444444
 20
14.74678138888889
 30
0.0
  0
VERTEX
  5
80
330
79
100
AcDbEntity
  8
DEFAULT
 62
    18
100
AcDbVertex
100
AcDb2dVertex
 10
132.3440894444444
 20
7.8679675
 30
0.0
  0
VERTEX
  5
81
330
79
100
AcDbEntity
  8
DEFAULT
 62
    18
100
AcDbVertex
100
AcDb2dVertex
 10
131.4445061111111
 20
7.8679675
 30
0.0
  0
SEQEND
  5
82
330
79
100
AcDbEntity
  8
DEFAULT
 62
    18
  0
SPLINE
  5
83
330
1F
100
AcDbEntity
  8
DEFAULT
 62
    18
100
AcDbSpline
210
0.0
220
0.0
230
1.0
 70
    11
 71
     3
 72
    59
 73
    55
 74
     0
 42
0.000000001
 43
0.0000000001
 40
0.0
 40
0.0
 40
0.0
 40
0.0
 40
3.744235569512153
 40
3.744235569512153
 40
3.744235569512153
 40
4.744235569512153
 40
4.744235569512153
 40
4.744235569512153
 40
4.834235569512128
 40
4.834235569512128
 40
4.834235569512128
 40
5.834235569512128
 40
5.834235569512128
 40
5.834235569512128
 40
9.536896774645522
 40
9.536896774645522
 40
9.536896774645522
 40
12.38789677464552
 40
12.38789677464552
 40
12.38789677464552
 40
20.97677685297936
 40
20.97677685297936
 40
20.97677685297936
 40
30.0459444553561
 40
30.0459444553561
 40
30.0459444553561
 40
33.0459444553561
 40
33.0459444553561
 40
33.0459444553561
 40
36.94848209130529
 40
36.94848209130529
 40
36.94848209130529
 40
37.94848209130529
 40
37.94848209130529
 40
37.94848209130529
 40
38.00948209130533
 40
38.00948209130533
 40
38.00948209130533
 40
39.00948209130533
 40
39.00948209130533
 40
39.00948209130533
 40
42.89626752402476
 40
42.89626752402476
 40
42.89626752402476
 40
45.80526752402475
 40
45.80526752402475
 40
45.80526752402475
 40
54.83429742761903
 40
54.83429742761903
 40
54.83429742761903
 40
63.47863690498803
 40
63.47863690498803
 40
63.47863690498803
 40
66.41763690498806
 40
66.41763690498806
 40
66.41763690498806
 40
66.41763690498806
 10
125.2533266666667
 20
12.99008916666667
 30
0.0
 10
125.4967433333333
 20
12.62320027777778
 30
0.0
 10
125.74016
 20
12.25631138888889
 30
0.0
 10
125.9835766666666
 20
11.8894225
 30
0.0
 10
126.1737238888889
 20
11.6036725
 30
0.0
 10
126.3328266666667
 20
11.33908916666667
 30
0.0
 10
126.50216
 20
11.05369194444444
 30
0.0
 10
126.5127433333333
 20
11.05369194444444
 30
0.0
 10
126.5233266666667
 20
11.05369194444444
 30
0.0
 10
126.53391
 20
11.05369194444444
 30
0.0
 10
126.7028905555555
 20
11.36025583333333
 30
0.0
 10
126.8725766666667
 20
11.62483916666667
 30
0.0
 10
127.0415572222222
 20
11.90000583333333
 30
0.0
 10
127.2814461111111
 20
12.26336694444444
 30
0.0
 10
127.521335
 20
12.62672805555555
 30
0.0
 10
127.7612238888889
 20
12.99008916666667
 30
0.0
 10
128.0964803703704
 20
12.99008916666667
 30
0.0
 10
128.4317368518519
 20
12.99008916666667
 30
0.0
 10
128.7669933333333
 20
12.99008916666667
 30
0.0
 10
128.18491
 20
12.16470675925926
 30
0.0
 10
127.6028266666667
 20
11.33932435185185
 30
0.0
 10
127.0207433333333
 20
10.51394194444444
 30
0.0
 10
127.620347962963
 20
9.631997499999999
 30
0.0
 10
128.2199525925926
 20
8.750053055555554
 30
0.0
 10
128.8195572222222
 20
7.86810861111111
 30
0.0
 10
128.4667794444444
 20
7.86810861111111
 30
0.0
 10
128.1140016666667
 20
7.86810861111111
 30
0.0
 10
127.7612238888889
 20
7.86810861111111
 30
0.0
 10
127.5107516666666
 20
8.252636388888888
 30
0.0
 10
127.2602794444444
 20
8.637164166666665
 30
0.0
 10
127.0098072222222
 20
9.021691944444441
 30
0.0
 10
126.8090766666667
 20
9.318025277777776
 30
0.0
 10
126.6397433333333
 20
9.603422499999999
 30
0.0
 10
126.4598266666667
 20
9.910691944444443
 30
0.0
 10
126.4526535185185
 20
9.910691944444443
 30
0.0
 10
126.4454803703704
 20
9.910691944444443
 30
0.0
 10
126.4383072222222
 20
9.910691944444443
 30
0.0
 10
126.2693266666667
 20
9.603422499999999
 30
0.0
 10
126.08941
 20
9.328255833333332
 30
0.0
 10
125.89891
 20
9.021691944444441
 30
0.0
 10
125.651847962963
 20
8.637164166666665
 30
0.0
 10
125.4047859259259
 20
8.252636388888888
 30
0.0
 10
125.1577238888889
 20
7.86810861111111
 30
0.0
 10
124.815647037037
 20
7.86810861111111
 30
0.0
 10
124.4735701851852
 20
7.86810861111111
 30
0.0
 10
124.1314933333333
 20
7.86810861111111
 30
0.0
 10
124.7381535185185
 20
8.739469722222221
 30
0.0
 10
125.3448137037037
 20
9.610830833333331
 30
0.0
 10
125.9514738888889
 20
10.48219194444444
 30
0.0
 10
125.3731535185185
 20
11.31815768518518
 30
0.0
 10
124.7948331481481
 20
12.15412342592593
 30
0.0
 10
124.2165127777778
 20
12.99008916666667
 30
0.0
 10
124.5621174074074
 20
12.99008916666667
 30
0.0
 10
124.907722037037
 20
12.99008916666667
 30
0.0
 10
125.2533266666667
 20
12.99008916666667
 30
0.0
  0
POLYLINE
  5
84
330
1F
100
AcDbEntity
  8
DEFAULT
 62
    18
100
AcDb2dPolyline
 66
     1
 10
0.0
 20
0.0
 30
0.0
 70
     1
  0
VERTEX
  5
85
330
84
100
AcDbEntity
  8
DEFAULT
 62
    18
100
AcDbVertex
100
AcDb2dVertex
 10
131.4445061111111
 20
39.08255666666666
 30
0.0
  0
VERTEX
  5
86
330
84
100
AcDbEntity
  8
DEFAULT
 62
    18
100
AcDbVertex
100
AcDb2dVertex
 10
131.4229866666666
 20
39.08255666666666
 30
0.0
  0
VERTEX
  5
87
330
84
100
AcDbEntity
  8
DEFAULT
 62
    18
100
AcDbVertex
100
AcDb2dVertex
 10
130.2274227777778
 20
38.43732611111111
 30
0.0
  0
VERTEX
  5
88
330
84
100
AcDbEntity
  8
DEFAULT
 62
    18
100
AcDbVertex
100
AcDb2dVertex
 10
130.0475061111111
 20
39.14640944444444
 30
0.0
  0
VERTEX
  5
89
330
84
100
AcDbEntity
  8
DEFAULT
 62
    18
100
AcDbVertex
100
AcDb2dVertex
 10
131.5503394444444
 20
39.95039
 30
0.0
  0
VERTEX
  5
8A
330
84
100
AcDbEntity
  8
DEFAULT
 62
    18
100
AcDbVertex
100
AcDb2dVertex
 10
132.3440894444444
 20
39.95039
 30
0.0
  0
VERTEX
  5
8B
330
84
100
AcDbEntity
  8
DEFAULT
 62
    18
100
AcDbVertex
100
AcDb2dVertex
 10
132.3440894444444
 20
33.07157611111111
 30
0.0
  0
VERTEX
  5
8C
330
84
100
AcDbEntity
  8
DEFAULT
 62
    18
100
AcDbVertex
100
AcDb2dVertex
 10
131.4445061111111
 20
33.07157611111111
 30
0.0
  0
SEQEND
  5
8D
330
84
100
AcDbEntity
  8
DEFAULT
 62
    18
  0
SPLINE
  5
8E
330
1F
100
AcDbEntity
  8
DEFAULT
 62
    18
100
AcDbSpline
210
0.0
220
0.0
230
1.0
 70
    11
 71
     3
 72
    59
 73
    55
 74
     0
 42
0.000000001
 43
0.0000000001
 40
2.939000000000021
 40
2.939000000000021
 40
2.939000000000021
 40
2.939000000000021
 40
6.683235569512163
 40
6.683235569512163
 40
6.683235569512163
 40
7.683235569512163
 40
7.683235569512163
 40
7.683235569512163
 40
7.773235569512138
 40
7.773235569512138
 40
7.773235569512138
 40
8.773235569512138
 40
8.773235569512138
 40
8.773235569512138
 40
12.47589677464553
 40
12.47589677464553
 40
12.47589677464553
 40
15.32689677464553
 40
15.32689677464553
 40
15.32689677464553
 40
23.91659409178074
 40
23.91659409178074
 40
23.91659409178074
 40
32.98576169415749
 40
32.98576169415749
 40
32.98576169415749
 40
35.98576169415749
 40
35.98576169415749
 40
35.98576169415749
 40
39.889137284592
 40
39.889137284592
 40
39.889137284592
 40
40.889137284592
 40
40.889137284592
 40
40.889137284592
 40
40.95013728459204
 40
40.95013728459204
 40
40.95013728459204
 40
41.95013728459204
 40
41.95013728459204
 40
41.95013728459204
 40
45.83776406709058
 40
45.83776406709058
 40
45.83776406709058
 40
48.74676406709057
 40
48.74676406709057
 40
48.74676406709057
 40
57.77661467493564
 40
57.77661467493564
 40
57.77661467493564
 40
66.42095415230463
 40
66.42095415230463
 40
66.42095415230463
 40
69.35995415230465
 40
69.35995415230465
 40
69.35995415230465
 40
69.35995415230465
 10
125.2533266666667
 20
38.19373305555555
 30
0.0
 10
125.4967433333333
 20
37.82684416666666
 30
0.0
 10
125.74016
 20
37.45995527777777
 30
0.0
 10
125.9835766666667
 20
37.09306638888889
 30
0.0
 10
126.1737238888889
 20
36.80731638888888
 30
0.0
 10
126.3328266666667
 20
36.54273305555555
 30
0.0
 10
126.50216
 20
36.25733583333333
 30
0.0
 10
126.5127433333333
 20
36.25733583333333
 30
0.0
 10
126.5233266666667
 20
36.25733583333333
 30
0.0
 10
126.53391
 20
36.25733583333333
 30
0.0
 10
126.7028905555555
 20
36.56389972222222
 30
0.0
 10
126.8725766666667
 20
36.82848305555555
 30
0.0
 10
127.0415572222222
 20
37.10364972222222
 30
0.0
 10
127.2814461111111
 20
37.46701083333333
 30
0.0
 10
127.521335
 20
37.83037194444443
 30
0.0
 10
127.7612238888889
 20
38.19373305555555
 30
0.0
 10
128.0964803703704
 20
38.19373305555555
 30
0.0
 10
128.4317368518519
 20
38.19373305555555
 30
0.0
 10
128.7669933333333
 20
38.19373305555555
 30
0.0
 10
128.18491
 20
37.36823305555555
 30
0.0
 10
127.6028266666667
 20
36.54273305555555
 30
0.0
 10
127.0207433333333
 20
35.71723305555555
 30
0.0
 10
127.620347962963
 20
34.8352886111111
 30
0.0
 10
128.2199525925926
 20
33.95334416666666
 30
0.0
 10
128.8195572222222
 20
33.07139972222222
 30
0.0
 10
128.4667794444444
 20
33.07139972222222
 30
0.0
 10
128.1140016666667
 20
33.07139972222222
 30
0.0
 10
127.7612238888889
 20
33.07139972222222
 30
0.0
 10
127.5107516666666
 20
33.4560450925926
 30
0.0
 10
127.2602794444444
 20
33.84069046296296
 30
0.0
 10
127.0098072222222
 20
34.22533583333333
 30
0.0
 10
126.8090766666667
 20
34.52166916666666
 30
0.0
 10
126.6397433333333
 20
34.80706638888888
 30
0.0
 10
126.4598266666667
 20
35.11398305555555
 30
0.0
 10
126.4526535185185
 20
35.11398305555555
 30
0.0
 10
126.4454803703704
 20
35.11398305555555
 30
0.0
 10
126.4383072222222
 20
35.11398305555555
 30
0.0
 10
126.2693266666667
 20
34.80706638888888
 30
0.0
 10
126.08941
 20
34.53189972222222
 30
0.0
 10
125.89891
 20
34.22533583333333
 30
0.0
 10
125.651847962963
 20
33.84069046296296
 30
0.0
 10
125.4047859259259
 20
33.45604509259259
 30
0.0
 10
125.1577238888889
 20
33.07139972222222
 30
0.0
 10
124.815647037037
 20
33.07139972222222
 30
0.0
 10
124.4735701851852
 20
33.07139972222222
 30
0.0
 10
124.1314933333333
 20
33.07139972222222
 30
0.0
 10
124.7381535185185
 20
33.94287842592593
 30
0.0
 10
125.3448137037037
 20
34.81435712962963
 30
0.0
 10
125.9514738888889
 20
35.68583583333333
 30
0.0
 10
125.3731535185185
 20
36.52180157407407
 30
0.0
 10
124.7948331481481
 20
37.35776731481481
 30
0.0
 10
124.2165127777778
 20
38.19373305555555
 30
0.0
 10
124.5621174074074
 20
38.19373305555555
 30
0.0
 10
124.907722037037
 20
38.19373305555555
 30
0.0
 10
125.2533266666667
 20
38.19373305555555
 30
0.0
  0
POLYLINE
  5
8F
330
1F
100
AcDbEntity
  8
DEFAULT
 62
    18
100
AcDb2dPolyline
 66
     1
 10
0.0
 20
0.0
 30
0.0
 70
     1
  0
VERTEX
  5
90
330
8F
100
AcDbEntity
  8
DEFAULT
 62
    18
100
AcDbVertex
100
AcDb2dVertex
 10
131.4445061111111
 20
63.89105416666666
 30
0.0
  0
VERTEX
  5
91
330
8F
100
AcDbEntity
  8
DEFAULT
 62
    18
100
AcDbVertex
100
AcDb2dVertex
 10
131.4229866666666
 20
63.89105416666666
 30
0.0
  0
VERTEX
  5
92
330
8F
100
AcDbEntity
  8
DEFAULT
 62
    18
100
AcDbVertex
100
AcDb2dVertex
 10
130.2274227777778
 20
63.24547083333332
 30
0.0
  0
VERTEX
  5
93
330
8F
100
AcDbEntity
  8
DEFAULT
 62
    18
100
AcDbVertex
100
AcDb2dVertex
 10
130.0475061111111
 20
63.95455416666666
 30
0.0
  0
VERTEX
  5
94
330
8F
100
AcDbEntity
  8
DEFAULT
 62
    18
100
AcDbVertex
100
AcDb2dVertex
 10
131.5503394444444
 20
64.7588875
 30
0.0
  0
VERTEX
  5
95
330
8F
100
AcDbEntity
  8
DEFAULT
 62
    18
100
AcDbVertex
100
AcDb2dVertex
 10
132.3440894444444
 20
64.7588875
 30
0.0
  0
VERTEX
  5
96
330
8F
100
AcDbEntity
  8
DEFAULT
 62
    18
100
AcDbVertex
100
AcDb2dVertex
 10
132.3440894444444
 20
57.88007361111111
 30
0.0
  0
VERTEX
  5
97
330
8F
100
AcDbEntity
  8
DEFAULT
 62
    18
100
AcDbVertex
100
AcDb2dVertex
 10
131.4445061111111
 20
57.88007361111111
 30
0.0
  0
SEQEND
  5
98
330
8F
100
AcDbEntity
  8
DEFAULT
 62
    18
  0
SPLINE
  5
99
330
1F
100
AcDbEntity
  8
DEFAULT
 62
    18
100
AcDbSpline
210
0.0
220
0.0
230
1.0
 70
    11
 71
     3
 72
    59
 73
    55
 74
     0
 42
0.000000001
 43
0.0000000001
 40
0.0
 40
0.0
 40
0.0
 40
0.0
 40
3.744235569512153
 40
3.744235569512153
 40
3.744235569512153
 40
4.744235569512153
 40
4.744235569512153
 40
4.744235569512153
 40
4.834235569512128
 40
4.834235569512128
 40
4.834235569512128
 40
5.834235569512128
 40
5.834235569512128
 40
5.834235569512128
 40
9.536896774645522
 40
9.536896774645522
 40
9.536896774645522
 40
12.38789677464552
 40
12.38789677464552
 40
12.38789677464552
 40
20.97759409178074
 40
20.97759409178074
 40
20.97759409178074
 40
30.04676169415749
 40
30.04676169415749
 40
30.04676169415749
 40
33.04676169415748
 40
33.04676169415748
 40
33.04676169415748
 40
36.95013728459201
 40
36.95013728459201
 40
36.95013728459201
 40
37.95013728459201
 40
37.95013728459201
 40
37.95013728459201
 40
38.01113728459205
 40
38.01113728459205
 40
38.01113728459205
 40
39.01113728459205
 40
39.01113728459205
 40
39.01113728459205
 40
42.8987640670906
 40
42.8987640670906
 40
42.8987640670906
 40
45.8077640670906
 40
45.8077640670906
 40
45.8077640670906
 40
54.83761467493566
 40
54.83761467493566
 40
54.83761467493566
 40
63.48195415230467
 40
63.48195415230467
 40
63.48195415230467
 40
66.42095415230469
 40
66.42095415230469
 40
66.42095415230469
 40
66.42095415230469
 10
125.2533266666667
 20
63.00219527777776
 30
0.0
 10
125.4967433333333
 20
62.63530638888886
 30
0.0
 10
125.74016
 20
62.26841749999998
 30
0.0
 10
125.9835766666666
 20
61.90152861111109
 30
0.0
 10
126.1737238888889
 20
61.6157786111111
 30
0.0
 10
126.3328266666667
 20
61.35119527777777
 30
0.0
 10
126.50216
 20
61.06579805555555
 30
0.0
 10
126.5127433333333
 20
61.06579805555555
 30
0.0
 10
126.5233266666667
 20
61.06579805555555
 30
0.0
 10
126.53391
 20
61.06579805555555
 30
0.0
 10
126.7028905555555
 20
61.37236194444444
 30
0.0
 10
126.8725766666667
 20
61.63694527777777
 30
0.0
 10
127.0415572222222
 20
61.91211194444443
 30
0.0
 10
127.2814461111111
 20
62.27547305555555
 30
0.0
 10
127.521335
 20
62.63883416666666
 30
0.0
 10
127.7612238888889
 20
63.00219527777777
 30
0.0
 10
128.0964803703704
 20
63.00219527777777
 30
0.0
 10
128.4317368518519
 20
63.00219527777777
 30
0.0
 10
128.7669933333333
 20
63.00219527777777
 30
0.0
 10
128.18491
 20
62.17669527777777
 30
0.0
 10
127.6028266666667
 20
61.35119527777777
 30
0.0
 10
127.0207433333333
 20
60.52569527777776
 30
0.0
 10
127.620347962963
 20
59.64375083333332
 30
0.0
 10
128.2199525925926
 20
58.76180638888889
 30
0.0
 10
128.8195572222222
 20
57.87986194444444
 30
0.0
 10
128.4667794444444
 20
57.87986194444444
 30
0.0
 10
128.1140016666667
 20
57.87986194444444
 30
0.0
 10
127.7612238888889
 20
57.87986194444444
 30
0.0
 10
127.5107516666666
 20
58.26450731481481
 30
0.0
 10
127.2602794444444
 20
58.64915268518519
 30
0.0
 10
127.0098072222222
 20
59.03379805555555
 30
0.0
 10
126.8090766666667
 20
59.33013138888889
 30
0.0
 10
126.6397433333333
 20
59.61552861111111
 30
0.0
 10
126.4598266666667
 20
59.92244527777778
 30
0.0
 10
126.4526535185185
 20
59.92244527777778
 30
0.0
 10
126.4454803703704
 20
59.92244527777778
 30
0.0
 10
126.4383072222222
 20
59.92244527777778
 30
0.0
 10
126.2693266666667
 20
59.61552861111111
 30
0.0
 10
126.08941
 20
59.34036194444444
 30
0.0
 10
125.89891
 20
59.03379805555555
 30
0.0
 10
125.651847962963
 20
58.64915268518519
 30
0.0
 10
125.4047859259259
 20
58.26450731481481
 30
0.0
 10
125.1577238888889
 20
57.87986194444444
 30
0.0
 10
124.815647037037
 20
57.87986194444444
 30
0.0
 10
124.4735701851852
 20
57.87986194444444
 30
0.0
 10
124.1314933333333
 20
57.87986194444444
 30
0.0
 10
124.7381535185185
 20
58.75134064814814
 30
0.0
 10
125.3448137037037
 20
59.62281935185185
 30
0.0
 10
125.9514738888889
 20
60.49429805555555
 30
0.0
 10
125.3731535185185
 20
61.33026379629629
 30
0.0
 10
124.7948331481481
 20
62.16622953703703
 30
0.0
 10
124.2165127777778
 20
63.00219527777777
 30
0.0
 10
124.5621174074074
 20
63.00219527777777
 30
0.0
 10
124.907722037037
 20
63.00219527777776
 30
0.0
 10
125.2533266666667
 20
63.00219527777776
 30
0.0
  0
POLYLINE
  5
9A
330
1F
100
AcDbEntity
  8
DEFAULT
 62
    18
100
AcDb2dPolyline
 66
     1
 10
0.0
 20
0.0
 30
0.0
 70
     1
  0
VERTEX
  5
9B
330
9A
100
AcDbEntity
  8
DEFAULT
 62
    18
100
AcDbVertex
100
AcDb2dVertex
 10
131.4445061111111
 20
89.68464833333333
 30
0.0
  0
VERTEX
  5
9C
330
9A
100
AcDbEntity
  8
DEFAULT
 62
    18
100
AcDbVertex
100
AcDb2dVertex
 10
131.4229866666666
 20
89.68464833333333
 30
0.0
  0
VERTEX
  5
9D
330
9A
100
AcDbEntity
  8
DEFAULT
 62
    18
100
AcDbVertex
100
AcDb2dVertex
 10
130.2274227777778
 20
89.03906499999998
 30
0.0
  0
VERTEX
  5
9E
330
9A
100
AcDbEntity
  8
DEFAULT
 62
    18
100
AcDbVertex
100
AcDb2dVertex
 10
130.0475061111111
 20
89.74814833333333
 30
0.0
  0
VERTEX
  5
9F
330
9A
100
AcDbEntity
  8
DEFAULT
 62
    18
100
AcDbVertex
100
AcDb2dVertex
 10
131.5503394444444
 20
90.55248166666665
 30
0.0
  0
VERTEX
  5
A0
330
9A
100
AcDbEntity
  8
DEFAULT
 62
    18
100
AcDbVertex
100
AcDb2dVertex
 10
132.3440894444444
 20
90.55248166666665
 30
0.0
  0
VERTEX
  5
A1
330
9A
100
AcDbEntity
  8
DEFAULT
 62
    18
100
AcDbVertex
100
AcDb2dVertex
 10
132.3440894444444
 20
83.67366777777778
 30
0.0
  0
VERTEX
  5
A2
330
9A
100
AcDbEntity
  8
DEFAULT
 62
    18
100
AcDbVertex
100
AcDb2dVertex
 10
131.4445061111111
 20
83.67366777777778
 30
0.0
  0
SEQEND
  5
A3
330
9A
100
AcDbEntity
  8
DEFAULT
 62
    18
  0
SPLINE
  5
A4
330
1F
100
AcDbEntity
  8
DEFAULT
 62
    18
100
AcDbSpline
210
0.0
220
0.0
230
1.0
 70
    11
 71
     3
 72
    59
 73
    55
 74
     0
 42
0.000000001
 43
0.0000000001
 40
0.0
 40
0.0
 40
0.0
 40
0.0
 40
3.744235569512098
 40
3.744235569512098
 40
3.744235569512098
 40
4.744235569512098
 40
4.744235569512098
 40
4.744235569512098
 40
4.834235569512073
 40
4.834235569512073
 40
4.834235569512073
 40
5.834235569512073
 40
5.834235569512073
 40
5.834235569512073
 40
9.536896774645466
 40
9.536896774645466
 40
9.536896774645466
 40
12.38789677464547
 40
12.38789677464547
 40
12.38789677464547
 40
20.97759409178069
 40
20.97759409178069
 40
20.97759409178069
 40
30.04676169415743
 40
30.04676169415743
 40
30.04676169415743
 40
33.04676169415742
 40
33.04676169415742
 40
33.04676169415742
 40
36.95013728459195
 40
36.95013728459195
 40
36.95013728459195
 40
37.95013728459195
 40
37.95013728459195
 40
37.95013728459195
 40
38.01113728459199
 40
38.01113728459199
 40
38.01113728459199
 40
39.01113728459199
 40
39.01113728459199
 40
39.01113728459199
 40
42.89876406709055
 40
42.89876406709055
 40
42.89876406709055
 40
45.80776406709054
 40
45.80776406709054
 40
45.80776406709054
 40
54.83679397068482
 40
54.83679397068482
 40
54.83679397068482
 40
63.48195585465208
 40
63.48195585465208
 40
63.48195585465208
 40
66.4209558546521
 40
66.4209558546521
 40
66.4209558546521
 40
66.4209558546521
 10
125.2533266666667
 20
88.79578944444442
 30
0.0
 10
125.4967433333333
 20
88.42890055555553
 30
0.0
 10
125.74016
 20
88.06201166666665
 30
0.0
 10
125.9835766666666
 20
87.69512277777777
 30
0.0
 10
126.1737238888889
 20
87.40937277777776
 30
0.0
 10
126.3328266666667
 20
87.14478944444443
 30
0.0
 10
126.50216
 20
86.85903944444443
 30
0.0
 10
126.5127433333333
 20
86.85903944444443
 30
0.0
 10
126.5233266666667
 20
86.85903944444443
 30
0.0
 10
126.53391
 20
86.85903944444443
 30
0.0
 10
126.7028905555555
 20
87.1659561111111
 30
0.0
 10
126.8725766666667
 20
87.43053944444443
 30
0.0
 10
127.0415572222222
 20
87.7057061111111
 30
0.0
 10
127.2814461111111
 20
88.06906722222222
 30
0.0
 10
127.521335
 20
88.43242833333333
 30
0.0
 10
127.7612238888889
 20
88.79578944444444
 30
0.0
 10
128.0964803703704
 20
88.79578944444444
 30
0.0
 10
128.4317368518519
 20
88.79578944444444
 30
0.0
 10
128.7669933333333
 20
88.79578944444444
 30
0.0
 10
128.18491
 20
87.97028944444445
 30
0.0
 10
127.6028266666667
 20
87.14478944444444
 30
0.0
 10
127.0207433333333
 20
86.31928944444444
 30
0.0
 10
127.620347962963
 20
85.437345
 30
0.0
 10
128.2199525925926
 20
84.55540055555554
 30
0.0
 10
128.8195572222222
 20
83.6734561111111
 30
0.0
 10
128.4667794444444
 20
83.6734561111111
 30
0.0
 10
128.1140016666667
 20
83.6734561111111
 30
0.0
 10
127.7612238888889
 20
83.6734561111111
 30
0.0
 10
127.5107516666666
 20
84.05810148148146
 30
0.0
 10
127.2602794444444
 20
84.44274685185184
 30
0.0
 10
127.0098072222222
 20
84.82739222222222
 30
0.0
 10
126.8090766666667
 20
85.12337277777777
 30
0.0
 10
126.6397433333333
 20
85.40912277777777
 30
0.0
 10
126.4598266666667
 20
85.71603944444443
 30
0.0
 10
126.4526535185185
 20
85.71603944444443
 30
0.0
 10
126.4454803703704
 20
85.71603944444443
 30
0.0
 10
126.4383072222222
 20
85.71603944444443
 30
0.0
 10
126.2693266666667
 20
85.40912277777777
 30
0.0
 10
126.08941
 20
85.1339561111111
 30
0.0
 10
125.89891
 20
84.82739222222222
 30
0.0
 10
125.651847962963
 20
84.44274685185184
 30
0.0
 10
125.4047859259259
 20
84.05810148148147
 30
0.0
 10
125.1577238888889
 20
83.6734561111111
 30
0.0
 10
124.815647037037
 20
83.6734561111111
 30
0.0
 10
124.4735701851852
 20
83.6734561111111
 30
0.0
 10
124.1314933333333
 20
83.6734561111111
 30
0.0
 10
124.7381535185185
 20
84.5448172222222
 30
0.0
 10
125.3448137037037
 20
85.41617833333332
 30
0.0
 10
125.9514738888889
 20
86.28753944444443
 30
0.0
 10
125.3731535185185
 20
87.12362277777777
 30
0.0
 10
124.7948331481481
 20
87.95970611111112
 30
0.0
 10
124.2165127777778
 20
88.79578944444444
 30
0.0
 10
124.5621174074074
 20
88.79578944444444
 30
0.0
 10
124.907722037037
 20
88.79578944444444
 30
0.0
 10
125.2533266666667
 20
88.79578944444442
 30
0.0
  0
POLYLINE
  5
A5
330
1F
100
AcDbEntity
  8
DEFAULT
 62
    18
100
AcDb2dPolyline
 66
     1
 10
0.0
 20
0.0
 30
0.0
 70
     1
  0
VERTEX
  5
A6
330
A5
100
AcDbEntity
  8
DEFAULT
 62
    18
100
AcDbVertex
100
AcDb2dVertex
 10
131.4445061111111
 20
116.4514858333333
 30
0.0
  0
VERTEX
  5
A7
330
A5
100
AcDbEntity
  8
DEFAULT
 62
    18
100
AcDbVertex
100
AcDb2dVertex
 10
131.4229866666666
 20
116.4514858333333
 30
0.0
  0
VERTEX
  5
A8
330
A5
100
AcDbEntity
  8
DEFAULT
 62
    18
100
AcDbVertex
100
AcDb2dVertex
 10
130.2274227777778
 20
115.8059025
 30
0.0
  0
VERTEX
  5
A9
330
A5
100
AcDbEntity
  8
DEFAULT
 62
    18
100
AcDbVertex
100
AcDb2dVertex
 10
130.0475061111111
 20
116.5149858333333
 30
0.0
  0
VERTEX
  5
AA
330
A5
100
AcDbEntity
  8
DEFAULT
 62
    18
100
AcDbVertex
100
AcDb2dVertex
 10
131.5503394444444
 20
117.3193191666666
 30
0.0
  0
VERTEX
  5
AB
330
A5
100
AcDbEntity
  8
DEFAULT
 62
    18
100
AcDbVertex
100
AcDb2dVertex
 10
132.3440894444444
 20
117.3193191666666
 30
0.0
  0
VERTEX
  5
AC
330
A5
100
AcDbEntity
  8
DEFAULT
 62
    18
100
AcDbVertex
100
AcDb2dVertex
 10
132.3440894444444
 20
110.4405052777778
 30
0.0
  0
VERTEX
  5
AD
330
A5
100
AcDbEntity
  8
DEFAULT
 62
    18
100
AcDbVertex
100
AcDb2dVertex
 10
131.4445061111111
 20
110.4405052777778
 30
0.0
  0
SEQEND
  5
AE
330
A5
100
AcDbEntity
  8
DEFAULT
 62
    18
  0
SPLINE
  5
AF
330
1F
100
AcDbEntity
  8
DEFAULT
 62
    18
100
AcDbSpline
210
0.0
220
0.0
230
1.0
 70
    11
 71
     3
 72
    59
 73
    55
 74
     0
 42
0.000000001
 43
0.0000000001
 40
0.0
 40
0.0
 40
0.0
 40
0.0
 40
3.744235569512153
 40
3.744235569512153
 40
3.744235569512153
 40
4.744235569512153
 40
4.744235569512153
 40
4.744235569512153
 40
4.834235569512128
 40
4.834235569512128
 40
4.834235569512128
 40
5.834235569512128
 40
5.834235569512128
 40
5.834235569512128
 40
9.536896774645497
 40
9.536896774645497
 40
9.536896774645497
 40
12.3878967746455
 40
12.3878967746455
 40
12.3878967746455
 40
20.97759409178069
 40
20.97759409178069
 40
20.97759409178069
 40
30.04676169415744
 40
30.04676169415744
 40
30.04676169415744
 40
33.04676169415744
 40
33.04676169415744
 40
33.04676169415744
 40
36.94929933010663
 40
36.94929933010663
 40
36.94929933010663
 40
37.94929933010663
 40
37.94929933010663
 40
37.94929933010663
 40
38.01029933010666
 40
38.01029933010666
 40
38.01029933010666
 40
39.01029933010666
 40
39.01029933010666
 40
39.01029933010666
 40
42.89708476282608
 40
42.89708476282608
 40
42.89708476282608
 40
45.80608476282607
 40
45.80608476282607
 40
45.80608476282607
 40
54.83511466642034
 40
54.83511466642034
 40
54.83511466642034
 40
63.48027655038759
 40
63.48027655038759
 40
63.48027655038759
 40
66.41927655038762
 40
66.41927655038762
 40
66.41927655038762
 40
66.41927655038762
 10
125.2533266666667
 20
115.5626622222222
 30
0.0
 10
125.4967433333333
 20
115.1957733333333
 30
0.0
 10
125.74016
 20
114.8288844444444
 30
0.0
 10
125.9835766666666
 20
114.4619955555555
 30
0.0
 10
126.1737238888889
 20
114.1762455555556
 30
0.0
 10
126.3328266666667
 20
113.9116622222222
 30
0.0
 10
126.50216
 20
113.6259122222222
 30
0.0
 10
126.5127433333333
 20
113.6259122222222
 30
0.0
 10
126.5233266666667
 20
113.6259122222222
 30
0.0
 10
126.53391
 20
113.6259122222222
 30
0.0
 10
126.7028905555555
 20
113.9328288888889
 30
0.0
 10
126.8725766666667
 20
114.1974122222222
 30
0.0
 10
127.0415572222222
 20
114.4725788888889
 30
0.0
 10
127.2814461111111
 20
114.83594
 30
0.0
 10
127.521335
 20
115.1993011111111
 30
0.0
 10
127.7612238888889
 20
115.5626622222222
 30
0.0
 10
128.0964803703704
 20
115.5626622222222
 30
0.0
 10
128.4317368518519
 20
115.5626622222222
 30
0.0
 10
128.7669933333333
 20
115.5626622222222
 30
0.0
 10
128.18491
 20
114.7371622222222
 30
0.0
 10
127.6028266666667
 20
113.9116622222222
 30
0.0
 10
127.0207433333333
 20
113.0861622222222
 30
0.0
 10
127.620347962963
 20
112.2042177777778
 30
0.0
 10
128.2199525925926
 20
111.3222733333333
 30
0.0
 10
128.8195572222222
 20
110.4403288888889
 30
0.0
 10
128.4667794444444
 20
110.4403288888889
 30
0.0
 10
128.1140016666667
 20
110.4403288888889
 30
0.0
 10
127.7612238888889
 20
110.4403288888889
 30
0.0
 10
127.5107516666666
 20
110.8248566666667
 30
0.0
 10
127.2602794444444
 20
111.2093844444444
 30
0.0
 10
127.0098072222222
 20
111.5939122222222
 30
0.0
 10
126.8090766666667
 20
111.8902455555555
 30
0.0
 10
126.6397433333333
 20
112.1759955555555
 30
0.0
 10
126.4598266666667
 20
112.4829122222222
 30
0.0
 10
126.4526535185185
 20
112.4829122222222
 30
0.0
 10
126.4454803703704
 20
112.4829122222222
 30
0.0
 10
126.4383072222222
 20
112.4829122222222
 30
0.0
 10
126.2693266666667
 20
112.1759955555555
 30
0.0
 10
126.08941
 20
111.9008288888889
 30
0.0
 10
125.89891
 20
111.5939122222222
 30
0.0
 10
125.651847962963
 20
111.2093844444444
 30
0.0
 10
125.4047859259259
 20
110.8248566666667
 30
0.0
 10
125.1577238888889
 20
110.4403288888889
 30
0.0
 10
124.815647037037
 20
110.4403288888889
 30
0.0
 10
124.4735701851852
 20
110.4403288888889
 30
0.0
 10
124.1314933333333
 20
110.4403288888889
 30
0.0
 10
124.7381535185185
 20
111.31169
 30
0.0
 10
125.3448137037037
 20
112.1830511111111
 30
0.0
 10
125.9514738888889
 20
113.0544122222222
 30
0.0
 10
125.3731535185185
 20
113.8904955555555
 30
0.0
 10
124.7948331481481
 20
114.7265788888889
 30
0.0
 10
124.2165127777778
 20
115.5626622222222
 30
0.0
 10
124.5621174074074
 20
115.5626622222222
 30
0.0
 10
124.907722037037
 20
115.5626622222222
 30
0.0
 10
125.2533266666667
 20
115.5626622222222
 30
0.0
  0
SPLINE
  5
B0
330
1F
100
AcDbEntity
  8
DEFAULT
 62
    18
100
AcDbSpline
210
0.0
220
0.0
230
1.0
 70
    11
 71
     3
 72
    47
 73
    43
 74
     0
 42
0.000000001
 43
0.0000000001
 40
12.45000000000005
 40
12.45000000000005
 40
12.45000000000005
 40
12.45000000000005
 40
14.07000000000005
 40
14.07000000000005
 40
14.07000000000005
 40
16.95530760925078
 40
16.95530760925078
 40
16.95530760925078
 40
17.95530760925078
 40
17.95530760925078
 40
17.95530760925078
 40
18.95530760925078
 40
18.95530760925078
 40
18.95530760925078
 40
19.95530760925078
 40
19.95530760925078
 40
19.95530760925078
 40
21.99710118353787
 40
21.99710118353787
 40
21.99710118353787
 40
22.99710118353787
 40
22.99710118353787
 40
22.99710118353787
 40
23.99710118353787
 40
23.99710118353787
 40
23.99710118353787
 40
24.99710118353787
 40
24.99710118353787
 40
24.99710118353787
 40
27.12011790509233
 40
27.12011790509233
 40
27.12011790509233
 40
27.18011790509232
 40
27.18011790509232
 40
27.18011790509232
 40
35.94011790509231
 40
35.94011790509231
 40
35.94011790509231
 40
38.13011790509232
 40
38.13011790509232
 40
38.13011790509232
 40
50.58011790509237
 40
50.58011790509237
 40
50.58011790509237
 40
50.58011790509237
 10
195.9566961111111
 20
7.867932222222222
 30
0.0
 10
195.9566961111111
 20
8.058432222222223
 30
0.0
 10
195.9566961111111
 20
8.248932222222223
 30
0.0
 10
195.9566961111111
 20
8.439432222222223
 30
0.0
 10
196.2001127777778
 20
8.675793333333333
 30
0.0
 10
196.4435294444444
 20
8.912154444444445
 30
0.0
 10
196.6869461111111
 20
9.148515555555555
 30
0.0
 10
198.4437794444444
 20
10.82068222222222
 30
0.0
 10
199.2375294444444
 20
11.70968222222222
 30
0.0
 10
199.2481127777778
 20
12.74684888888889
 30
0.0
 10
199.2481127777778
 20
13.44534888888889
 30
0.0
 10
198.9094461111111
 20
14.09093222222222
 30
0.0
 10
197.8828627777778
 20
14.09093222222222
 30
0.0
 10
197.2584461111111
 20
14.09093222222222
 30
0.0
 10
196.7402155555556
 20
13.77307944444444
 30
0.0
 10
196.4223627777778
 20
13.50849611111111
 30
0.0
 10
196.323585
 20
13.72733592592592
 30
0.0
 10
196.2248072222222
 20
13.94617574074074
 30
0.0
 10
196.1260294444444
 20
14.16501555555555
 30
0.0
 10
196.6022794444444
 20
14.56682944444444
 30
0.0
 10
197.2796127777778
 20
14.86316277777778
 30
0.0
 10
198.0733627777778
 20
14.86316277777778
 30
0.0
 10
199.5550294444444
 20
14.86316277777778
 30
0.0
 10
200.1794461111111
 20
13.84716277777778
 30
0.0
 10
200.1794461111111
 20
12.86291277777778
 30
0.0
 10
200.1794461111111
 20
11.59326555555555
 30
0.0
 10
199.2586961111111
 20
10.56668222222222
 30
0.0
 10
197.8087794444444
 20
9.169682222222223
 30
0.0
 10
197.625335
 20
9.000348888888889
 30
0.0
 10
197.4418905555555
 20
8.831015555555556
 30
0.0
 10
197.2584461111111
 20
8.661682222222222
 30
0.0
 10
197.2584461111111
 20
8.654626666666667
 30
0.0
 10
197.2584461111111
 20
8.64757111111111
 30
0.0
 10
197.2584461111111
 20
8.640515555555556
 30
0.0
 10
198.2885572222222
 20
8.640515555555556
 30
0.0
 10
199.3186683333333
 20
8.640515555555556
 30
0.0
 10
200.3487794444445
 20
8.640515555555556
 30
0.0
 10
200.3487794444444
 20
8.382987777777778
 30
0.0
 10
200.3487794444444
 20
8.125459999999999
 30
0.0
 10
200.3487794444445
 20
7.867932222222222
 30
0.0
 10
198.8847516666666
 20
7.867932222222222
 30
0.0
 10
197.4207238888888
 20
7.867932222222222
 30
0.0
 10
195.9566961111111
 20
7.867932222222222
 30
0.0
  0
SPLINE
  5
B1
330
1F
100
AcDbEntity
  8
DEFAULT
 62
    18
100
AcDbSpline
210
0.0
220
0.0
230
1.0
 70
    11
 71
     3
 72
    59
 73
    55
 74
     0
 42
0.000000001
 43
0.0000000001
 40
0.0
 40
0.0
 40
0.0
 40
0.0
 40
3.744235569512161
 40
3.744235569512161
 40
3.744235569512161
 40
4.744235569512161
 40
4.744235569512161
 40
4.744235569512161
 40
4.834235569512193
 40
4.834235569512193
 40
4.834235569512193
 40
5.834235569512193
 40
5.834235569512193
 40
5.834235569512193
 40
9.536896774645648
 40
9.536896774645648
 40
9.536896774645648
 40
12.38789677464565
 40
12.38789677464565
 40
12.38789677464565
 40
20.97677685297952
 40
20.97677685297952
 40
20.97677685297952
 40
30.04594445535629
 40
30.04594445535629
 40
30.04594445535629
 40
33.04594445535629
 40
33.04594445535629
 40
33.04594445535629
 40
36.94848209130549
 40
36.94848209130549
 40
36.94848209130549
 40
37.94848209130549
 40
37.94848209130549
 40
37.94848209130549
 40
38.00948209130541
 40
38.00948209130541
 40
38.00948209130541
 40
39.00948209130541
 40
39.00948209130541
 40
39.00948209130541
 40
42.89626752402484
 40
42.89626752402484
 40
42.89626752402484
 40
45.80526752402483
 40
45.80526752402483
 40
45.80526752402483
 40
54.83429742761912
 40
54.83429742761912
 40
54.83429742761912
 40
63.47863690498811
 40
63.47863690498811
 40
63.47863690498811
 40
66.41763690498809
 40
66.41763690498809
 40
66.41763690498809
 40
66.41763690498809
 10
191.7870744444444
 20
12.99008916666666
 30
0.0
 10
192.0304911111111
 20
12.62320027777777
 30
0.0
 10
192.2739077777777
 20
12.25631138888889
 30
0.0
 10
192.5173244444444
 20
11.8894225
 30
0.0
 10
192.7074716666667
 20
11.6036725
 30
0.0
 10
192.8665744444444
 20
11.33908916666667
 30
0.0
 10
193.0359077777778
 20
11.05369194444444
 30
0.0
 10
193.0464911111111
 20
11.05369194444444
 30
0.0
 10
193.0570744444444
 20
11.05369194444444
 30
0.0
 10
193.0676577777778
 20
11.05369194444444
 30
0.0
 10
193.2366383333333
 20
11.36025583333333
 30
0.0
 10
193.4063244444445
 20
11.62483916666667
 30
0.0
 10
193.575305
 20
11.90000583333333
 30
0.0
 10
193.8151938888889
 20
12.26336694444444
 30
0.0
 10
194.0550827777778
 20
12.62672805555555
 30
0.0
 10
194.2949716666667
 20
12.99008916666667
 30
0.0
 10
194.6302281481481
 20
12.99008916666667
 30
0.0
 10
194.9654846296296
 20
12.99008916666667
 30
0.0
 10
195.3007411111111
 20
12.99008916666667
 30
0.0
 10
194.7186577777778
 20
12.16470675925926
 30
0.0
 10
194.1365744444444
 20
11.33932435185185
 30
0.0
 10
193.5544911111111
 20
10.51394194444444
 30
0.0
 10
194.1540957407408
 20
9.631997499999999
 30
0.0
 10
194.7537003703704
 20
8.750053055555554
 30
0.0
 10
195.353305
 20
7.86810861111111
 30
0.0
 10
195.0005272222222
 20
7.86810861111111
 30
0.0
 10
194.6477494444444
 20
7.86810861111111
 30
0.0
 10
194.2949716666667
 20
7.86810861111111
 30
0.0
 10
194.0444994444445
 20
8.252636388888888
 30
0.0
 10
193.7940272222222
 20
8.637164166666665
 30
0.0
 10
193.543555
 20
9.021691944444441
 30
0.0
 10
193.3428244444444
 20
9.318025277777776
 30
0.0
 10
193.1734911111111
 20
9.603422499999999
 30
0.0
 10
192.9935744444444
 20
9.910691944444443
 30
0.0
 10
192.9864012962963
 20
9.910691944444443
 30
0.0
 10
192.9792281481481
 20
9.910691944444443
 30
0.0
 10
192.972055
 20
9.910691944444443
 30
0.0
 10
192.8030744444444
 20
9.603422499999999
 30
0.0
 10
192.6231577777778
 20
9.328255833333332
 30
0.0
 10
192.4326577777778
 20
9.021691944444441
 30
0.0
 10
192.1855957407408
 20
8.637164166666665
 30
0.0
 10
191.9385337037037
 20
8.252636388888888
 30
0.0
 10
191.6914716666667
 20
7.86810861111111
 30
0.0
 10
191.3493948148148
 20
7.86810861111111
 30
0.0
 10
191.007317962963
 20
7.86810861111111
 30
0.0
 10
190.6652411111111
 20
7.86810861111111
 30
0.0
 10
191.2719012962963
 20
8.739469722222221
 30
0.0
 10
191.8785614814815
 20
9.610830833333331
 30
0.0
 10
192.4852216666667
 20
10.48219194444444
 30
0.0
 10
191.9069012962963
 20
11.31815768518518
 30
0.0
 10
191.328580925926
 20
12.15412342592593
 30
0.0
 10
190.7502605555556
 20
12.99008916666667
 30
0.0
 10
191.0958651851852
 20
12.99008916666666
 30
0.0
 10
191.4414698148148
 20
12.99008916666666
 30
0.0
 10
191.7870744444444
 20
12.99008916666666
 30
0.0
  0
SPLINE
  5
B2
330
1F
100
AcDbEntity
  8
DEFAULT
 62
    18
100
AcDbSpline
210
0.0
220
0.0
230
1.0
 70
    11
 71
     3
 72
    47
 73
    43
 74
     0
 42
0.000000001
 43
0.0000000001
 40
12.45000000000005
 40
12.45000000000005
 40
12.45000000000005
 40
12.45000000000005
 40
14.07000000000005
 40
14.07000000000005
 40
14.07000000000005
 40
16.95530760925078
 40
16.95530760925078
 40
16.95530760925078
 40
17.95530760925078
 40
17.95530760925078
 40
17.95530760925078
 40
18.95530760925078
 40
18.95530760925078
 40
18.95530760925078
 40
19.95530760925078
 40
19.95530760925078
 40
19.95530760925078
 40
21.99618977145418
 40
21.99618977145418
 40
21.99618977145418
 40
22.99618977145418
 40
22.99618977145418
 40
22.99618977145418
 40
23.99618977145418
 40
23.99618977145418
 40
23.99618977145418
 40
24.99618977145418
 40
24.99618977145418
 40
24.99618977145418
 40
27.118528340109
 40
27.118528340109
 40
27.118528340109
 40
27.17952834010901
 40
27.17952834010901
 40
27.17952834010901
 40
35.939528340109
 40
35.939528340109
 40
35.939528340109
 40
38.12852834010899
 40
38.12852834010899
 40
38.12852834010899
 40
50.57852834010904
 40
50.57852834010904
 40
50.57852834010904
 40
50.57852834010904
 10
195.9566961111111
 20
43.76582277777777
 30
0.0
 10
195.9566961111111
 20
43.95632277777778
 30
0.0
 10
195.9566961111111
 20
44.14682277777777
 30
0.0
 10
195.9566961111111
 20
44.33732277777776
 30
0.0
 10
196.2001127777778
 20
44.57368388888889
 30
0.0
 10
196.4435294444444
 20
44.810045
 30
0.0
 10
196.6869461111111
 20
45.0464061111111
 30
0.0
 10
198.4437794444444
 20
46.71822
 30
0.0
 10
199.2375294444444
 20
47.60757277777778
 30
0.0
 10
199.2481127777778
 20
48.64438666666666
 30
0.0
 10
199.2481127777778
 20
49.34323944444444
 30
0.0
 10
198.9094461111111
 20
49.98847
 30
0.0
 10
197.8828627777778
 20
49.98847
 30
0.0
 10
197.2584461111111
 20
49.98847
 30
0.0
 10
196.7402155555556
 20
49.67097
 30
0.0
 10
196.4223627777778
 20
49.40638666666666
 30
0.0
 10
196.323585
 20
49.62510888888888
 30
0.0
 10
196.2248072222222
 20
49.84383111111109
 30
0.0
 10
196.1260294444444
 20
50.06255333333332
 30
0.0
 10
196.6022794444444
 20
50.46471999999999
 30
0.0
 10
197.2796127777778
 20
50.76105333333333
 30
0.0
 10
198.0733627777778
 20
50.76105333333333
 30
0.0
 10
199.5550294444444
 20
50.76105333333333
 30
0.0
 10
200.1794461111111
 20
49.74505333333333
 30
0.0
 10
200.1794461111111
 20
48.76080333333332
 30
0.0
 10
200.1794461111111
 20
47.4911561111111
 30
0.0
 10
199.2586961111111
 20
46.46422
 30
0.0
 10
197.8087794444444
 20
45.06721999999999
 30
0.0
 10
197.625335
 20
44.89800425925925
 30
0.0
 10
197.4418905555555
 20
44.72878851851851
 30
0.0
 10
197.2584461111111
 20
44.55957277777777
 30
0.0
 10
197.2584461111111
 20
44.55239962962963
 30
0.0
 10
197.2584461111111
 20
44.54522648148147
 30
0.0
 10
197.2584461111111
 20
44.53805333333332
 30
0.0
 10
198.2885572222222
 20
44.53805333333332
 30
0.0
 10
199.3186683333333
 20
44.53805333333332
 30
0.0
 10
200.3487794444445
 20
44.53805333333332
 30
0.0
 10
200.3487794444444
 20
44.28064314814814
 30
0.0
 10
200.3487794444444
 20
44.02323296296296
 30
0.0
 10
200.3487794444445
 20
43.76582277777777
 30
0.0
 10
198.8847516666666
 20
43.76582277777777
 30
0.0
 10
197.4207238888888
 20
43.76582277777777
 30
0.0
 10
195.9566961111111
 20
43.76582277777777
 30
0.0
  0
SPLINE
  5
B3
330
1F
100
AcDbEntity
  8
DEFAULT
 62
    18
100
AcDbSpline
210
0.0
220
0.0
230
1.0
 70
    11
 71
     3
 72
    59
 73
    55
 74
     0
 42
0.000000001
 43
0.0000000001
 40
2.938999999999965
 40
2.938999999999965
 40
2.938999999999965
 40
2.938999999999965
 40
6.683235569512149
 40
6.683235569512149
 40
6.683235569512149
 40
7.683235569512149
 40
7.683235569512149
 40
7.683235569512149
 40
7.773235569512181
 40
7.773235569512181
 40
7.773235569512181
 40
8.773235569512181
 40
8.773235569512181
 40
8.773235569512181
 40
12.47589677464564
 40
12.47589677464564
 40
12.47589677464564
 40
15.32689677464564
 40
15.32689677464564
 40
15.32689677464564
 40
23.91659409178089
 40
23.91659409178089
 40
23.91659409178089
 40
32.98493473381681
 40
32.98493473381681
 40
32.98493473381681
 40
35.98493473381681
 40
35.98493473381681
 40
35.98493473381681
 40
39.88663449161469
 40
39.88663449161469
 40
39.88663449161469
 40
40.88663449161469
 40
40.88663449161469
 40
40.88663449161469
 40
40.94763449161461
 40
40.94763449161461
 40
40.94763449161461
 40
41.94763449161461
 40
41.94763449161461
 40
41.94763449161461
 40
45.83357864973114
 40
45.83357864973114
 40
45.83357864973114
 40
48.74257864973114
 40
48.74257864973114
 40
48.74257864973114
 40
57.77078788523293
 40
57.77078788523293
 40
57.77078788523293
 40
66.41594976920018
 40
66.41594976920018
 40
66.41594976920018
 40
69.35494976920015
 40
69.35494976920015
 40
69.35494976920015
 40
69.35494976920015
 10
191.7870744444444
 20
48.88797972222221
 30
0.0
 10
192.0304911111111
 20
48.52109083333333
 30
0.0
 10
192.2739077777778
 20
48.15420194444443
 30
0.0
 10
192.5173244444445
 20
47.78731305555554
 30
0.0
 10
192.7074716666667
 20
47.50121027777777
 30
0.0
 10
192.8665744444444
 20
47.23697972222221
 30
0.0
 10
193.0359077777778
 20
46.95122972222221
 30
0.0
 10
193.0464911111111
 20
46.95122972222222
 30
0.0
 10
193.0570744444444
 20
46.95122972222222
 30
0.0
 10
193.0676577777778
 20
46.95122972222221
 30
0.0
 10
193.2366383333333
 20
47.25814638888888
 30
0.0
 10
193.4063244444445
 20
47.52272972222221
 30
0.0
 10
193.575305
 20
47.79789638888888
 30
0.0
 10
193.8151938888889
 20
48.1612575
 30
0.0
 10
194.0550827777778
 20
48.5246186111111
 30
0.0
 10
194.2949716666667
 20
48.88797972222221
 30
0.0
 10
194.6302281481481
 20
48.88797972222221
 30
0.0
 10
194.9654846296296
 20
48.88797972222221
 30
0.0
 10
195.3007411111111
 20
48.88797972222221
 30
0.0
 10
194.7186577777778
 20
48.06247972222221
 30
0.0
 10
194.1365744444444
 20
47.23697972222221
 30
0.0
 10
193.5544911111111
 20
46.41147972222221
 30
0.0
 10
194.1540957407408
 20
45.52965287037036
 30
0.0
 10
194.7537003703704
 20
44.64782601851851
 30
0.0
 10
195.353305
 20
43.76599916666665
 30
0.0
 10
195.0005272222222
 20
43.76599916666665
 30
0.0
 10
194.6477494444444
 20
43.76599916666665
 30
0.0
 10
194.2949716666667
 20
43.76599916666665
 30
0.0
 10
194.0444994444445
 20
44.15040935185184
 30
0.0
 10
193.7940272222222
 20
44.53481953703703
 30
0.0
 10
193.543555
 20
44.91922972222221
 30
0.0
 10
193.3428244444444
 20
45.21556305555555
 30
0.0
 10
193.1734911111111
 20
45.50131305555555
 30
0.0
 10
192.9935744444444
 20
45.80822972222222
 30
0.0
 10
192.9864012962963
 20
45.80822972222222
 30
0.0
 10
192.9792281481481
 20
45.80822972222222
 30
0.0
 10
192.972055
 20
45.80822972222222
 30
0.0
 10
192.8030744444444
 20
45.50131305555555
 30
0.0
 10
192.6231577777778
 20
45.22614638888888
 30
0.0
 10
192.4326577777778
 20
44.91922972222221
 30
0.0
 10
192.1855957407408
 20
44.53481953703703
 30
0.0
 10
191.9385337037037
 20
44.15040935185184
 30
0.0
 10
191.6914716666667
 20
43.76599916666665
 30
0.0
 10
191.3493948148148
 20
43.76599916666665
 30
0.0
 10
191.007317962963
 20
43.76599916666665
 30
0.0
 10
190.6652411111111
 20
43.76599916666665
 30
0.0
 10
191.2719012962963
 20
44.63724268518518
 30
0.0
 10
191.8785614814815
 20
45.50848620370369
 30
0.0
 10
192.4852216666667
 20
46.37972972222221
 30
0.0
 10
191.9069012962963
 20
47.21581305555554
 30
0.0
 10
191.328580925926
 20
48.05189638888888
 30
0.0
 10
190.7502605555556
 20
48.88797972222221
 30
0.0
 10
191.0958651851852
 20
48.88797972222221
 30
0.0
 10
191.4414698148148
 20
48.88797972222221
 30
0.0
 10
191.7870744444444
 20
48.88797972222221
 30
0.0
  0
POLYLINE
  5
B4
330
1F
100
AcDbEntity
  8
DEFAULT
 62
    18
100
AcDb2dPolyline
 66
     1
 10
0.0
 20
0.0
 30
0.0
 70
     1
  0
VERTEX
  5
B5
330
B4
100
AcDbEntity
  8
DEFAULT
 62
    18
100
AcDbVertex
100
AcDb2dVertex
 10
197.9782538888889
 20
76.76380944444443
 30
0.0
  0
VERTEX
  5
B6
330
B4
100
AcDbEntity
  8
DEFAULT
 62
    18
100
AcDbVertex
100
AcDb2dVertex
 10
197.9570872222222
 20
76.76380944444443
 30
0.0
  0
VERTEX
  5
B7
330
B4
100
AcDbEntity
  8
DEFAULT
 62
    18
100
AcDbVertex
100
AcDb2dVertex
 10
196.7611705555555
 20
76.1182261111111
 30
0.0
  0
VERTEX
  5
B8
330
B4
100
AcDbEntity
  8
DEFAULT
 62
    18
100
AcDbVertex
100
AcDb2dVertex
 10
196.5812538888889
 20
76.82730944444444
 30
0.0
  0
VERTEX
  5
B9
330
B4
100
AcDbEntity
  8
DEFAULT
 62
    18
100
AcDbVertex
100
AcDb2dVertex
 10
198.0840872222222
 20
77.63164277777777
 30
0.0
  0
VERTEX
  5
BA
330
B4
100
AcDbEntity
  8
DEFAULT
 62
    18
100
AcDbVertex
100
AcDb2dVertex
 10
198.8778372222222
 20
77.63164277777777
 30
0.0
  0
VERTEX
  5
BB
330
B4
100
AcDbEntity
  8
DEFAULT
 62
    18
100
AcDbVertex
100
AcDb2dVertex
 10
198.8778372222222
 20
70.75282888888887
 30
0.0
  0
VERTEX
  5
BC
330
B4
100
AcDbEntity
  8
DEFAULT
 62
    18
100
AcDbVertex
100
AcDb2dVertex
 10
197.9782538888889
 20
70.75282888888887
 30
0.0
  0
SEQEND
  5
BD
330
B4
100
AcDbEntity
  8
DEFAULT
 62
    18
  0
SPLINE
  5
BE
330
1F
100
AcDbEntity
  8
DEFAULT
 62
    18
100
AcDbSpline
210
0.0
220
0.0
230
1.0
 70
    11
 71
     3
 72
    59
 73
    55
 74
     0
 42
0.000000001
 43
0.0000000001
 40
0.0
 40
0.0
 40
0.0
 40
0.0
 40
3.744235569512184
 40
3.744235569512184
 40
3.744235569512184
 40
4.744235569512185
 40
4.744235569512185
 40
4.744235569512185
 40
4.834235569512217
 40
4.834235569512217
 40
4.834235569512217
 40
5.834235569512217
 40
5.834235569512217
 40
5.834235569512217
 40
9.536896774645673
 40
9.536896774645673
 40
9.536896774645673
 40
12.38789677464567
 40
12.38789677464567
 40
12.38789677464567
 40
20.97759409178093
 40
20.97759409178093
 40
20.97759409178093
 40
30.0467616941577
 40
30.0467616941577
 40
30.0467616941577
 40
33.0467616941577
 40
33.0467616941577
 40
33.0467616941577
 40
36.95013728459223
 40
36.95013728459223
 40
36.95013728459223
 40
37.95013728459223
 40
37.95013728459223
 40
37.95013728459223
 40
38.01113728459215
 40
38.01113728459215
 40
38.01113728459215
 40
39.01113728459215
 40
39.01113728459215
 40
39.01113728459215
 40
42.89876406709071
 40
42.89876406709071
 40
42.89876406709071
 40
45.8077640670907
 40
45.8077640670907
 40
45.8077640670907
 40
54.83679397068499
 40
54.83679397068499
 40
54.83679397068499
 40
63.48195585465224
 40
63.48195585465224
 40
63.48195585465224
 40
66.4209558546522
 40
66.4209558546522
 40
66.4209558546522
 40
66.4209558546522
 10
191.7870744444444
 20
75.87498583333334
 30
0.0
 10
192.0304911111111
 20
75.50809694444446
 30
0.0
 10
192.2739077777778
 20
75.14120805555557
 30
0.0
 10
192.5173244444445
 20
74.77431916666667
 30
0.0
 10
192.7074716666667
 20
74.48856916666665
 30
0.0
 10
192.8665744444444
 20
74.22398583333333
 30
0.0
 10
193.0359077777778
 20
73.93823583333332
 30
0.0
 10
193.0464911111111
 20
73.93823583333332
 30
0.0
 10
193.0570744444444
 20
73.93823583333332
 30
0.0
 10
193.0676577777778
 20
73.93823583333332
 30
0.0
 10
193.2366383333333
 20
74.24515249999999
 30
0.0
 10
193.4063244444445
 20
74.50973583333332
 30
0.0
 10
193.575305
 20
74.78490249999999
 30
0.0
 10
193.8151938888889
 20
75.14826361111109
 30
0.0
 10
194.0550827777778
 20
75.51162472222221
 30
0.0
 10
194.2949716666667
 20
75.87498583333333
 30
0.0
 10
194.6302281481481
 20
75.87498583333333
 30
0.0
 10
194.9654846296296
 20
75.87498583333333
 30
0.0
 10
195.3007411111111
 20
75.87498583333333
 30
0.0
 10
194.7186577777778
 20
75.04948583333332
 30
0.0
 10
194.1365744444444
 20
74.22398583333332
 30
0.0
 10
193.5544911111111
 20
73.39848583333332
 30
0.0
 10
194.1540957407408
 20
72.51654138888888
 30
0.0
 10
194.7537003703704
 20
71.63459694444443
 30
0.0
 10
195.353305
 20
70.75265249999998
 30
0.0
 10
195.0005272222222
 20
70.75265249999998
 30
0.0
 10
194.6477494444444
 20
70.75265249999998
 30
0.0
 10
194.2949716666667
 20
70.75265249999998
 30
0.0
 10
194.0444994444445
 20
71.13729787037036
 30
0.0
 10
193.7940272222222
 20
71.52194324074073
 30
0.0
 10
193.543555
 20
71.9065886111111
 30
0.0
 10
193.3428244444444
 20
72.20256916666666
 30
0.0
 10
193.1734911111111
 20
72.48831916666666
 30
0.0
 10
192.9935744444444
 20
72.79523583333334
 30
0.0
 10
192.9864012962963
 20
72.79523583333334
 30
0.0
 10
192.9792281481481
 20
72.79523583333334
 30
0.0
 10
192.972055
 20
72.79523583333334
 30
0.0
 10
192.8030744444444
 20
72.48831916666666
 30
0.0
 10
192.6231577777778
 20
72.21315249999999
 30
0.0
 10
192.4326577777778
 20
71.9065886111111
 30
0.0
 10
192.1855957407408
 20
71.52194324074073
 30
0.0
 10
191.9385337037037
 20
71.13729787037036
 30
0.0
 10
191.6914716666667
 20
70.75265249999998
 30
0.0
 10
191.3493948148148
 20
70.75265249999998
 30
0.0
 10
191.007317962963
 20
70.75265249999998
 30
0.0
 10
190.6652411111111
 20
70.75265249999998
 30
0.0
 10
191.2719012962963
 20
71.6240136111111
 30
0.0
 10
191.8785614814815
 20
72.49537472222221
 30
0.0
 10
192.4852216666667
 20
73.36673583333332
 30
0.0
 10
191.9069012962963
 20
74.20281916666666
 30
0.0
 10
191.328580925926
 20
75.03890249999999
 30
0.0
 10
190.7502605555556
 20
75.87498583333333
 30
0.0
 10
191.0958651851852
 20
75.87498583333333
 30
0.0
 10
191.4414698148148
 20
75.87498583333334
 30
0.0
 10
191.7870744444444
 20
75.87498583333334
 30
0.0
  0
POLYLINE
  5
BF
330
1F
100
AcDbEntity
  8
DEFAULT
 62
    18
100
AcDb2dPolyline
 66
     1
 10
0.0
 20
0.0
 30
0.0
 70
     1
  0
VERTEX
  5
C0
330
BF
100
AcDbEntity
  8
DEFAULT
 62
    18
100
AcDbVertex
100
AcDb2dVertex
 10
197.9782538888889
 20
125.8896672222222
 30
0.0
  0
VERTEX
  5
C1
330
BF
100
AcDbEntity
  8
DEFAULT
 62
    18
100
AcDbVertex
100
AcDb2dVertex
 10
197.9570872222222
 20
125.8896672222222
 30
0.0
  0
VERTEX
  5
C2
330
BF
100
AcDbEntity
  8
DEFAULT
 62
    18
100
AcDbVertex
100
AcDb2dVertex
 10
196.7611705555555
 20
125.2440838888889
 30
0.0
  0
VERTEX
  5
C3
330
BF
100
AcDbEntity
  8
DEFAULT
 62
    18
100
AcDbVertex
100
AcDb2dVertex
 10
196.5812538888889
 20
125.9531672222222
 30
0.0
  0
VERTEX
  5
C4
330
BF
100
AcDbEntity
  8
DEFAULT
 62
    18
100
AcDbVertex
100
AcDb2dVertex
 10
198.0840872222222
 20
126.7575005555555
 30
0.0
  0
VERTEX
  5
C5
330
BF
100
AcDbEntity
  8
DEFAULT
 62
    18
100
AcDbVertex
100
AcDb2dVertex
 10
198.8778372222222
 20
126.7575005555555
 30
0.0
  0
VERTEX
  5
C6
330
BF
100
AcDbEntity
  8
DEFAULT
 62
    18
100
AcDbVertex
100
AcDb2dVertex
 10
198.8778372222222
 20
119.8786866666667
 30
0.0
  0
VERTEX
  5
C7
330
BF
100
AcDbEntity
  8
DEFAULT
 62
    18
100
AcDbVertex
100
AcDb2dVertex
 10
197.9782538888889
 20
119.8786866666667
 30
0.0
  0
SEQEND
  5
C8
330
BF
100
AcDbEntity
  8
DEFAULT
 62
    18
  0
SPLINE
  5
C9
330
1F
100
AcDbEntity
  8
DEFAULT
 62
    18
100
AcDbSpline
210
0.0
220
0.0
230
1.0
 70
    11
 71
     3
 72
    59
 73
    55
 74
     0
 42
0.000000001
 43
0.0000000001
 40
2.938999999999965
 40
2.938999999999965
 40
2.938999999999965
 40
2.938999999999965
 40
6.683235569512196
 40
6.683235569512196
 40
6.683235569512196
 40
7.683235569512196
 40
7.683235569512196
 40
7.683235569512196
 40
7.773235569512228
 40
7.773235569512228
 40
7.773235569512228
 40
8.773235569512227
 40
8.773235569512227
 40
8.773235569512227
 40
12.47589677464566
 40
12.47589677464566
 40
12.47589677464566
 40
15.32689677464566
 40
15.32689677464566
 40
15.32689677464566
 40
23.91659409178089
 40
23.91659409178089
 40
23.91659409178089
 40
32.98576169415766
 40
32.98576169415766
 40
32.98576169415766
 40
35.98576169415766
 40
35.98576169415766
 40
35.98576169415766
 40
39.88829933010685
 40
39.88829933010685
 40
39.88829933010685
 40
40.88829933010685
 40
40.88829933010685
 40
40.88829933010685
 40
40.94929933010677
 40
40.94929933010677
 40
40.94929933010677
 40
41.94929933010677
 40
41.94929933010677
 40
41.94929933010677
 40
45.83608476282619
 40
45.83608476282619
 40
45.83608476282619
 40
48.74508476282618
 40
48.74508476282618
 40
48.74508476282618
 40
57.77411466642045
 40
57.77411466642045
 40
57.77411466642045
 40
66.4192765503877
 40
66.4192765503877
 40
66.4192765503877
 40
69.35827655038767
 40
69.35827655038767
 40
69.35827655038767
 40
69.35827655038767
 10
191.7870744444444
 20
125.0008436111111
 30
0.0
 10
192.0304911111111
 20
124.6339547222222
 30
0.0
 10
192.2739077777778
 20
124.2670658333333
 30
0.0
 10
192.5173244444445
 20
123.9001769444444
 30
0.0
 10
192.7074716666667
 20
123.6144269444444
 30
0.0
 10
192.8665744444444
 20
123.3498436111111
 30
0.0
 10
193.0359077777778
 20
123.0640936111111
 30
0.0
 10
193.0464911111111
 20
123.0640936111111
 30
0.0
 10
193.0570744444444
 20
123.0640936111111
 30
0.0
 10
193.0676577777778
 20
123.0640936111111
 30
0.0
 10
193.2366383333333
 20
123.3710102777778
 30
0.0
 10
193.4063244444445
 20
123.6355936111111
 30
0.0
 10
193.575305
 20
123.9107602777778
 30
0.0
 10
193.8151938888889
 20
124.2741213888889
 30
0.0
 10
194.0550827777778
 20
124.6374825
 30
0.0
 10
194.2949716666667
 20
125.0008436111111
 30
0.0
 10
194.6302281481481
 20
125.0008436111111
 30
0.0
 10
194.9654846296296
 20
125.0008436111111
 30
0.0
 10
195.3007411111111
 20
125.0008436111111
 30
0.0
 10
194.7186577777778
 20
124.1753436111111
 30
0.0
 10
194.1365744444444
 20
123.3498436111111
 30
0.0
 10
193.5544911111111
 20
122.5243436111111
 30
0.0
 10
194.1540957407408
 20
121.6423991666667
 30
0.0
 10
194.7537003703704
 20
120.7604547222222
 30
0.0
 10
195.353305
 20
119.8785102777778
 30
0.0
 10
195.0005272222222
 20
119.8785102777778
 30
0.0
 10
194.6477494444444
 20
119.8785102777778
 30
0.0
 10
194.2949716666667
 20
119.8785102777778
 30
0.0
 10
194.0444994444445
 20
120.2630380555556
 30
0.0
 10
193.7940272222222
 20
120.6475658333333
 30
0.0
 10
193.543555
 20
121.0320936111111
 30
0.0
 10
193.3428244444444
 20
121.3284269444444
 30
0.0
 10
193.1734911111111
 20
121.6141769444444
 30
0.0
 10
192.9935744444444
 20
121.9210936111111
 30
0.0
 10
192.9864012962963
 20
121.9210936111111
 30
0.0
 10
192.9792281481481
 20
121.9210936111111
 30
0.0
 10
192.972055
 20
121.9210936111111
 30
0.0
 10
192.8030744444444
 20
121.6141769444444
 30
0.0
 10
192.6231577777778
 20
121.3390102777778
 30
0.0
 10
192.4326577777778
 20
121.0320936111111
 30
0.0
 10
192.1855957407408
 20
120.6475658333333
 30
0.0
 10
191.9385337037037
 20
120.2630380555556
 30
0.0
 10
191.6914716666667
 20
119.8785102777778
 30
0.0
 10
191.3493948148148
 20
119.8785102777778
 30
0.0
 10
191.007317962963
 20
119.8785102777778
 30
0.0
 10
190.6652411111111
 20
119.8785102777778
 30
0.0
 10
191.2719012962963
 20
120.7498713888889
 30
0.0
 10
191.8785614814815
 20
121.6212325
 30
0.0
 10
192.4852216666667
 20
122.4925936111111
 30
0.0
 10
191.9069012962963
 20
123.3286769444444
 30
0.0
 10
191.328580925926
 20
124.1647602777778
 30
0.0
 10
190.7502605555556
 20
125.0008436111111
 30
0.0
 10
191.0958651851852
 20
125.0008436111111
 30
0.0
 10
191.4414698148148
 20
125.0008436111111
 30
0.0
 10
191.7870744444444
 20
125.0008436111111
 30
0.0
  0
POLYLINE
  5
CA
330
1F
100
AcDbEntity
  8
DEFAULT
 62
    18
100
AcDb2dPolyline
 66
     1
 10
0.0
 20
0.0
 30
0.0
 70
     1
  0
VERTEX
  5
CB
330
CA
100
AcDbEntity
  8
DEFAULT
 62
    18
100
AcDbVertex
100
AcDb2dVertex
 10
97.66554
 20
153.6173302777778
 30
0.0
  0
VERTEX
  5
CC
330
CA
100
AcDbEntity
  8
DEFAULT
 62
    18
100
AcDbVertex
100
AcDb2dVertex
 10
97.64402055555556
 20
153.6173302777778
 30
0.0
  0
VERTEX
  5
CD
330
CA
100
AcDbEntity
  8
DEFAULT
 62
    18
100
AcDbVertex
100
AcDb2dVertex
 10
96.44845666666666
 20
152.9720997222222
 30
0.0
  0
VERTEX
  5
CE
330
CA
100
AcDbEntity
  8
DEFAULT
 62
    18
100
AcDbVertex
100
AcDb2dVertex
 10
96.26853999999999
 20
153.6808302777778
 30
0.0
  0
VERTEX
  5
CF
330
CA
100
AcDbEntity
  8
DEFAULT
 62
    18
100
AcDbVertex
100
AcDb2dVertex
 10
97.77137333333333
 20
154.4851636111111
 30
0.0
  0
VERTEX
  5
D0
330
CA
100
AcDbEntity
  8
DEFAULT
 62
    18
100
AcDbVertex
100
AcDb2dVertex
 10
98.56512333333332
 20
154.4851636111111
 30
0.0
  0
VERTEX
  5
D1
330
CA
100
AcDbEntity
  8
DEFAULT
 62
    18
100
AcDbVertex
100
AcDb2dVertex
 10
98.56512333333332
 20
147.6063497222222
 30
0.0
  0
VERTEX
  5
D2
330
CA
100
AcDbEntity
  8
DEFAULT
 62
    18
100
AcDbVertex
100
AcDb2dVertex
 10
97.66554
 20
147.6063497222222
 30
0.0
  0
SEQEND
  5
D3
330
CA
100
AcDbEntity
  8
DEFAULT
 62
    18
  0
SPLINE
  5
D4
330
1F
100
AcDbEntity
  8
DEFAULT
 62
    18
100
AcDbSpline
210
0.0
220
0.0
230
1.0
 70
    11
 71
     3
 72
    59
 73
    55
 74
     0
 42
0.000000001
 43
0.0000000001
 40
2.939999999999998
 40
2.939999999999998
 40
2.939999999999998
 40
2.939999999999998
 40
6.68423556951215
 40
6.68423556951215
 40
6.68423556951215
 40
7.68423556951215
 40
7.68423556951215
 40
7.68423556951215
 40
7.774235569512125
 40
7.774235569512125
 40
7.774235569512125
 40
8.774235569512125
 40
8.774235569512125
 40
8.774235569512125
 40
12.47689677464549
 40
12.47689677464549
 40
12.47689677464549
 40
15.32789677464549
 40
15.32789677464549
 40
15.32789677464549
 40
23.91759409178069
 40
23.91759409178069
 40
23.91759409178069
 40
32.98676169415744
 40
32.98676169415744
 40
32.98676169415744
 40
35.98676169415744
 40
35.98676169415744
 40
35.98676169415744
 40
39.89013728459192
 40
39.89013728459192
 40
39.89013728459192
 40
40.89013728459192
 40
40.89013728459192
 40
40.89013728459192
 40
40.95113728459195
 40
40.95113728459195
 40
40.95113728459195
 40
41.95113728459195
 40
41.95113728459195
 40
41.95113728459195
 40
45.83876406709046
 40
45.83876406709046
 40
45.83876406709046
 40
48.74776406709045
 40
48.74776406709045
 40
48.74776406709045
 40
57.77679397068471
 40
57.77679397068471
 40
57.77679397068471
 40
66.42252476686383
 40
66.42252476686383
 40
66.42252476686383
 40
69.36252476686383
 40
69.36252476686383
 40
69.36252476686383
 40
69.36252476686383
 10
91.47436055555553
 20
152.7285066666666
 30
0.0
 10
91.71777722222221
 20
152.3616177777778
 30
0.0
 10
91.96119388888887
 20
151.9947288888889
 30
0.0
 10
92.20461055555553
 20
151.62784
 30
0.0
 10
92.39475777777776
 20
151.34209
 30
0.0
 10
92.55386055555554
 20
151.0775066666666
 30
0.0
 10
92.72319388888889
 20
150.7917566666667
 30
0.0
 10
92.73377722222222
 20
150.7917566666667
 30
0.0
 10
92.74436055555555
 20
150.7917566666667
 30
0.0
 10
92.75494388888887
 20
150.7917566666667
 30
0.0
 10
92.92392444444442
 20
151.0986733333333
 30
0.0
 10
93.09361055555553
 20
151.3632566666666
 30
0.0
 10
93.2625911111111
 20
151.6384233333333
 30
0.0
 10
93.50247999999999
 20
152.0017844444444
 30
0.0
 10
93.74236888888889
 20
152.3651455555555
 30
0.0
 10
93.98225777777776
 20
152.7285066666666
 30
0.0
 10
94.31751425925923
 20
152.7285066666666
 30
0.0
 10
94.65277074074072
 20
152.7285066666666
 30
0.0
 10
94.9880272222222
 20
152.7285066666666
 30
0.0
 10
94.40594388888887
 20
151.9030066666666
 30
0.0
 10
93.82386055555554
 20
151.0775066666667
 30
0.0
 10
93.24177722222221
 20
150.2520066666667
 30
0.0
 10
93.84138185185184
 20
149.3700622222222
 30
0.0
 10
94.44098648148145
 20
148.4881177777778
 30
0.0
 10
95.04059111111108
 20
147.6061733333333
 30
0.0
 10
94.68781333333332
 20
147.6061733333333
 30
0.0
 10
94.33503555555554
 20
147.6061733333333
 30
0.0
 10
93.98225777777776
 20
147.6061733333333
 30
0.0
 10
93.73178555555553
 20
147.9908187037037
 30
0.0
 10
93.48131333333332
 20
148.3754640740741
 30
0.0
 10
93.23084111111109
 20
148.7601094444444
 30
0.0
 10
93.03011055555555
 20
149.05609
 30
0.0
 10
92.86077722222221
 20
149.34184
 30
0.0
 10
92.68086055555554
 20
149.6487566666667
 30
0.0
 10
92.6736874074074
 20
149.6487566666667
 30
0.0
 10
92.66651425925924
 20
149.6487566666667
 30
0.0
 10
92.65934111111109
 20
149.6487566666667
 30
0.0
 10
92.49036055555554
 20
149.34184
 30
0.0
 10
92.31044388888887
 20
149.0666733333333
 30
0.0
 10
92.11994388888887
 20
148.7601094444444
 30
0.0
 10
91.87288185185184
 20
148.3754640740741
 30
0.0
 10
91.6258198148148
 20
147.9908187037037
 30
0.0
 10
91.37875777777776
 20
147.6061733333333
 30
0.0
 10
91.0366809259259
 20
147.6061733333333
 30
0.0
 10
90.69460407407405
 20
147.6061733333333
 30
0.0
 10
90.35252722222221
 20
147.6061733333333
 30
0.0
 10
90.95918740740738
 20
148.4775344444444
 30
0.0
 10
91.56584759259256
 20
149.3488955555555
 30
0.0
 10
92.17250777777775
 20
150.2202566666666
 30
0.0
 10
91.5940698148148
 20
151.05634
 30
0.0
 10
91.01563185185184
 20
151.8924233333333
 30
0.0
 10
90.43719388888887
 20
152.7285066666666
 30
0.0
 10
90.78291611111109
 20
152.7285066666666
 30
0.0
 10
91.12863833333331
 20
152.7285066666666
 30
0.0
 10
91.47436055555553
 20
152.7285066666666
 30
0.0
  0
SPLINE
  5
D5
330
1F
100
AcDbEntity
  8
DEFAULT
 62
    18
100
AcDbSpline
210
0.0
220
0.0
230
1.0
 70
    11
 71
     3
 72
    47
 73
    43
 74
     0
 42
0.000000001
 43
0.0000000001
 40
12.44999999999999
 40
12.44999999999999
 40
12.44999999999999
 40
12.44999999999999
 40
14.06999999999999
 40
14.06999999999999
 40
14.06999999999999
 40
16.95530760925068
 40
16.95530760925068
 40
16.95530760925068
 40
17.95530760925068
 40
17.95530760925068
 40
17.95530760925068
 40
18.95530760925068
 40
18.95530760925068
 40
18.95530760925068
 40
19.95530760925068
 40
19.95530760925068
 40
19.95530760925068
 40
21.99618977145408
 40
21.99618977145408
 40
21.99618977145408
 40
22.99618977145408
 40
22.99618977145408
 40
22.99618977145408
 40
23.99618977145408
 40
23.99618977145408
 40
23.99618977145408
 40
24.99618977145408
 40
24.99618977145408
 40
24.99618977145408
 40
27.11920649300858
 40
27.11920649300858
 40
27.11920649300858
 40
27.17920649300858
 40
27.17920649300858
 40
27.17920649300858
 40
35.93920649300857
 40
35.93920649300857
 40
35.93920649300857
 40
38.12920649300857
 40
38.12920649300857
 40
38.12920649300857
 40
50.57920649300856
 40
50.57920649300856
 40
50.57920649300856
 40
50.57920649300856
 10
95.64394694444442
 20
177.1507830555555
 30
0.0
 10
95.64394694444441
 20
177.3412830555556
 30
0.0
 10
95.64394694444441
 20
177.5317830555556
 30
0.0
 10
95.64394694444441
 20
177.7222830555556
 30
0.0
 10
95.8873636111111
 20
177.9586441666667
 30
0.0
 10
96.13078027777776
 20
178.1950052777778
 30
0.0
 10
96.37419694444442
 20
178.4313663888889
 30
0.0
 10
98.13103027777777
 20
180.1035330555555
 30
0.0
 10
98.92478027777777
 20
180.9925330555556
 30
0.0
 10
98.93536361111109
 20
182.0296997222222
 30
0.0
 10
98.93536361111109
 20
182.7281997222222
 30
0.0
 10
98.59669694444443
 20
183.3734302777777
 30
0.0
 10
97.57011361111108
 20
183.3734302777777
 30
0.0
 10
96.94569694444442
 20
183.3734302777777
 30
0.0
 10
96.42746638888887
 20
183.0559302777777
 30
0.0
 10
96.10961361111109
 20
182.7913469444444
 30
0.0
 10
96.01083583333332
 20
183.0100691666667
 30
0.0
 10
95.91205805555553
 20
183.2287913888889
 30
0.0
 10
95.81328027777776
 20
183.4475136111111
 30
0.0
 10
96.28953027777776
 20
183.8496802777777
 30
0.0
 10
96.9668636111111
 20
184.1460136111111
 30
0.0
 10
97.7606136111111
 20
184.1460136111111
 30
0.0
 10
99.24228027777775
 20
184.1460136111111
 30
0.0
 10
99.86669694444444
 20
183.1300136111111
 30
0.0
 10
99.86669694444444
 20
182.1457636111111
 30
0.0
 10
99.86669694444444
 20
180.8761163888889
 30
0.0
 10
98.94594694444443
 20
179.8495330555555
 30
0.0
 10
97.49603027777776
 20
178.4525330555555
 30
0.0
 10
97.31258583333333
 20
178.2831997222222
 30
0.0
 10
97.12914138888887
 20
178.1138663888889
 30
0.0
 10
96.94569694444442
 20
177.9445330555555
 30
0.0
 10
96.94569694444442
 20
177.9374775
 30
0.0
 10
96.94569694444442
 20
177.9304219444444
 30
0.0
 10
96.94569694444442
 20
177.9233663888889
 30
0.0
 10
97.97580805555553
 20
177.9233663888889
 30
0.0
 10
99.00591916666663
 20
177.9233663888889
 30
0.0
 10
100.0360302777778
 20
177.9233663888889
 30
0.0
 10
100.0360302777778
 20
177.6658386111111
 30
0.0
 10
100.0360302777778
 20
177.4083108333333
 30
0.0
 10
100.0360302777778
 20
177.1507830555555
 30
0.0
 10
98.57200249999998
 20
177.1507830555555
 30
0.0
 10
97.10797472222221
 20
177.1507830555555
 30
0.0
 10
95.64394694444442
 20
177.1507830555555
 30
0.0
  0
SPLINE
  5
D6
330
1F
100
AcDbEntity
  8
DEFAULT
 62
    18
100
AcDbSpline
210
0.0
220
0.0
230
1.0
 70
    11
 71
     3
 72
    59
 73
    55
 74
     0
 42
0.000000001
 43
0.0000000001
 40
2.939999999999998
 40
2.939999999999998
 40
2.939999999999998
 40
2.939999999999998
 40
6.684235569512246
 40
6.684235569512246
 40
6.684235569512246
 40
7.684235569512246
 40
7.684235569512246
 40
7.684235569512246
 40
7.774235569512221
 40
7.774235569512221
 40
7.774235569512221
 40
8.774235569512221
 40
8.774235569512221
 40
8.774235569512221
 40
12.47689677464564
 40
12.47689677464564
 40
12.47689677464564
 40
15.32789677464564
 40
15.32789677464564
 40
15.32789677464564
 40
23.91759409178083
 40
23.91759409178083
 40
23.91759409178083
 40
32.98676169415758
 40
32.98676169415758
 40
32.98676169415758
 40
35.98676169415758
 40
35.98676169415758
 40
35.98676169415758
 40
39.88929933010677
 40
39.88929933010677
 40
39.88929933010677
 40
40.88929933010677
 40
40.88929933010677
 40
40.88929933010677
 40
40.9502993301068
 40
40.9502993301068
 40
40.9502993301068
 40
41.9502993301068
 40
41.9502993301068
 40
41.9502993301068
 40
45.83708476282622
 40
45.83708476282622
 40
45.83708476282622
 40
48.74608476282621
 40
48.74608476282621
 40
48.74608476282621
 40
57.77511466642048
 40
57.77511466642048
 40
57.77511466642048
 40
66.4208454625996
 40
66.4208454625996
 40
66.4208454625996
 40
69.3608454625996
 40
69.3608454625996
 40
69.3608454625996
 40
69.3608454625996
 10
91.47436055555553
 20
182.2729752777778
 30
0.0
 10
91.71777722222221
 20
181.9060863888889
 30
0.0
 10
91.96119388888887
 20
181.5391975
 30
0.0
 10
92.20461055555553
 20
181.172308611111
 30
0.0
 10
92.39475777777776
 20
180.8865586111111
 30
0.0
 10
92.55386055555554
 20
180.6219752777778
 30
0.0
 10
92.72319388888889
 20
180.3362252777778
 30
0.0
 10
92.73377722222222
 20
180.3362252777778
 30
0.0
 10
92.74436055555555
 20
180.3362252777778
 30
0.0
 10
92.75494388888887
 20
180.3362252777778
 30
0.0
 10
92.92392444444442
 20
180.6431419444444
 30
0.0
 10
93.09361055555553
 20
180.9077252777778
 30
0.0
 10
93.2625911111111
 20
181.1828919444444
 30
0.0
 10
93.50247999999999
 20
181.5462530555556
 30
0.0
 10
93.74236888888889
 20
181.9096141666666
 30
0.0
 10
93.98225777777776
 20
182.2729752777778
 30
0.0
 10
94.31751425925923
 20
182.2729752777778
 30
0.0
 10
94.65277074074072
 20
182.2729752777778
 30
0.0
 10
94.9880272222222
 20
182.2729752777778
 30
0.0
 10
94.40594388888887
 20
181.4474752777778
 30
0.0
 10
93.82386055555554
 20
180.6219752777778
 30
0.0
 10
93.24177722222221
 20
179.7964752777778
 30
0.0
 10
93.84138185185184
 20
178.9145308333333
 30
0.0
 10
94.44098648148145
 20
178.0325863888889
 30
0.0
 10
95.04059111111108
 20
177.1506419444444
 30
0.0
 10
94.68781333333332
 20
177.1506419444444
 30
0.0
 10
94.33503555555554
 20
177.1506419444444
 30
0.0
 10
93.98225777777776
 20
177.1506419444444
 30
0.0
 10
93.73178555555553
 20
177.5351697222222
 30
0.0
 10
93.48131333333332
 20
177.9196975
 30
0.0
 10
93.23084111111109
 20
178.3042252777778
 30
0.0
 10
93.03011055555555
 20
178.6005586111111
 30
0.0
 10
92.86077722222221
 20
178.8863086111111
 30
0.0
 10
92.68086055555554
 20
179.1932252777778
 30
0.0
 10
92.6736874074074
 20
179.1932252777778
 30
0.0
 10
92.66651425925924
 20
179.1932252777778
 30
0.0
 10
92.65934111111109
 20
179.1932252777778
 30
0.0
 10
92.49036055555554
 20
178.8863086111111
 30
0.0
 10
92.31044388888887
 20
178.6111419444444
 30
0.0
 10
92.11994388888887
 20
178.3042252777778
 30
0.0
 10
91.87288185185184
 20
177.9196975
 30
0.0
 10
91.6258198148148
 20
177.5351697222222
 30
0.0
 10
91.37875777777776
 20
177.1506419444444
 30
0.0
 10
91.0366809259259
 20
177.1506419444444
 30
0.0
 10
90.69460407407405
 20
177.1506419444444
 30
0.0
 10
90.35252722222221
 20
177.1506419444444
 30
0.0
 10
90.95918740740738
 20
178.0220030555555
 30
0.0
 10
91.56584759259256
 20
178.8933641666666
 30
0.0
 10
92.17250777777775
 20
179.7647252777778
 30
0.0
 10
91.5940698148148
 20
180.6008086111111
 30
0.0
 10
91.01563185185184
 20
181.4368919444445
 30
0.0
 10
90.43719388888887
 20
182.2729752777778
 30
0.0
 10
90.78291611111109
 20
182.2729752777778
 30
0.0
 10
91.12863833333331
 20
182.2729752777778
 30
0.0
 10
91.47436055555553
 20
182.2729752777778
 30
0.0
  0
SPLINE
  5
D7
330
1F
100
AcDbEntity
  8
DEFAULT
 62
     1
100
AcDbSpline
210
0.0
220
0.0
230
1.0
 70
    11
 71
     3
 72
   146
 73
   142
 74
     0
 42
0.000000001
 43
0.0000000001
 40
1.0
 40
1.0
 40
1.0
 40
1.0
 40
2.0
 40
2.0
 40
2.0
 40
3.0
 40
3.0
 40
3.0
 40
4.0
 40
4.0
 40
4.0
 40
5.0
 40
5.0
 40
5.0
 40
6.0
 40
6.0
 40
6.0
 40
7.0
 40
7.0
 40
7.0
 40
8.0
 40
8.0
 40
8.0
 40
9.0
 40
9.0
 40
9.0
 40
10.0
 40
10.0
 40
10.0
 40
11.0
 40
11.0
 40
11.0
 40
12.0
 40
12.0
 40
12.0
 40
13.0
 40
13.0
 40
13.0
 40
14.0
 40
14.0
 40
14.0
 40
15.0
 40
15.0
 40
15.0
 40
16.0
 40
16.0
 40
16.0
 40
17.0
 40
17.0
 40
17.0
 40
18.0
 40
18.0
 40
18.0
 40
19.0
 40
19.0
 40
19.0
 40
20.0
 40
20.0
 40
20.0
 40
21.0
 40
21.0
 40
21.0
 40
22.0
 40
22.0
 40
22.0
 40
23.0
 40
23.0
 40
23.0
 40
24.0
 40
24.0
 40
24.0
 40
25.0
 40
25.0
 40
25.0
 40
26.0
 40
26.0
 40
26.0
 40
27.0
 40
27.0
 40
27.0
 40
28.0
 40
28.0
 40
28.0
 40
29.0
 40
29.0
 40
29.0
 40
30.0
 40
30.0
 40
30.0
 40
31.0
 40
31.0
 40
31.0
 40
32.0
 40
32.0
 40
32.0
 40
33.0
 40
33.0
 40
33.0
 40
34.0
 40
34.0
 40
34.0
 40
35.0
 40
35.0
 40
35.0
 40
36.0
 40
36.0
 40
36.0
 40
37.0
 40
37.0
 40
37.0
 40
38.0
 40
38.0
 40
38.0
 40
39.0
 40
39.0
 40
39.0
 40
40.0
 40
40.0
 40
40.0
 40
41.0
 40
41.0
 40
41.0
 40
42.0
 40
42.0
 40
42.0
 40
43.0
 40
43.0
 40
43.0
 40
44.0
 40
44.0
 40
44.0
 40
45.0
 40
45.0
 40
45.0
 40
46.0
 40
46.0
 40
46.0
 40
47.0
 40
47.0
 40
47.0
 40
48.0
 40
48.0
 40
48.0
 40
48.0
 10
190.5068086111111
 20
135.0361013888889
 30
0.0
 10
189.2473919444444
 20
131.0461847222222
 30
0.0
 10
183.7934475
 20
130.6440180555555
 30
0.0
 10
183.2431141666667
 20
131.0073791666667
 30
0.0
 10
183.2007808333333
 20
131.0356013888889
 30
0.0
 10
183.4406697222222
 20
132.2174069444444
 30
0.0
 10
184.2061975
 20
133.3709902777778
 30
0.0
 10
184.9717252777778
 20
134.5210458333333
 30
0.0
 10
185.4409197222222
 20
135.1384069444444
 30
0.0
 10
185.6278919444444
 20
135.4276847222222
 30
0.0
 10
185.8123947222222
 20
135.7039097222222
 30
0.0
 10
185.9972502777778
 20
135.9804875
 30
0.0
 10
186.1817530555556
 20
136.2567125
 30
0.0
 10
185.3481391666666
 20
136.8095152777778
 30
0.0
 10
184.5141725
 20
137.3619652777778
 30
0.0
 10
183.6805586111111
 20
137.9147680555556
 30
0.0
 10
183.4971141666667
 20
137.6371319444444
 30
0.0
 10
183.3136697222222
 20
137.3598486111111
 30
0.0
 10
183.1302252777778
 20
137.0822125
 30
0.0
 10
182.9432530555555
 20
136.7999902777778
 30
0.0
 10
182.5551975
 20
136.1226569444444
 30
0.0
 10
181.7896697222222
 20
134.9726013888889
 30
0.0
 10
181.0241419444444
 20
133.8190180555555
 30
0.0
 10
180.0363641666667
 20
133.1346291666667
 30
0.0
 10
179.9869752777778
 20
133.1663791666666
 30
0.0
 10
174.0356141666667
 20
131.9598791666666
 30
0.0
 10
175.1821419444445
 20
128.9506847222222
 30
0.0
 10
172.2470308333333
 20
129.9419902777778
 30
0.0
 10
172.2011697222222
 20
129.9702125
 30
0.0
 10
172.4445863888889
 20
131.1520180555555
 30
0.0
 10
173.2101141666667
 20
132.3056013888889
 30
0.0
 10
173.9756419444444
 20
133.4556569444444
 30
0.0
 10
174.4448363888889
 20
134.0765458333333
 30
0.0
 10
174.6318086111111
 20
134.3622958333333
 30
0.0
 10
174.8163113888889
 20
134.6399319444444
 30
0.0
 10
175.0011669444445
 20
134.9172152777778
 30
0.0
 10
175.1856697222222
 20
135.1948513888889
 30
0.0
 10
174.3520558333333
 20
135.7476541666666
 30
0.0
 10
173.5180891666667
 20
136.3001041666667
 30
0.0
 10
172.6844752777778
 20
136.8529069444444
 30
0.0
 10
172.5010308333333
 20
136.5752708333333
 30
0.0
 10
172.3175863888889
 20
136.2979875
 30
0.0
 10
172.1341419444445
 20
136.0203513888889
 30
0.0
 10
171.9436419444444
 20
135.7346013888889
 30
0.0
 10
171.5555863888889
 20
135.0607958333333
 30
0.0
 10
170.7935863888889
 20
133.9072125
 30
0.0
 10
170.0280586111111
 20
132.7571569444444
 30
0.0
 10
169.0402808333333
 20
132.0692402777777
 30
0.0
 10
168.9908919444444
 20
132.1009902777778
 30
0.0
 10
165.5089752777778
 20
134.4116847222222
 30
0.0
 10
159.1201697222222
 20
134.2458791666666
 30
0.0
 10
154.8303919444444
 20
138.0911569444444
 30
0.0
 10
150.9639475
 20
142.1057680555556
 30
0.0
 10
148.4521697222222
 20
146.4872680555555
 30
0.0
 10
147.8206975
 20
149.8174902777778
 30
0.0
 10
146.2649475
 20
152.3045736111111
 30
0.0
 10
144.9102808333333
 20
156.4602958333333
 30
0.0
 10
144.4798919444444
 20
160.8664902777778
 30
0.0
 10
143.9754197222222
 20
166.0241013888889
 30
0.0
 10
144.6527530555556
 20
170.8218791666666
 30
0.0
 10
146.1555863888889
 20
173.4571291666666
 30
0.0
 10
145.7992808333333
 20
176.1523513888889
 30
0.0
 10
146.1238363888889
 20
179.7612680555555
 30
0.0
 10
147.1962808333333
 20
183.5677402777778
 30
0.0
 10
148.9778086111111
 20
189.8895180555555
 30
0.0
 10
152.2515863888889
 20
194.6731847222222
 30
0.0
 10
154.9997252777778
 20
195.2834902777778
 30
0.0
 10
156.1815308333333
 20
196.8357125
 30
0.0
 10
158.1006419444444
 20
198.5219902777778
 30
0.0
 10
160.4677808333333
 20
199.9789625
 30
0.0
 10
163.4416975
 20
201.8098791666666
 30
0.0
 10
166.4191419444444
 20
202.8364625
 30
0.0
 10
168.4899475
 20
202.8964347222222
 30
0.0
 10
170.0456975
 20
204.1241013888889
 30
0.0
 10
172.2223363888889
 20
204.9531291666666
 30
0.0
 10
174.6741419444444
 20
205.1048236111111
 30
0.0
 10
178.4453363888889
 20
205.3447125
 30
0.0
 10
181.7790863888889
 20
203.9053791666666
 30
0.0
 10
183.2819197222222
 20
201.6617125
 30
0.0
 10
185.0140586111111
 20
200.6174902777777
 30
0.0
 10
185.0422808333333
 20
200.0212958333333
 30
0.0
 10
186.8167530555556
 20
198.2397680555555
 30
0.0
 10
189.3461697222222
 20
195.6997680555556
 30
0.0
 10
189.1838919444444
 20
191.1701013888889
 30
0.0
 10
188.8910863888889
 20
188.8100180555555
 30
0.0
 10
188.7923086111111
 20
188.0197958333333
 30
0.0
 10
188.3301697222222
 20
187.6846569444444
 30
0.0
 10
188.0267808333333
 20
188.3866847222222
 30
0.0
 10
188.0091419444444
 20
188.4254902777778
 30
0.0
 10
187.9915030555556
 20
188.4642958333333
 30
0.0
 10
187.9773919444445
 20
188.5101569444444
 30
0.0
 10
187.1977530555556
 20
190.5597958333333
 30
0.0
 10
186.0970863888889
 20
192.2178513888889
 30
0.0
 10
184.3402530555555
 20
192.8634347222222
 30
0.0
 10
183.5359197222222
 20
193.4067125
 30
0.0
 10
183.3912808333334
 20
194.5179625
 30
0.0
 10
182.6363363888889
 20
195.3787402777778
 30
0.0
 10
182.1847808333333
 20
194.7084625
 30
0.0
 10
181.3804475
 20
192.9974902777778
 30
0.0
 10
180.4350030555555
 20
192.8634347222222
 30
0.0
 10
179.4331141666667
 20
193.0257125
 30
0.0
 10
176.6003086111111
 20
191.7557125
 30
0.0
 10
175.4749475
 20
191.7662958333333
 30
0.0
 10
174.2896141666667
 20
191.7592402777777
 30
0.0
 10
171.5838086111111
 20
193.0327680555555
 30
0.0
 10
170.5395863888889
 20
192.8634347222222
 30
0.0
 10
169.8798919444444
 20
192.8034625
 30
0.0
 10
167.7773363888889
 20
194.3486291666667
 30
0.0
 10
167.1564475
 20
195.3258236111111
 30
0.0
 10
166.3556419444444
 20
194.6767125
 30
0.0
 10
165.4595863888889
 20
194.0417125
 30
0.0
 10
164.4894475
 20
193.4419902777778
 30
0.0
 10
162.4962530555556
 20
192.2178513888889
 30
0.0
 10
160.5030586111111
 20
191.3500180555555
 30
0.0
 10
158.7744475
 20
190.8949347222222
 30
0.0
 10
159.1730863888889
 20
188.1785458333333
 30
0.0
 10
158.8626419444444
 20
184.4849625
 30
0.0
 10
157.7619752777778
 20
180.5867680555555
 30
0.0
 10
156.7459752777778
 20
176.9919625
 30
0.0
 10
155.2501975
 20
173.8945736111111
 30
0.0
 10
153.6450586111111
 20
171.7814347222222
 30
0.0
 10
156.3508641666667
 20
166.5532680555555
 30
0.0
 10
156.7671419444445
 20
157.3457680555555
 30
0.0
 10
156.0439475
 20
152.9325180555555
 30
0.0
 10
158.7109475
 20
151.5531569444444
 30
0.0
 10
163.1453641666667
 20
147.9548236111111
 30
0.0
 10
166.2286419444444
 20
145.3125180555555
 30
0.0
 10
168.7051419444444
 20
143.4286847222222
 30
0.0
 10
172.3669752777778
 20
144.3388513888889
 30
0.0
 10
175.4749475
 20
144.3212125
 30
0.0
 10
178.2160308333333
 20
144.3247402777777
 30
0.0
 10
181.2640308333333
 20
143.6156569444444
 30
0.0
 10
183.6805586111111
 20
144.6845736111111
 30
0.0
 10
184.7600586111111
 20
145.0020736111111
 30
0.0
 10
183.7934475
 20
143.4957125
 30
0.0
 10
184.8165030555556
 20
142.9136291666667
 30
0.0
 10
188.5312530555555
 20
143.6262402777778
 30
0.0
 10
191.4981141666667
 20
142.4550180555555
 30
0.0
 10
190.2281141666667
 20
140.3277680555555
 30
0.0
 10
189.2509197222222
 20
138.6873513888889
 30
0.0
 10
190.9442530555555
 20
136.4189902777778
 30
0.0
 10
190.5068086111111
 20
135.0361013888889
 30
0.0
  0
SPLINE
  5
D8
330
1F
100
AcDbEntity
  8
DEFAULT
 62
     1
100
AcDbSpline
210
0.0
220
0.0
230
1.0
 70
    11
 71
     3
 72
   251
 73
   247
 74
     0
 42
0.000000001
 43
0.0000000001
 40
1.0
 40
1.0
 40
1.0
 40
1.0
 40
2.0
 40
2.0
 40
2.0
 40
3.0
 40
3.0
 40
3.0
 40
4.0
 40
4.0
 40
4.0
 40
15.33600000000001
 40
15.33600000000001
 40
15.33600000000001
 40
23.83600000000001
 40
23.83600000000001
 40
23.83600000000001
 40
35.17200000000003
 40
35.17200000000003
 40
35.17200000000003
 40
36.17200000000003
 40
36.17200000000003
 40
36.17200000000003
 40
37.17200000000003
 40
37.17200000000003
 40
37.17200000000003
 40
38.17200000000003
 40
38.17200000000003
 40
38.17200000000003
 40
39.17200000000003
 40
39.17200000000003
 40
39.17200000000003
 40
40.17200000000003
 40
40.17200000000003
 40
40.17200000000003
 40
41.17200000000003
 40
41.17200000000003
 40
41.17200000000003
 40
42.17200000000003
 40
42.17200000000003
 40
42.17200000000003
 40
43.17200000000003
 40
43.17200000000003
 40
43.17200000000003
 40
44.17200000000003
 40
44.17200000000003
 40
44.17200000000003
 40
45.17200000000003
 40
45.17200000000003
 40
45.17200000000003
 40
46.17200000000003
 40
46.17200000000003
 40
46.17200000000003
 40
47.17200000000003
 40
47.17200000000003
 40
47.17200000000003
 40
48.17200000000003
 40
48.17200000000003
 40
48.17200000000003
 40
49.17200000000003
 40
49.17200000000003
 40
49.17200000000003
 40
50.17200000000003
 40
50.17200000000003
 40
50.17200000000003
 40
51.17200000000003
 40
51.17200000000003
 40
51.17200000000003
 40
52.17200000000003
 40
52.17200000000003
 40
52.17200000000003
 40
53.17200000000003
 40
53.17200000000003
 40
53.17200000000003
 40
54.17200000000003
 40
54.17200000000003
 40
54.17200000000003
 40
55.17200000000003
 40
55.17200000000003
 40
55.17200000000003
 40
56.17200000000003
 40
56.17200000000003
 40
56.17200000000003
 40
57.17200000000003
 40
57.17200000000003
 40
57.17200000000003
 40
58.17200000000003
 40
58.17200000000003
 40
58.17200000000003
 40
59.17200000000003
 40
59.17200000000003
 40
59.17200000000003
 40
60.17200000000003
 40
60.17200000000003
 40
60.17200000000003
 40
61.17200000000003
 40
61.17200000000003
 40
61.17200000000003
 40
62.17200000000003
 40
62.17200000000003
 40
62.17200000000003
 40
63.17200000000003
 40
63.17200000000003
 40
63.17200000000003
 40
64.17200000000003
 40
64.17200000000003
 40
64.17200000000003
 40
65.17200000000003
 40
65.17200000000003
 40
65.17200000000003
 40
66.17200000000003
 40
66.17200000000003
 40
66.17200000000003
 40
67.17200000000003
 40
67.17200000000003
 40
67.17200000000003
 40
68.17200000000003
 40
68.17200000000003
 40
68.17200000000003
 40
69.17200000000003
 40
69.17200000000003
 40
69.17200000000003
 40
70.17200000000003
 40
70.17200000000003
 40
70.17200000000003
 40
71.17200000000003
 40
71.17200000000003
 40
71.17200000000003
 40
72.17200000000003
 40
72.17200000000003
 40
72.17200000000003
 40
73.17200000000003
 40
73.17200000000003
 40
73.17200000000003
 40
74.17200000000003
 40
74.17200000000003
 40
74.17200000000003
 40
75.17200000000003
 40
75.17200000000003
 40
75.17200000000003
 40
76.17200000000003
 40
76.17200000000003
 40
76.17200000000003
 40
77.17200000000003
 40
77.17200000000003
 40
77.17200000000003
 40
78.17200000000003
 40
78.17200000000003
 40
78.17200000000003
 40
79.17200000000003
 40
79.17200000000003
 40
79.17200000000003
 40
80.17200000000003
 40
80.17200000000003
 40
80.17200000000003
 40
81.17200000000003
 40
81.17200000000003
 40
81.17200000000003
 40
82.17200000000003
 40
82.17200000000003
 40
82.17200000000003
 40
83.17200000000003
 40
83.17200000000003
 40
83.17200000000003
 40
84.17200000000003
 40
84.17200000000003
 40
84.17200000000003
 40
85.17200000000003
 40
85.17200000000003
 40
85.17200000000003
 40
86.17200000000003
 40
86.17200000000003
 40
86.17200000000003
 40
87.17200000000003
 40
87.17200000000003
 40
87.17200000000003
 40
88.17200000000003
 40
88.17200000000003
 40
88.17200000000003
 40
89.17200000000003
 40
89.17200000000003
 40
89.17200000000003
 40
90.17200000000003
 40
90.17200000000003
 40
90.17200000000003
 40
91.17200000000003
 40
91.17200000000003
 40
91.17200000000003
 40
92.17200000000003
 40
92.17200000000003
 40
92.17200000000003
 40
93.17200000000003
 40
93.17200000000003
 40
93.17200000000003
 40
94.17200000000003
 40
94.17200000000003
 40
94.17200000000003
 40
95.17200000000003
 40
95.17200000000003
 40
95.17200000000003
 40
96.17200000000003
 40
96.17200000000003
 40
96.17200000000003
 40
97.17200000000003
 40
97.17200000000003
 40
97.17200000000003
 40
98.17200000000003
 40
98.17200000000003
 40
98.17200000000003
 40
99.17200000000003
 40
99.17200000000003
 40
99.17200000000003
 40
100.172
 40
100.172
 40
100.172
 40
101.172
 40
101.172
 40
101.172
 40
102.172
 40
102.172
 40
102.172
 40
103.172
 40
103.172
 40
103.172
 40
104.172
 40
104.172
 40
104.172
 40
105.172
 40
105.172
 40
105.172
 40
116.508
 40
116.508
 40
116.508
 40
125.008
 40
125.008
 40
125.008
 40
136.3440000000001
 40
136.3440000000001
 40
136.3440000000001
 40
137.3440000000001
 40
137.3440000000001
 40
137.3440000000001
 40
138.3440000000001
 40
138.3440000000001
 40
138.3440000000001
 40
139.3440000000001
 40
139.3440000000001
 40
139.3440000000001
 40
139.3440000000001
 10
190.7284236111111
 20
93.60400944444444
 30
0.0
 10
190.7174875
 20
92.47617888888888
 30
0.0
 10
191.9885458333333
 20
89.64549
 30
0.0
 10
191.8245041666667
 20
88.64289555555555
 30
0.0
 10
191.8245041666667
 20
88.5899788888889
 30
0.0
 10
190.7065513888889
 20
88.14089277777778
 30
0.0
 10
189.3236625
 20
88.14089277777778
 30
0.0
 10
187.9407736111111
 20
88.14089277777778
 30
0.0
 10
187.1646625
 20
88.18957611111111
 30
0.0
 10
186.8224680555556
 20
88.18957611111111
 30
0.0
 10
185.4894384259259
 20
88.1895761111111
 30
0.0
 10
184.1564087962963
 20
88.1895761111111
 30
0.0
 10
182.8233791666667
 20
88.18957611111111
 30
0.0
 10
182.8233791666667
 20
87.19003907407405
 30
0.0
 10
182.8233791666667
 20
86.190502037037
 30
0.0
 10
182.8233791666667
 20
85.19096499999999
 30
0.0
 10
184.1564087962963
 20
85.19096499999999
 30
0.0
 10
185.4894384259259
 20
85.19096499999999
 30
0.0
 10
186.8224680555556
 20
85.19096499999999
 30
0.0
 10
187.1646625
 20
85.19096499999999
 30
0.0
 10
187.9407736111111
 20
85.24000111111111
 30
0.0
 10
189.3236625
 20
85.24000111111111
 30
0.0
 10
190.7065513888889
 20
85.24000111111111
 30
0.0
 10
191.8245041666667
 20
84.79479555555555
 30
0.0
 10
191.8245041666667
 20
84.7383511111111
 30
0.0
 10
190.1840875
 20
80.27571222222221
 30
0.0
 10
182.0342152777778
 20
80.07251222222222
 30
0.0
 10
177.5433541666667
 20
78.45643722222222
 30
0.0
 10
177.5056069444445
 20
78.41868999999998
 30
0.0
 10
176.3975319444444
 20
78.89282333333333
 30
0.0
 10
175.4196319444445
 20
79.87001777777778
 30
0.0
 10
174.4427902777778
 20
80.84827055555554
 30
0.0
 10
173.9280875
 20
81.43070666666667
 30
0.0
 10
173.6860819444445
 20
81.673065
 30
0.0
 10
173.2151236111111
 20
82.1443761111111
 30
0.0
 10
172.7441652777778
 20
82.61568722222222
 30
0.0
 10
172.2732069444444
 20
83.08699833333333
 30
0.0
 10
171.5662402777778
 20
82.38038444444445
 30
0.0
 10
170.8592736111111
 20
81.67341777777777
 30
0.0
 10
170.1523069444444
 20
80.96680388888889
 30
0.0
 10
170.6232652777778
 20
80.49549277777777
 30
0.0
 10
171.0945763888889
 20
80.02418166666666
 30
0.0
 10
171.5655347222222
 20
79.55287055555556
 30
0.0
 10
171.8071875
 20
79.31051222222221
 30
0.0
 10
172.3903291666667
 20
78.796515
 30
0.0
 10
173.3685819444444
 20
77.818615
 30
0.0
 10
174.3461291666667
 20
76.84106777777778
 30
0.0
 10
174.8223791666667
 20
75.73510944444445
 30
0.0
 10
174.7825152777778
 20
75.69559833333332
 30
0.0
 10
172.9096180555556
 20
74.64079277777778
 30
0.0
 10
170.4285319444444
 20
76.67949555555555
 30
0.0
 10
168.3471430555556
 20
76.58107055555556
 30
0.0
 10
168.2966958333333
 20
76.56378444444444
 30
0.0
 10
167.5107069444445
 20
77.47677333333333
 30
0.0
 10
167.0619736111111
 20
78.78487333333332
 30
0.0
 10
166.6146513888889
 20
80.09297333333333
 30
0.0
 10
166.4086291666667
 20
80.8426261111111
 30
0.0
 10
166.2978569444444
 20
81.16718166666666
 30
0.0
 10
166.0819569444444
 20
81.79724277777777
 30
0.0
 10
165.8660569444444
 20
82.42765666666666
 30
0.0
 10
165.6501569444445
 20
83.05771777777777
 30
0.0
 10
164.7047125
 20
82.73386777777777
 30
0.0
 10
163.7589152777778
 20
82.41037055555556
 30
0.0
 10
162.8134708333333
 20
82.08652055555555
 30
0.0
 10
163.0293708333333
 20
81.45610666666666
 30
0.0
 10
163.2452708333333
 20
80.82604555555555
 30
0.0
 10
163.4611708333333
 20
80.19563166666666
 30
0.0
 10
163.5715902777778
 20
79.87142888888889
 30
0.0
 10
163.8689819444444
 20
79.15317333333333
 30
0.0
 10
164.3177152777778
 20
77.84472055555555
 30
0.0
 10
164.7653902777778
 20
76.53697333333334
 30
0.0
 10
164.7068291666667
 20
75.33470666666666
 30
0.0
 10
164.6532069444444
 20
75.316715
 30
0.0
 10
161.8839013888889
 20
74.70252888888888
 30
0.0
 10
159.3442541666667
 20
76.87705111111111
 30
0.0
 10
156.7968458333334
 20
77.76957888888889
 30
0.0
 10
156.7467513888889
 20
77.78686499999999
 30
0.0
 10
156.6860736111111
 20
78.98983722222222
 30
0.0
 10
157.1337486111111
 20
80.29829000000001
 30
0.0
 10
157.5831875
 20
81.60568444444444
 30
0.0
 10
157.8809319444445
 20
82.32394
 30
0.0
 10
157.9917041666667
 20
82.64779
 30
0.0
 10
158.2079569444444
 20
83.27820388888888
 30
0.0
 10
158.4238569444445
 20
83.90826499999999
 30
0.0
 10
158.6401097222222
 20
84.53867888888888
 30
0.0
 10
157.6946652777778
 20
84.86288166666667
 30
0.0
 10
156.7495736111111
 20
85.18743722222221
 30
0.0
 10
155.8041291666667
 20
85.51164
 30
0.0
 10
155.5878763888889
 20
84.8812261111111
 30
0.0
 10
155.3719763888889
 20
84.251165
 30
0.0
 10
155.1557236111111
 20
83.6207511111111
 30
0.0
 10
155.0442458333333
 20
83.29725388888887
 30
0.0
 10
154.8389291666667
 20
82.54795388888888
 30
0.0
 10
154.3894902777778
 20
81.23950111111111
 30
0.0
 10
153.9418152777778
 20
79.9314011111111
 30
0.0
 10
153.1575902777778
 20
79.01770666666665
 30
0.0
 10
153.1039680555556
 20
79.03640388888888
 30
0.0
 10
151.1883847222222
 20
79.98855111111111
 30
0.0
 10
148.4875180555556
 20
80.22279555555556
 30
0.0
 10
147.0344263888889
 20
81.57005388888889
 30
0.0
 10
146.9963263888889
 20
81.60744833333332
 30
0.0
 10
147.4704597222222
 20
82.71552333333332
 30
0.0
 10
148.4480069444444
 20
83.69307055555555
 30
0.0
 10
149.4266125
 20
84.67097055555556
 30
0.0
 10
150.0094013888889
 20
85.18496777777777
 30
0.0
 10
150.2521125
 20
85.42662055555554
 30
0.0
 10
150.7234236111111
 20
85.89757888888889
 30
0.0
 10
151.1943819444444
 20
86.36889
 30
0.0
 10
151.6656930555556
 20
86.83984833333332
 30
0.0
 10
150.9590791666667
 20
87.546815
 30
0.0
 10
150.2524652777778
 20
88.25378166666667
 30
0.0
 10
149.5458513888889
 20
88.96074833333333
 30
0.0
 10
149.0745402777778
 20
88.48978999999999
 30
0.0
 10
148.6032291666667
 20
88.01847888888888
 30
0.0
 10
148.1319180555556
 20
87.54752055555555
 30
0.0
 10
147.8899125
 20
87.305515
 30
0.0
 10
147.3752097222222
 20
86.7227261111111
 30
0.0
 10
146.3976625
 20
85.74517888888889
 30
0.0
 10
145.4197625
 20
84.76727888888888
 30
0.0
 10
144.3141569444444
 20
84.29173444444444
 30
0.0
 10
144.2739402777778
 20
84.3319511111111
 30
0.0
 10
142.3407180555556
 20
86.8719511111111
 30
0.0
 10
143.2868680555555
 20
90.44065111111111
 30
0.0
 10
143.2840458333333
 20
93.60400944444444
 30
0.0
 10
143.2999208333333
 20
96.71021777777777
 30
0.0
 10
142.3929291666667
 20
100.3734622222222
 30
0.0
 10
144.2760569444444
 20
102.8478455555555
 30
0.0
 10
144.3134513888889
 20
102.8855927777778
 30
0.0
 10
145.4211736111111
 20
102.4118122222222
 30
0.0
 10
146.3990736111111
 20
101.4339122222222
 30
0.0
 10
147.3766208333333
 20
100.4560122222222
 30
0.0
 10
147.8913236111111
 20
99.87322333333333
 30
0.0
 10
148.1333291666667
 20
99.630865
 30
0.0
 10
148.6042875
 20
99.15990666666667
 30
0.0
 10
149.0755986111111
 20
98.68859555555555
 30
0.0
 10
149.5465569444445
 20
98.21763722222221
 30
0.0
 10
150.2535236111111
 20
98.92425111111112
 30
0.0
 10
150.9601375
 20
99.630865
 30
0.0
 10
151.6671041666667
 20
100.3374788888889
 30
0.0
 10
151.1961458333333
 20
100.80879
 30
0.0
 10
150.7251875
 20
101.2797483333333
 30
0.0
 10
150.2542291666666
 20
101.7510594444444
 30
0.0
 10
150.0115180555555
 20
101.993065
 30
0.0
 10
149.4287291666667
 20
102.507415
 30
0.0
 10
148.4508291666667
 20
103.485315
 30
0.0
 10
147.4732819444444
 20
104.4628622222222
 30
0.0
 10
146.9970319444444
 20
105.5688205555555
 30
0.0
 10
147.0368958333333
 20
105.6086844444444
 30
0.0
 10
148.4903402777778
 20
106.9566483333333
 30
0.0
 10
151.1912069444444
 20
107.1947733333333
 30
0.0
 10
153.1064375
 20
108.1437455555556
 30
0.0
 10
153.1568847222222
 20
108.1610316666667
 30
0.0
 10
153.9432263888889
 20
107.2480427777778
 30
0.0
 10
154.3909013888889
 20
105.93959
 30
0.0
 10
154.8389291666667
 20
104.6311372222222
 30
0.0
 10
155.0442458333333
 20
103.8814844444444
 30
0.0
 10
155.1550180555556
 20
103.5572816666667
 30
0.0
 10
155.3705652777778
 20
102.9268677777778
 30
0.0
 10
155.5864652777778
 20
102.2968066666667
 30
0.0
 10
155.8020125
 20
101.6663927777778
 30
0.0
 10
156.7474569444445
 20
101.98989
 30
0.0
 10
157.6932541666667
 20
102.3133872222222
 30
0.0
 10
158.6386986111111
 20
102.6368844444444
 30
0.0
 10
158.4231513888889
 20
103.2672983333333
 30
0.0
 10
158.2072513888889
 20
103.898065
 30
0.0
 10
157.9917041666667
 20
104.5284788888889
 30
0.0
 10
157.8809319444445
 20
104.8523288888889
 30
0.0
 10
157.5838930555556
 20
105.5709372222222
 30
0.0
 10
157.1358652777778
 20
106.8786844444444
 30
0.0
 10
156.6881902777778
 20
108.1871372222222
 30
0.0
 10
156.7474569444445
 20
109.3894038888889
 30
0.0
 10
156.8010791666667
 20
109.4077483333333
 30
0.0
 10
159.3520152777778
 20
110.3009816666667
 30
0.0
 10
161.8874291666667
 20
112.4755038888889
 30
0.0
 10
164.6567347222222
 20
111.8616705555556
 30
0.0
 10
164.7061236111111
 20
111.8443844444444
 30
0.0
 10
164.7682125
 20
110.6414122222222
 30
0.0
 10
164.3198319444444
 20
109.3329594444444
 30
0.0
 10
163.8703930555556
 20
108.0252122222222
 30
0.0
 10
163.5733541666667
 20
107.3066038888889
 30
0.0
 10
163.4625819444445
 20
106.9824011111111
 30
0.0
 10
163.2463291666667
 20
106.35234
 30
0.0
 10
163.0304291666667
 20
105.7219261111111
 30
0.0
 10
162.8141763888889
 20
105.091865
 30
0.0
 10
163.7596208333333
 20
104.7676622222222
 30
0.0
 10
164.7047125
 20
104.4434594444444
 30
0.0
 10
165.6501569444445
 20
104.1192566666667
 30
0.0
 10
165.8664097222222
 20
104.7496705555556
 30
0.0
 10
166.0823097222222
 20
105.3800844444444
 30
0.0
 10
166.2985625
 20
106.0104983333333
 30
0.0
 10
166.4093347222222
 20
106.3343483333333
 30
0.0
 10
166.6153569444444
 20
107.0840011111111
 30
0.0
 10
167.0640902777778
 20
108.3917483333333
 30
0.0
 10
167.5124708333333
 20
109.6998483333333
 30
0.0
 10
168.2959902777778
 20
110.61319
 30
0.0
 10
168.3496125
 20
110.5951983333333
 30
0.0
 10
170.4313541666667
 20
110.495715
 30
0.0
 10
172.9138513888889
 20
112.5432372222222
 30
0.0
 10
174.7832208333333
 20
111.4849038888889
 30
0.0
 10
174.8202625
 20
111.4475094444444
 30
0.0
 10
174.3468347222222
 20
110.3397872222222
 30
0.0
 10
173.3692875
 20
109.3618872222222
 30
0.0
 10
172.3910347222222
 20
108.3839872222222
 30
0.0
 10
171.8085986111111
 20
107.8696372222222
 30
0.0
 10
171.5662402777778
 20
107.6269261111111
 30
0.0
 10
171.0952819444444
 20
107.1559677777778
 30
0.0
 10
170.6239708333333
 20
106.6853622222222
 30
0.0
 10
170.1530125
 20
106.2144038888889
 30
0.0
 10
170.8596263888889
 20
105.5074372222222
 30
0.0
 10
171.5665930555556
 20
104.8008233333333
 30
0.0
 10
172.2732069444444
 20
104.0938566666667
 30
0.0
 10
172.7441652777778
 20
104.5651677777778
 30
0.0
 10
173.2151236111111
 20
105.0361261111111
 30
0.0
 10
173.6860819444445
 20
105.5074372222222
 30
0.0
 10
173.9280875
 20
105.7501483333333
 30
0.0
 10
174.4427902777778
 20
106.3322316666667
 30
0.0
 10
175.4203375
 20
107.3101316666666
 30
0.0
 10
176.3982375
 20
108.2876788888889
 30
0.0
 10
177.5041958333333
 20
108.7639288888889
 30
0.0
 10
177.5440597222222
 20
108.7237122222222
 30
0.0
 10
182.0349208333333
 20
107.10799
 30
0.0
 10
190.1840875
 20
106.9054955555555
 30
0.0
 10
191.8245041666667
 20
102.4428566666667
 30
0.0
 10
191.8245041666667
 20
102.38994
 30
0.0
 10
190.7065513888889
 20
101.9412066666667
 30
0.0
 10
189.3236625
 20
101.9412066666667
 30
0.0
 10
187.9407736111111
 20
101.9412066666667
 30
0.0
 10
187.1646625
 20
101.98989
 30
0.0
 10
186.8224680555556
 20
101.98989
 30
0.0
 10
185.4894384259259
 20
101.98989
 30
0.0
 10
184.1564087962963
 20
101.98989
 30
0.0
 10
182.8233791666667
 20
101.98989
 30
0.0
 10
182.8233791666667
 20
100.990352962963
 30
0.0
 10
182.8233791666667
 20
99.99081592592592
 30
0.0
 10
182.8233791666667
 20
98.99127888888889
 30
0.0
 10
184.1564087962963
 20
98.99127888888889
 30
0.0
 10
185.4894384259259
 20
98.99127888888889
 30
0.0
 10
186.8224680555556
 20
98.99127888888889
 30
0.0
 10
187.1646625
 20
98.99127888888889
 30
0.0
 10
187.9407736111111
 20
99.03996222222221
 30
0.0
 10
189.3236625
 20
99.03996222222221
 30
0.0
 10
190.7065513888889
 20
99.03996222222221
 30
0.0
 10
191.8245041666667
 20
98.59475666666665
 30
0.0
 10
191.8245041666667
 20
98.53831222222223
 30
0.0
 10
191.9956013888889
 20
97.49479555555556
 30
0.0
 10
190.7227791666667
 20
94.78652055555554
 30
0.0
 10
190.7284236111111
 20
93.60400944444444
 30
0.0
  0
SPLINE
  5
D9
330
1F
100
AcDbEntity
  8
DEFAULT
 62
    18
100
AcDbSpline
210
0.0
220
0.0
230
1.0
 70
    11
 71
     3
 72
    17
 73
    13
 74
     0
 42
0.000000001
 43
0.0000000001
 40
0.0
 40
0.0
 40
0.0
 40
0.0
 40
1.0
 40
1.0
 40
1.0
 40
2.0
 40
2.0
 40
2.0
 40
3.0
 40
3.0
 40
3.0
 40
4.0
 40
4.0
 40
4.0
 40
4.0
 10
159.3690897222222
 20
92.74305527777778
 30
0.0
 10
158.9006008333333
 20
92.74234972222222
 30
0.0
 10
158.5203063888889
 20
93.12158583333333
 30
0.0
 10
158.5203063888889
 20
93.58972194444443
 30
0.0
 10
158.5210119444444
 20
94.05821083333333
 30
0.0
 10
158.9002480555556
 20
94.4381525
 30
0.0
 10
159.3690897222222
 20
94.4381525
 30
0.0
 10
159.8361675
 20
94.4381525
 30
0.0
 10
160.2161091666667
 20
94.05821083333333
 30
0.0
 10
160.2161091666667
 20
93.59042749999999
 30
0.0
 10
160.2161091666667
 20
93.1205275
 30
0.0
 10
159.8365202777778
 20
92.74164416666666
 30
0.0
 10
159.3690897222222
 20
92.74305527777778
 30
0.0
  0
SPLINE
  5
DA
330
1F
100
AcDbEntity
  8
DEFAULT
 62
    18
100
AcDbSpline
210
0.0
220
0.0
230
1.0
 70
    11
 71
     3
 72
    17
 73
    13
 74
     0
 42
0.000000001
 43
0.0000000001
 40
0.0
 40
0.0
 40
0.0
 40
0.0
 40
1.0
 40
1.0
 40
1.0
 40
2.0
 40
2.0
 40
2.0
 40
3.0
 40
3.0
 40
3.0
 40
4.0
 40
4.0
 40
4.0
 40
4.0
 10
159.3683841666667
 20
96.13430805555555
 30
0.0
 10
157.9639758333333
 20
96.13430805555555
 30
0.0
 10
156.8245036111111
 20
94.99554138888888
 30
0.0
 10
156.8245036111111
 20
93.58972194444443
 30
0.0
 10
156.8241508333333
 20
92.18354972222222
 30
0.0
 10
157.9629175
 20
91.04548861111111
 30
0.0
 10
159.3690897222222
 20
91.04548861111111
 30
0.0
 10
160.7727925
 20
91.04513583333333
 30
0.0
 10
161.9136758333333
 20
92.18496083333334
 30
0.0
 10
161.9129702777778
 20
93.59113305555556
 30
0.0
 10
161.9126175
 20
94.99554138888888
 30
0.0
 10
160.7731452777778
 20
96.13395527777779
 30
0.0
 10
159.3683841666667
 20
96.13430805555555
 30
0.0
  0
SPLINE
  5
DB
330
1F
100
AcDbEntity
  8
DEFAULT
 62
    18
100
AcDbSpline
210
0.0
220
0.0
230
1.0
 70
    11
 71
     3
 72
    17
 73
    13
 74
     0
 42
0.000000001
 43
0.0000000001
 40
0.0
 40
0.0
 40
0.0
 40
0.0
 40
1.0
 40
1.0
 40
1.0
 40
2.0
 40
2.0
 40
2.0
 40
3.0
 40
3.0
 40
3.0
 40
4.0
 40
4.0
 40
4.0
 40
4.0
 10
164.7548069444444
 20
92.74167944444443
 30
0.0
 10
164.2852597222222
 20
92.74167944444443
 30
0.0
 10
163.9056708333333
 20
93.12126833333332
 30
0.0
 10
163.9067291666667
 20
93.5897572222222
 30
0.0
 10
163.9063763888889
 20
94.0582461111111
 30
0.0
 10
164.2866708333333
 20
94.43677666666666
 30
0.0
 10
164.7548069444444
 20
94.43818777777777
 30
0.0
 10
165.2229430555555
 20
94.43818777777777
 30
0.0
 10
165.6018263888889
 20
94.0596572222222
 30
0.0
 10
165.6018263888889
 20
93.5897572222222
 30
0.0
 10
165.6032375
 20
93.1216211111111
 30
0.0
 10
165.2215319444444
 20
92.74167944444443
 30
0.0
 10
164.7548069444444
 20
92.74167944444443
 30
0.0
  0
SPLINE
  5
DC
330
1F
100
AcDbEntity
  8
DEFAULT
 62
    18
100
AcDbSpline
210
0.0
220
0.0
230
1.0
 70
    11
 71
     3
 72
    26
 73
    22
 74
     0
 42
0.000000001
 43
0.0000000001
 40
0.0
 40
0.0
 40
0.0
 40
0.0
 40
1.0
 40
1.0
 40
1.0
 40
2.0
 40
2.0
 40
2.0
 40
3.0
 40
3.0
 40
3.0
 40
4.0
 40
4.0
 40
4.0
 40
5.0
 40
5.0
 40
5.0
 40
6.0
 40
6.0
 40
6.0
 40
7.0
 40
7.0
 40
7.0
 40
7.0
 10
164.7537486111111
 20
96.13434333333332
 30
0.0
 10
164.4574152777778
 20
96.13399055555556
 30
0.0
 10
164.1716652777778
 20
96.08283777777777
 30
0.0
 10
163.9070819444445
 20
95.98970444444443
 30
0.0
 10
163.9067291666667
 20
96.58589888888886
 30
0.0
 10
163.9060236111111
 20
97.18174055555555
 30
0.0
 10
163.9056708333333
 20
97.77793499999999
 30
0.0
 10
163.3405208333333
 20
97.77793499999999
 30
0.0
 10
162.7757236111111
 20
97.77828777777778
 30
0.0
 10
162.2105736111111
 20
97.77828777777778
 30
0.0
 10
162.2102208333333
 20
96.38199333333333
 30
0.0
 10
162.2095152777778
 20
94.98605166666665
 30
0.0
 10
162.2091625
 20
93.5897572222222
 30
0.0
 10
162.2098680555555
 20
92.18429055555555
 30
0.0
 10
163.3496930555555
 20
91.04481833333331
 30
0.0
 10
164.7544541666666
 20
91.0451711111111
 30
0.0
 10
166.1599208333333
 20
91.0451711111111
 30
0.0
 10
167.2990402777777
 20
92.18534888888887
 30
0.0
 10
167.2990402777777
 20
93.5897572222222
 30
0.0
 10
167.2979819444444
 20
94.99557666666665
 30
0.0
 10
166.1588625
 20
96.13399055555556
 30
0.0
 10
164.7537486111111
 20
96.13434333333332
 30
0.0
  0
SPLINE
  5
DD
330
1F
100
AcDbEntity
  8
DEFAULT
 62
    18
100
AcDbSpline
210
0.0
220
0.0
230
1.0
 70
    11
 71
     3
 72
    29
 73
    25
 74
     0
 42
0.000000001
 43
0.0000000001
 40
0.0
 40
0.0
 40
0.0
 40
0.0
 40
1.0
 40
1.0
 40
1.0
 40
2.0
 40
2.0
 40
2.0
 40
3.0
 40
3.0
 40
3.0
 40
4.0
 40
4.0
 40
4.0
 40
5.0
 40
5.0
 40
5.0
 40
6.0
 40
6.0
 40
6.0
 40
7.0
 40
7.0
 40
7.0
 40
8.0
 40
8.0
 40
8.0
 40
8.0
 10
172.6843694444444
 20
93.58919277777777
 30
0.0
 10
172.685075
 20
92.1851372222222
 30
0.0
 10
171.5456027777778
 20
91.04566499999999
 30
0.0
 10
170.1404888888889
 20
91.04531222222221
 30
0.0
 10
168.7350222222222
 20
91.04460666666664
 30
0.0
 10
167.5951972222222
 20
92.18443166666664
 30
0.0
 10
167.5959027777778
 20
93.5884872222222
 30
0.0
 10
167.5973138888889
 20
94.69867888888886
 30
0.0
 10
168.303575
 20
95.63953722222222
 30
0.0
 10
169.2931166666667
 20
95.98984555555555
 30
0.0
 10
169.2927638888889
 20
95.18974555555553
 30
0.0
 10
169.2920583333333
 20
94.38999833333331
 30
0.0
 10
169.2917055555556
 20
93.58989833333332
 30
0.0
 10
169.2920583333333
 20
93.12176222222222
 30
0.0
 10
169.6712944444444
 20
92.74111499999998
 30
0.0
 10
170.1415472222222
 20
92.74111499999998
 30
0.0
 10
170.6089777777778
 20
92.74182055555555
 30
0.0
 10
170.9885666666667
 20
93.12035111111109
 30
0.0
 10
170.9878611111111
 20
93.58919277777777
 30
0.0
 10
170.9882138888889
 20
94.38964555555555
 30
0.0
 10
170.9882138888889
 20
95.19009833333332
 30
0.0
 10
170.9885666666667
 20
95.9905511111111
 30
0.0
 10
171.9774027777778
 20
95.63953722222222
 30
0.0
 10
172.685075
 20
94.69797333333331
 30
0.0
 10
172.6843694444444
 20
93.58919277777777
 30
0.0
  0
SPLINE
  5
DE
330
1F
100
AcDbEntity
  8
DEFAULT
 62
    18
100
AcDbSpline
210
0.0
220
0.0
230
1.0
 70
    11
 71
     3
 72
    17
 73
    13
 74
     0
 42
0.000000001
 43
0.0000000001
 40
0.0
 40
0.0
 40
0.0
 40
0.0
 40
1.0
 40
1.0
 40
1.0
 40
2.0
 40
2.0
 40
2.0
 40
3.0
 40
3.0
 40
3.0
 40
4.0
 40
4.0
 40
4.0
 40
4.0
 10
175.5258886111111
 20
92.74167944444443
 30
0.0
 10
175.0588108333333
 20
92.7402683333333
 30
0.0
 10
174.6785163888889
 20
93.12056277777776
 30
0.0
 10
174.6778108333333
 20
93.58905166666665
 30
0.0
 10
174.6788691666667
 20
94.0582461111111
 30
0.0
 10
175.0588108333333
 20
94.43748222222222
 30
0.0
 10
175.5265941666667
 20
94.43818777777777
 30
0.0
 10
175.9947302777778
 20
94.43748222222222
 30
0.0
 10
176.3746719444444
 20
94.0582461111111
 30
0.0
 10
176.3746719444444
 20
93.58905166666665
 30
0.0
 10
176.3746719444444
 20
93.12126833333332
 30
0.0
 10
175.9957886111111
 20
92.74167944444443
 30
0.0
 10
175.5258886111111
 20
92.74167944444443
 30
0.0
  0
SPLINE
  5
DF
330
1F
100
AcDbEntity
  8
DEFAULT
 62
    18
100
AcDbSpline
210
0.0
220
0.0
230
1.0
 70
    11
 71
     3
 72
    26
 73
    22
 74
     0
 42
0.000000001
 43
0.0000000001
 40
0.0
 40
0.0
 40
0.0
 40
0.0
 40
1.0
 40
1.0
 40
1.0
 40
2.0
 40
2.0
 40
2.0
 40
3.0
 40
3.0
 40
3.0
 40
8.073999999999984
 40
8.073999999999984
 40
8.073999999999984
 40
9.073999999999984
 40
9.073999999999984
 40
9.073999999999984
 40
10.07399999999998
 40
10.07399999999998
 40
10.07399999999998
 40
11.07399999999998
 40
11.07399999999998
 40
11.07399999999998
 40
11.07399999999998
 10
175.5265941666667
 20
96.13434333333332
 30
0.0
 10
174.1211275
 20
96.13363777777776
 30
0.0
 10
172.9820080555555
 20
94.99557666666665
 30
0.0
 10
172.9820080555555
 20
93.5897572222222
 30
0.0
 10
172.9820080555555
 20
92.183585
 30
0.0
 10
174.1214802777777
 20
91.04446555555555
 30
0.0
 10
175.5269469444444
 20
91.04446555555555
 30
0.0
 10
175.8225747222222
 20
91.0451711111111
 30
0.0
 10
176.1090302777778
 20
91.09491277777776
 30
0.0
 10
176.3746719444444
 20
91.18980999999998
 30
0.0
 10
176.3746719444444
 20
90.59314518518516
 30
0.0
 10
176.3746719444444
 20
89.99648037037036
 30
0.0
 10
176.3746719444444
 20
89.39981555555555
 30
0.0
 10
176.9398219444444
 20
89.4005211111111
 30
0.0
 10
177.5053247222222
 20
89.40122666666666
 30
0.0
 10
178.0704747222222
 20
89.40193222222221
 30
0.0
 10
178.0704747222222
 20
90.79752111111111
 30
0.0
 10
178.0708275
 20
92.19275722222221
 30
0.0
 10
178.0708275
 20
93.58834611111111
 30
0.0
 10
178.0722386111111
 20
94.9948711111111
 30
0.0
 10
176.9327663888889
 20
96.13434333333332
 30
0.0
 10
175.5265941666667
 20
96.13434333333332
 30
0.0
  0
SPLINE
  5
E0
330
1F
100
AcDbEntity
  8
DEFAULT
 62
     1
100
AcDbSpline
210
0.0
220
0.0
230
1.0
 70
    11
 71
     3
 72
    83
 73
    79
 74
     0
 42
0.000000001
 43
0.0000000001
 40
1.0
 40
1.0
 40
1.0
 40
1.0
 40
2.0
 40
2.0
 40
2.0
 40
3.0
 40
3.0
 40
3.0
 40
3.029999999999973
 40
3.029999999999973
 40
3.029999999999973
 40
4.029999999999973
 40
4.029999999999973
 40
4.029999999999973
 40
5.029999999999973
 40
5.029999999999973
 40
5.029999999999973
 40
6.029999999999973
 40
6.029999999999973
 40
6.029999999999973
 40
7.029999999999973
 40
7.029999999999973
 40
7.029999999999973
 40
8.029999999999973
 40
8.029999999999973
 40
8.029999999999973
 40
9.029999999999973
 40
9.029999999999973
 40
9.029999999999973
 40
10.02999999999997
 40
10.02999999999997
 40
10.02999999999997
 40
11.02999999999997
 40
11.02999999999997
 40
11.02999999999997
 40
12.02999999999997
 40
12.02999999999997
 40
12.02999999999997
 40
13.02999999999997
 40
13.02999999999997
 40
13.02999999999997
 40
14.02999999999997
 40
14.02999999999997
 40
14.02999999999997
 40
21.97438795628711
 40
21.97438795628711
 40
21.97438795628711
 40
22.97438795628711
 40
22.97438795628711
 40
22.97438795628711
 40
23.97438795628711
 40
23.97438795628711
 40
23.97438795628711
 40
24.97438795628711
 40
24.97438795628711
 40
24.97438795628711
 40
25.97438795628711
 40
25.97438795628711
 40
25.97438795628711
 40
26.97438795628711
 40
26.97438795628711
 40
26.97438795628711
 40
27.97438795628711
 40
27.97438795628711
 40
27.97438795628711
 40
28.97438795628711
 40
28.97438795628711
 40
28.97438795628711
 40
29.97438795628711
 40
29.97438795628711
 40
29.97438795628711
 40
30.97438795628711
 40
30.97438795628711
 40
30.97438795628711
 40
31.97438795628711
 40
31.97438795628711
 40
31.97438795628711
 40
32.97438795628711
 40
32.97438795628711
 40
32.97438795628711
 40
32.97438795628711
 10
12.02464222222222
 20
147.6779636111111
 30
0.0
 10
11.54839222222222
 20
147.4804080555556
 30
0.0
 10
10.78286444444444
 20
147.7696858333333
 30
0.0
 10
10.77228111111111
 20
148.5493247222222
 30
0.0
 10
10.78286444444444
 20
148.6128247222222
 30
0.0
 10
10.78639222222222
 20
148.6798525
 30
0.0
 10
10.78639222222222
 20
148.7504080555556
 30
0.0
 10
10.78639222222222
 20
148.7539358333333
 30
0.0
 10
10.78639222222222
 20
148.7574636111111
 30
0.0
 10
10.78639222222222
 20
148.7609913888889
 30
0.0
 10
10.78639222222222
 20
149.7664080555556
 30
0.0
 10
11.10742
 20
150.7083247222222
 30
0.0
 10
11.10742
 20
152.6556580555556
 30
0.0
 10
11.25911444444444
 20
155.9470747222222
 30
0.0
 10
19.24247555555555
 20
159.1361858333333
 30
0.0
 10
29.57533666666667
 20
160.2721302777778
 30
0.0
 10
36.81080888888889
 20
160.7519080555556
 30
0.0
 10
39.06153111111111
 20
160.4414636111111
 30
0.0
 10
42.10600333333333
 20
158.5611580555556
 30
0.0
 10
44.69186444444444
 20
160.7836580555555
 30
0.0
 10
48.59711444444444
 20
161.3092969444444
 30
0.0
 10
53.04917
 20
162.0007413888889
 30
0.0
 10
57.32130888888889
 20
162.6604358333333
 30
0.0
 10
61.34650333333333
 20
162.7415747222222
 30
0.0
 10
64.43330888888889
 20
161.5209636111111
 30
0.0
 10
66.37711444444443
 20
162.6463247222222
 30
0.0
 10
68.69133666666666
 20
162.7133525
 30
0.0
 10
71.20664222222221
 20
163.3307136111111
 30
0.0
 10
75.09072555555555
 20
164.2832136111111
 30
0.0
 10
76.75230888888888
 20
163.8422413888889
 30
0.0
 10
79.7967811111111
 20
163.1613802777778
 30
0.0
 10
80.35417
 20
163.4718247222222
 30
0.0
 10
80.9433088888889
 20
163.7328802777778
 30
0.0
 10
81.55361444444443
 20
163.9480747222222
 30
0.0
 10
82.19566999999999
 20
164.1738525
 30
0.0
 10
82.41792
 20
163.4859358333333
 30
0.0
 10
82.07219777777777
 20
163.0026302777778
 30
0.0
 10
79.65214222222221
 20
159.6230191666667
 30
0.0
 10
86.85939222222221
 20
159.0973802777778
 30
0.0
 10
83.28222555555556
 20
156.1904913888889
 30
0.0
 10
81.69013944444444
 20
157.4086330555556
 30
0.0
 10
80.09770055555555
 20
158.6271275
 30
0.0
 10
78.50561444444443
 20
159.8452691666667
 30
0.0
 10
77.89060518518518
 20
159.142065462963
 30
0.0
 10
77.27559592592591
 20
158.4388617592593
 30
0.0
 10
76.66058666666666
 20
157.7356580555555
 30
0.0
 10
78.07769499999999
 20
156.3174913888889
 30
0.0
 10
79.49445055555555
 20
154.8993247222222
 30
0.0
 10
80.91155888888889
 20
153.4811580555555
 30
0.0
 10
73.72194777777777
 20
150.0733247222222
 30
0.0
 10
66.91686444444444
 20
156.9066302777778
 30
0.0
 10
63.24797555555555
 20
154.2043525
 30
0.0
 10
61.65588944444444
 20
155.4224941666667
 30
0.0
 10
60.06345055555555
 20
156.6409886111111
 30
0.0
 10
58.47136444444444
 20
157.8591302777778
 30
0.0
 10
57.85647277777777
 20
157.1581608333333
 30
0.0
 10
57.24122833333333
 20
156.4575441666667
 30
0.0
 10
56.62633666666667
 20
155.7565747222222
 30
0.0
 10
58.04203388888889
 20
154.3373497222222
 30
0.0
 10
59.45808388888888
 20
152.9177719444444
 30
0.0
 10
60.87378111111111
 20
151.4985469444444
 30
0.0
 10
58.15739222222222
 20
150.2109080555556
 30
0.0
 10
54.72486444444445
 20
150.4684358333333
 30
0.0
 10
51.74741999999999
 20
151.0505191666667
 30
0.0
 10
46.98492
 20
152.0382969444445
 30
0.0
 10
42.53639222222222
 20
153.9362413888889
 30
0.0
 10
40.31036444444445
 20
152.3028802777778
 30
0.0
 10
38.71933666666666
 20
153.5199636111111
 30
0.0
 10
37.12830888888888
 20
154.7370469444444
 30
0.0
 10
35.53728111111111
 20
155.9541302777778
 30
0.0
 10
34.92097833333333
 20
155.2510441666666
 30
0.0
 10
34.30502833333333
 20
154.5476052777778
 30
0.0
 10
33.68872555555555
 20
153.8445191666667
 30
0.0
 10
35.10583388888889
 20
152.4263525
 30
0.0
 10
36.52258944444444
 20
151.0081858333333
 30
0.0
 10
37.93969777777777
 20
149.5900191666667
 30
0.0
 10
31.66025333333333
 20
145.0638802777778
 30
0.0
 10
17.56678111111111
 20
150.0380469444444
 30
0.0
 10
12.02464222222222
 20
147.6779636111111
 30
0.0
  0
SPLINE
  5
E1
330
1F
100
AcDbEntity
  8
DEFAULT
 62
     1
100
AcDbSpline
210
0.0
220
0.0
230
1.0
 70
    11
 71
     3
 72
   185
 73
   181
 74
     0
 42
0.000000001
 43
0.0000000001
 40
1.0
 40
1.0
 40
1.0
 40
1.0
 40
2.0
 40
2.0
 40
2.0
 40
3.0
 40
3.0
 40
3.0
 40
4.0
 40
4.0
 40
4.0
 40
5.0
 40
5.0
 40
5.0
 40
6.0
 40
6.0
 40
6.0
 40
7.0
 40
7.0
 40
7.0
 40
8.0
 40
8.0
 40
8.0
 40
9.0
 40
9.0
 40
9.0
 40
10.0
 40
10.0
 40
10.0
 40
32.62
 40
32.62
 40
32.62
 40
33.62
 40
33.62
 40
33.62
 40
34.62
 40
34.62
 40
34.62
 40
35.62
 40
35.62
 40
35.62
 40
43.29000000000001
 40
43.29000000000001
 40
43.29000000000001
 40
44.29000000000001
 40
44.29000000000001
 40
44.29000000000001
 40
45.29000000000001
 40
45.29000000000001
 40
45.29000000000001
 40
50.92000000000001
 40
50.92000000000001
 40
50.92000000000001
 40
51.92000000000001
 40
51.92000000000001
 40
51.92000000000001
 40
52.92000000000001
 40
52.92000000000001
 40
52.92000000000001
 40
53.92000000000001
 40
53.92000000000001
 40
53.92000000000001
 40
63.42000000000001
 40
63.42000000000001
 40
63.42000000000001
 40
64.42000000000002
 40
64.42000000000002
 40
64.42000000000002
 40
65.42000000000002
 40
65.42000000000002
 40
65.42000000000002
 40
68.26000000000002
 40
68.26000000000002
 40
68.26000000000002
 40
69.26000000000002
 40
69.26000000000002
 40
69.26000000000002
 40
70.26000000000002
 40
70.26000000000002
 40
70.26000000000002
 40
71.26000000000002
 40
71.26000000000002
 40
71.26000000000002
 40
76.18000000000004
 40
76.18000000000004
 40
76.18000000000004
 40
77.18000000000004
 40
77.18000000000004
 40
77.18000000000004
 40
78.18000000000004
 40
78.18000000000004
 40
78.18000000000004
 40
80.77000000000004
 40
80.77000000000004
 40
80.77000000000004
 40
81.77000000000004
 40
81.77000000000004
 40
81.77000000000004
 40
82.77000000000004
 40
82.77000000000004
 40
82.77000000000004
 40
83.77000000000004
 40
83.77000000000004
 40
83.77000000000004
 40
87.85000000000002
 40
87.85000000000002
 40
87.85000000000002
 40
88.85000000000002
 40
88.85000000000002
 40
88.85000000000002
 40
89.85000000000002
 40
89.85000000000002
 40
89.85000000000002
 40
94.44000000000005
 40
94.44000000000005
 40
94.44000000000005
 40
95.44000000000005
 40
95.44000000000005
 40
95.44000000000005
 40
96.44000000000005
 40
96.44000000000005
 40
96.44000000000005
 40
97.44000000000005
 40
97.44000000000005
 40
97.44000000000005
 40
98.44000000000005
 40
98.44000000000005
 40
98.44000000000005
 40
99.44000000000005
 40
99.44000000000005
 40
99.44000000000005
 40
100.4400000000001
 40
100.4400000000001
 40
100.4400000000001
 40
101.4400000000001
 40
101.4400000000001
 40
101.4400000000001
 40
102.4400000000001
 40
102.4400000000001
 40
102.4400000000001
 40
103.4400000000001
 40
103.4400000000001
 40
103.4400000000001
 40
104.4400000000001
 40
104.4400000000001
 40
104.4400000000001
 40
105.4400000000001
 40
105.4400000000001
 40
105.4400000000001
 40
106.4400000000001
 40
106.4400000000001
 40
106.4400000000001
 40
107.4400000000001
 40
107.4400000000001
 40
107.4400000000001
 40
108.4400000000001
 40
108.4400000000001
 40
108.4400000000001
 40
109.4400000000001
 40
109.4400000000001
 40
109.4400000000001
 40
110.4400000000001
 40
110.4400000000001
 40
110.4400000000001
 40
111.4400000000001
 40
111.4400000000001
 40
111.4400000000001
 40
112.4400000000001
 40
112.4400000000001
 40
112.4400000000001
 40
112.47
 40
112.47
 40
112.47
 40
113.47
 40
113.47
 40
113.47
 40
114.47
 40
114.47
 40
114.47
 40
115.47
 40
115.47
 40
115.47
 40
115.47
 10
11.04190916666667
 20
185.6988355555555
 30
0.0
 10
11.06307583333333
 20
185.7517522222222
 30
0.0
 10
12.26604805555555
 20
185.7623355555555
 30
0.0
 10
13.55368694444444
 20
185.2613911111111
 30
0.0
 10
14.84485361111111
 20
184.7604466666667
 30
0.0
 10
15.55040916666667
 20
184.4358911111111
 30
0.0
 10
15.87143694444444
 20
184.3124188888889
 30
0.0
 10
16.49232583333333
 20
184.0714716666666
 30
0.0
 10
17.11321472222222
 20
183.8301716666666
 30
0.0
 10
17.73410361111111
 20
183.5892244444444
 30
0.0
 10
18.09499527777778
 20
184.5205577777778
 30
0.0
 10
18.45623972222222
 20
185.4518911111111
 30
0.0
 10
18.81713138888889
 20
186.3832244444444
 30
0.0
 10
18.1962425
 20
186.6241716666667
 30
0.0
 10
17.57535361111111
 20
186.8654716666667
 30
0.0
 10
16.95446472222222
 20
187.1064188888889
 30
0.0
 10
16.63343694444444
 20
187.2298911111111
 30
0.0
 10
15.89613138888889
 20
187.4662522222222
 30
0.0
 10
14.60496472222222
 20
187.9671966666666
 30
0.0
 10
13.31732583333333
 20
188.4681411111111
 30
0.0
 10
12.43538138888889
 20
189.2901133333333
 30
0.0
 10
12.45654805555555
 20
189.3395022222222
 30
0.0
 10
12.1637425
 20
190.4154744444444
 30
0.0
 10
10.67502027777778
 20
189.9392244444444
 30
0.0
 10
10.77732583333333
 20
191.8900855555555
 30
0.0
 10
10.77732583333333
 20
197.0759188888889
 30
0.0
 10
15.09885361111111
 20
201.2704466666667
 30
0.0
 10
20.43990916666667
 20
201.2704466666667
 30
0.0
 10
23.09985361111111
 20
201.2704466666667
 30
0.0
 10
25.75979805555555
 20
201.2704466666667
 30
0.0
 10
28.4197425
 20
201.2704466666667
 30
0.0
 10
30.18962861111111
 20
199.6582522222222
 30
0.0
 10
31.95916194444444
 20
198.0460577777777
 30
0.0
 10
33.72904805555556
 20
196.4338633333333
 30
0.0
 10
34.39473972222223
 20
197.0395827777778
 30
0.0
 10
35.06007861111111
 20
197.6449494444444
 30
0.0
 10
35.72577027777778
 20
198.2506688888889
 30
0.0
 10
35.10593972222222
 20
199.2571438888889
 30
0.0
 10
34.48646194444444
 20
200.2639716666667
 30
0.0
 10
33.86663138888888
 20
201.2704466666667
 30
0.0
 10
34.76856657407407
 20
201.2704466666667
 30
0.0
 10
35.67050175925926
 20
201.2704466666667
 30
0.0
 10
36.57243694444445
 20
201.2704466666667
 30
0.0
 10
39.06304805555556
 20
201.2704466666667
 30
0.0
 10
40.12490916666666
 20
200.4096688888889
 30
0.0
 10
42.4991036111111
 20
198.5434744444444
 30
0.0
 10
44.91563138888888
 20
200.1874188888889
 30
0.0
 10
47.22279805555556
 20
201.2704466666667
 30
0.0
 10
48.83146472222222
 20
201.2704466666667
 30
0.0
 10
49.49351101851852
 20
201.2704466666667
 30
0.0
 10
50.15555731481481
 20
201.2704466666667
 30
0.0
 10
50.81760361111111
 20
201.2704466666667
 30
0.0
 10
52.79068972222222
 20
199.4278883333333
 30
0.0
 10
54.7641286111111
 20
197.5849772222222
 30
0.0
 10
56.73721472222222
 20
195.7424188888889
 30
0.0
 10
57.40290638888889
 20
196.3467272222222
 30
0.0
 10
58.06824527777778
 20
196.9513883333333
 30
0.0
 10
58.73393694444444
 20
197.5556966666666
 30
0.0
 10
57.96382305555556
 20
198.7939466666666
 30
0.0
 10
57.19335638888889
 20
200.0321966666666
 30
0.0
 10
56.42324249999999
 20
201.2704466666667
 30
0.0
 10
57.54037212962962
 20
201.2704466666667
 30
0.0
 10
58.65750175925925
 20
201.2704466666667
 30
0.0
 10
59.77463138888888
 20
201.2704466666667
 30
0.0
 10
61.67257583333333
 20
201.2704466666667
 30
0.0
 10
62.5968536111111
 20
199.8910855555555
 30
0.0
 10
64.99574249999999
 20
198.61403
 30
0.0
 10
67.05949249999999
 20
199.5100855555555
 30
0.0
 10
68.53763138888888
 20
201.2704466666667
 30
0.0
 10
69.65240916666666
 20
201.2704466666667
 30
0.0
 10
69.98637212962961
 20
201.2704466666667
 30
0.0
 10
70.32033509259257
 20
201.2704466666667
 30
0.0
 10
70.65429805555554
 20
201.2704466666667
 30
0.0
 10
72.72510361111111
 20
199.3312272222222
 30
0.0
 10
74.79590916666666
 20
197.3923605555555
 30
0.0
 10
76.86671472222221
 20
195.4531411111111
 30
0.0
 10
77.53099527777778
 20
196.0588605555555
 30
0.0
 10
78.1956286111111
 20
196.6642272222222
 30
0.0
 10
78.85990916666667
 20
197.2699466666666
 30
0.0
 10
78.05451749999999
 20
198.6034466666667
 30
0.0
 10
77.24877305555555
 20
199.9369466666666
 30
0.0
 10
76.44338138888888
 20
201.2704466666667
 30
0.0
 10
77.02193694444445
 20
201.2704466666667
 30
0.0
 10
77.6004925
 20
201.2704466666667
 30
0.0
 10
78.17904805555555
 20
201.2704466666667
 30
0.0
 10
80.29571472222221
 20
201.2704466666667
 30
0.0
 10
80.75432583333334
 20
200.2685577777777
 30
0.0
 10
82.65227027777777
 20
199.6123911111111
 30
0.0
 10
83.98577027777777
 20
200.1662522222222
 30
0.0
 10
83.70707583333332
 20
201.2704466666667
 30
0.0
 10
85.08643694444443
 20
201.2704466666667
 30
0.0
 10
85.39100175925925
 20
201.2704466666667
 30
0.0
 10
85.69556657407406
 20
201.2704466666667
 30
0.0
 10
86.00013138888887
 20
201.2704466666667
 30
0.0
 10
87.92735638888888
 20
199.4113077777778
 30
0.0
 10
89.85493416666667
 20
197.5521688888889
 30
0.0
 10
91.78215916666666
 20
195.69303
 30
0.0
 10
92.44785083333332
 20
196.2987494444444
 30
0.0
 10
93.11318972222222
 20
196.9041161111111
 30
0.0
 10
93.77888138888888
 20
197.5098355555556
 30
0.0
 10
92.87118416666665
 20
198.763255
 30
0.0
 10
91.96313416666666
 20
200.0170272222222
 30
0.0
 10
91.05543694444442
 20
201.2704466666667
 30
0.0
 10
91.5352147222222
 20
201.2704466666667
 30
0.0
 10
92.01499249999999
 20
201.2704466666667
 30
0.0
 10
92.49477027777776
 20
201.2704466666667
 30
0.0
 10
93.77888138888888
 20
201.2704466666667
 30
0.0
 10
93.84590916666666
 20
200.8647522222222
 30
0.0
 10
94.85838138888889
 20
200.6954188888889
 30
0.0
 10
95.33463138888887
 20
200.8718077777777
 30
0.0
 10
95.34874249999999
 20
201.2704466666667
 30
0.0
 10
95.99432583333332
 20
201.2704466666667
 30
0.0
 10
96.53407583333332
 20
201.2704466666667
 30
0.0
 10
97.07382583333333
 20
201.2704466666667
 30
0.0
 10
97.61357583333333
 20
201.2704466666667
 30
0.0
 10
99.34677305555553
 20
199.6183883333333
 30
0.0
 10
101.0803230555556
 20
197.9659772222222
 30
0.0
 10
102.8135202777778
 20
196.3139188888889
 30
0.0
 10
103.4792119444444
 20
196.9196383333333
 30
0.0
 10
104.1445508333333
 20
197.525005
 30
0.0
 10
104.8102425
 20
198.1307244444444
 30
0.0
 10
104.1389063888889
 20
199.1774161111111
 30
0.0
 10
103.4672175
 20
200.223755
 30
0.0
 10
102.7958813888889
 20
201.2704466666667
 30
0.0
 10
107.5583813888889
 20
201.2563355555556
 30
0.0
 10
110.4052980555555
 20
200.1098077777778
 30
0.0
 10
111.2801869444444
 20
197.3052244444444
 30
0.0
 10
111.3719091666666
 20
197.0159466666667
 30
0.0
 10
111.4107147222222
 20
196.3809466666666
 30
0.0
 10
111.3930758333333
 20
196.1128355555555
 30
0.0
 10
111.2554925
 20
193.9044466666666
 30
0.0
 10
106.4083258333333
 20
191.9712244444444
 30
0.0
 10
102.6265480555555
 20
190.7894188888889
 30
0.0
 10
100.1112425
 20
190.1720577777778
 30
0.0
 10
97.79702027777776
 20
190.10503
 30
0.0
 10
95.85321472222222
 20
188.9796688888889
 30
0.0
 10
92.76640916666666
 20
190.20028
 30
0.0
 10
88.74121472222221
 20
190.1191411111111
 30
0.0
 10
84.46907583333332
 20
189.4594466666667
 30
0.0
 10
80.01702027777777
 20
188.7680022222222
 30
0.0
 10
76.11177027777777
 20
188.2423633333333
 30
0.0
 10
73.52590916666666
 20
186.0198633333333
 30
0.0
 10
70.48143694444444
 20
187.9001688888889
 30
0.0
 10
68.23071472222222
 20
188.2106133333333
 30
0.0
 10
60.9952425
 20
187.7308355555555
 30
0.0
 10
50.66238138888889
 20
186.5948911111111
 30
0.0
 10
42.67902027777778
 20
183.40578
 30
0.0
 10
42.52732583333333
 20
180.1143633333333
 30
0.0
 10
42.52027027777778
 20
180.0543911111111
 30
0.0
 10
41.37021472222222
 20
179.7016133333333
 30
0.0
 10
39.99085361111111
 20
179.8215577777777
 30
0.0
 10
38.61502027777777
 20
179.9309188888889
 30
0.0
 10
37.84596472222222
 20
180.0438077777778
 30
0.0
 10
37.50377027777778
 20
180.0685022222222
 30
0.0
 10
35.84324527777778
 20
180.2060855555555
 30
0.0
 10
34.18307305555555
 20
180.3436688888889
 30
0.0
 10
32.52254805555555
 20
180.4812522222222
 30
0.0
 10
32.44035083333333
 20
179.4853605555555
 30
0.0
 10
32.35780083333334
 20
178.4891161111111
 30
0.0
 10
32.27560361111111
 20
177.4932244444444
 30
0.0
 10
33.93612861111111
 20
177.3556411111111
 30
0.0
 10
35.59630083333332
 20
177.2180577777777
 30
0.0
 10
37.25682583333333
 20
177.0804744444444
 30
0.0
 10
37.59902027777778
 20
177.05578
 30
0.0
 10
38.37513138888888
 20
177.0381411111111
 30
0.0
 10
39.7544925
 20
176.9252522222222
 30
0.0
 10
41.12679805555555
 20
176.8123633333333
 30
0.0
 10
42.20629805555556
 20
176.2726133333333
 30
0.0
 10
42.20629805555556
 20
176.2196966666666
 30
0.0
 10
42.20629805555556
 20
176.2161688888889
 30
0.0
 10
42.20629805555556
 20
176.2126411111111
 30
0.0
 10
42.20629805555556
 20
176.2091133333333
 30
0.0
 10
42.19571472222222
 20
176.1385577777777
 30
0.0
 10
42.19218694444444
 20
176.07153
 30
0.0
 10
42.19218694444444
 20
176.00803
 30
0.0
 10
41.90290916666666
 20
173.7255577777778
 30
0.0
 10
36.6112425
 20
174.1206688888889
 30
0.0
 10
34.44871472222222
 20
174.0571688888889
 30
0.0
 10
24.40160361111111
 20
173.7502522222222
 30
0.0
 10
9.390909166666667
 20
181.2750022222222
 30
0.0
 10
11.04190916666667
 20
185.6988355555555
 30
0.0
  0
SPLINE
  5
E2
330
1F
100
AcDbEntity
  8
DEFAULT
 62
     1
100
AcDbSpline
210
0.0
220
0.0
230
1.0
 70
    11
 71
     3
 72
    89
 73
    85
 74
     0
 42
0.000000001
 43
0.0000000001
 40
8.199000000000012
 40
8.199000000000012
 40
8.199000000000012
 40
8.199000000000012
 40
9.199000000000012
 40
9.199000000000012
 40
9.199000000000012
 40
10.19900000000001
 40
10.19900000000001
 40
10.19900000000001
 40
11.19900000000001
 40
11.19900000000001
 40
11.19900000000001
 40
12.19900000000001
 40
12.19900000000001
 40
12.19900000000001
 40
17.86799999999999
 40
17.86799999999999
 40
17.86799999999999
 40
26.36799999999999
 40
26.36799999999999
 40
26.36799999999999
 40
32.03699999999998
 40
32.03699999999998
 40
32.03699999999998
 40
33.03699999999998
 40
33.03699999999998
 40
33.03699999999998
 40
34.03699999999998
 40
34.03699999999998
 40
34.03699999999998
 40
35.03699999999998
 40
35.03699999999998
 40
35.03699999999998
 40
36.03699999999998
 40
36.03699999999998
 40
36.03699999999998
 40
44.238
 40
44.238
 40
44.238
 40
45.238
 40
45.238
 40
45.238
 40
46.238
 40
46.238
 40
46.238
 40
66.08799999999997
 40
66.08799999999997
 40
66.08799999999997
 40
74.58799999999997
 40
74.58799999999997
 40
74.58799999999997
 40
94.43799999999993
 40
94.43799999999993
 40
94.43799999999993
 40
95.43799999999993
 40
95.43799999999993
 40
95.43799999999993
 40
96.43799999999993
 40
96.43799999999993
 40
96.43799999999993
 40
124.487
 40
124.487
 40
124.487
 40
125.487
 40
125.487
 40
125.487
 40
126.487
 40
126.487
 40
126.487
 40
146.3369999999999
 40
146.3369999999999
 40
146.3369999999999
 40
154.8369999999999
 40
154.8369999999999
 40
154.8369999999999
 40
174.6869999999999
 40
174.6869999999999
 40
174.6869999999999
 40
175.6869999999999
 40
175.6869999999999
 40
175.6869999999999
 40
176.6869999999999
 40
176.6869999999999
 40
176.6869999999999
 40
184.8859999999999
 40
184.8859999999999
 40
184.8859999999999
 40
184.8859999999999
 10
115.9266230555556
 20
110.4405405555555
 30
0.0
 10
119.6452536111111
 20
110.6599683333333
 30
0.0
 10
119.6452536111111
 20
111.951135
 30
0.0
 10
119.6452536111111
 20
119.0768933333333
 30
0.0
 10
119.6452536111111
 20
122.8974766666666
 30
0.0
 10
119.9200675
 20
129.3039211111111
 30
0.0
 10
106.1335119444445
 20
129.7448933333333
 30
0.0
 10
106.0770675
 20
129.7448933333333
 30
0.0
 10
105.6325675
 20
128.6265877777778
 30
0.0
 10
105.6325675
 20
127.2436988888889
 30
0.0
 10
105.6325675
 20
125.86081
 30
0.0
 10
105.6823091666667
 20
125.0850516666667
 30
0.0
 10
105.6823091666667
 20
124.7425044444444
 30
0.0
 10
105.6823091666667
 20
124.075872037037
 30
0.0
 10
105.6823091666667
 20
123.4092396296296
 30
0.0
 10
105.6823091666667
 20
122.7426072222222
 30
0.0
 10
104.6827721296296
 20
122.7426072222222
 30
0.0
 10
103.6832350925926
 20
122.7426072222222
 30
0.0
 10
102.6836980555556
 20
122.7426072222222
 30
0.0
 10
102.6836980555556
 20
123.4092396296296
 30
0.0
 10
102.6836980555556
 20
124.075872037037
 30
0.0
 10
102.6836980555556
 20
124.7425044444444
 30
0.0
 10
102.6836980555556
 20
125.0850516666667
 30
0.0
 10
102.7292063888889
 20
125.86081
 30
0.0
 10
102.7292063888889
 20
127.2436988888889
 30
0.0
 10
102.7292063888889
 20
128.6265877777778
 30
0.0
 10
102.2811786111111
 20
129.7448933333333
 30
0.0
 10
102.2282619444444
 20
129.7448933333333
 30
0.0
 10
88.44135361111111
 20
129.3039211111111
 30
0.0
 10
88.71722583333333
 20
122.8974766666666
 30
0.0
 10
88.71722583333333
 20
119.0768933333333
 30
0.0
 10
88.71722583333333
 20
111.951135
 30
0.0
 10
88.71722583333333
 20
110.6599683333333
 30
0.0
 10
92.43515083333332
 20
110.4405405555555
 30
0.0
 10
93.39952768518519
 20
110.4405405555555
 30
0.0
 10
94.36390453703704
 20
110.4405405555555
 30
0.0
 10
95.32828138888888
 20
110.4405405555555
 30
0.0
 10
95.38472583333333
 20
110.4405405555555
 30
0.0
 10
95.8327536111111
 20
111.5588461111111
 30
0.0
 10
95.8327536111111
 20
112.9424405555555
 30
0.0
 10
95.8327536111111
 20
114.3253294444444
 30
0.0
 10
95.78301194444444
 20
115.1010877777778
 30
0.0
 10
95.78301194444444
 20
115.443635
 30
0.0
 10
95.78301194444445
 20
117.777847962963
 30
0.0
 10
95.78301194444445
 20
120.1120609259259
 30
0.0
 10
95.78301194444444
 20
122.4462738888889
 30
0.0
 10
96.78254898148147
 20
122.4462738888889
 30
0.0
 10
97.7820860185185
 20
122.4462738888889
 30
0.0
 10
98.78162305555554
 20
122.4462738888889
 30
0.0
 10
98.78162305555554
 20
120.1120609259259
 30
0.0
 10
98.78162305555554
 20
117.777847962963
 30
0.0
 10
98.78162305555554
 20
115.443635
 30
0.0
 10
98.78162305555554
 20
115.1010877777778
 30
0.0
 10
98.7318813888889
 20
114.3253294444444
 30
0.0
 10
98.7318813888889
 20
112.9424405555555
 30
0.0
 10
98.7318813888889
 20
111.5588461111111
 30
0.0
 10
99.18061472222222
 20
110.4405405555555
 30
0.0
 10
99.23353138888888
 20
110.4405405555555
 30
0.0
 10
102.5318860185185
 20
110.4405405555555
 30
0.0
 10
105.8302406481481
 20
110.4405405555555
 30
0.0
 10
109.1285952777778
 20
110.4405405555555
 30
0.0
 10
109.1853925
 20
110.4405405555555
 30
0.0
 10
109.6295397222222
 20
111.5588461111111
 30
0.0
 10
109.6295397222222
 20
112.9424405555555
 30
0.0
 10
109.6295397222222
 20
114.3253294444444
 30
0.0
 10
109.5801508333333
 20
115.1010877777778
 30
0.0
 10
109.5801508333333
 20
115.443635
 30
0.0
 10
109.5801508333333
 20
117.777847962963
 30
0.0
 10
109.5801508333333
 20
120.1120609259259
 30
0.0
 10
109.5801508333333
 20
122.4462738888889
 30
0.0
 10
110.5796878703704
 20
122.4462738888889
 30
0.0
 10
111.5792249074074
 20
122.4462738888889
 30
0.0
 10
112.5787619444444
 20
122.4462738888889
 30
0.0
 10
112.5787619444445
 20
120.1120609259259
 30
0.0
 10
112.5787619444445
 20
117.777847962963
 30
0.0
 10
112.5787619444444
 20
115.443635
 30
0.0
 10
112.5787619444444
 20
115.1010877777778
 30
0.0
 10
112.5332536111111
 20
114.3253294444444
 30
0.0
 10
112.5332536111111
 20
112.9424405555555
 30
0.0
 10
112.5332536111111
 20
111.5588461111111
 30
0.0
 10
112.9809286111111
 20
110.4405405555555
 30
0.0
 10
113.0341980555555
 20
110.4405405555555
 30
0.0
 10
113.9983397222222
 20
110.4405405555555
 30
0.0
 10
114.9624813888889
 20
110.4405405555555
 30
0.0
 10
115.9266230555556
 20
110.4405405555555
 30
0.0
  0
POLYLINE
  5
E3
330
1F
100
AcDbEntity
  8
DEFAULT
 62
    18
100
AcDb2dPolyline
 66
     1
 10
0.0
 20
0.0
 30
0.0
  0
VERTEX
  5
E4
330
E3
100
AcDbEntity
  8
DEFAULT
 62
    18
100
AcDbVertex
100
AcDb2dVertex
 10
104.1816277777778
 20
118.7874744444444
 30
0.0
  0
VERTEX
  5
E5
330
E3
100
AcDbEntity
  8
DEFAULT
 62
    18
100
AcDbVertex
100
AcDb2dVertex
 10
104.1816277777778
 20
120.9701105555556
 30
0.0
  0
SEQEND
  5
E6
330
E3
100
AcDbEntity
  8
DEFAULT
 62
    18
  0
SPLINE
  5
E7
330
1F
100
AcDbEntity
  8
DEFAULT
 62
     1
100
AcDbSpline
210
0.0
220
0.0
230
1.0
 70
    11
 71
     3
 72
    89
 73
    85
 74
     0
 42
0.000000001
 43
0.0000000001
 40
8.201000000000022
 40
8.201000000000022
 40
8.201000000000022
 40
8.201000000000022
 40
9.201000000000022
 40
9.201000000000022
 40
9.201000000000022
 40
10.20100000000002
 40
10.20100000000002
 40
10.20100000000002
 40
11.20100000000002
 40
11.20100000000002
 40
11.20100000000002
 40
12.20100000000002
 40
12.20100000000002
 40
12.20100000000002
 40
17.87299999999999
 40
17.87299999999999
 40
17.87299999999999
 40
26.37299999999999
 40
26.37299999999999
 40
26.37299999999999
 40
32.04499999999996
 40
32.04499999999996
 40
32.04499999999996
 40
33.04499999999996
 40
33.04499999999996
 40
33.04499999999996
 40
34.04499999999996
 40
34.04499999999996
 40
34.04499999999996
 40
35.04499999999996
 40
35.04499999999996
 40
35.04499999999996
 40
36.04499999999996
 40
36.04499999999996
 40
36.04499999999996
 40
44.24399999999991
 40
44.24399999999991
 40
44.24399999999991
 40
45.24399999999991
 40
45.24399999999991
 40
45.24399999999991
 40
46.24399999999991
 40
46.24399999999991
 40
46.24399999999991
 40
60.41399999999993
 40
60.41399999999993
 40
60.41399999999993
 40
68.91399999999993
 40
68.91399999999993
 40
68.91399999999993
 40
83.08399999999995
 40
83.08399999999995
 40
83.08399999999995
 40
84.08399999999995
 40
84.08399999999995
 40
84.08399999999995
 40
85.08399999999995
 40
85.08399999999995
 40
85.08399999999995
 40
113.1339999999999
 40
113.1339999999999
 40
113.1339999999999
 40
114.1339999999999
 40
114.1339999999999
 40
114.1339999999999
 40
115.1339999999999
 40
115.1339999999999
 40
115.1339999999999
 40
129.3039999999999
 40
129.3039999999999
 40
129.3039999999999
 40
137.8039999999999
 40
137.8039999999999
 40
137.8039999999999
 40
151.9739999999999
 40
151.9739999999999
 40
151.9739999999999
 40
152.9739999999999
 40
152.9739999999999
 40
152.9739999999999
 40
153.9739999999999
 40
153.9739999999999
 40
153.9739999999999
 40
162.175
 40
162.175
 40
162.175
 40
162.175
 10
115.9273286111111
 20
83.67352666666666
 30
0.0
 10
118.5904480555555
 20
83.91659055555554
 30
0.0
 10
118.5904480555555
 20
85.11638777777777
 30
0.0
 10
118.5869202777778
 20
90.30186833333332
 30
0.0
 10
118.5869202777778
 20
94.101285
 30
0.0
 10
118.1851063888889
 20
100.4657488888889
 30
0.0
 10
106.1342175
 20
100.9631655555555
 30
0.0
 10
106.0777730555556
 20
100.9631655555555
 30
0.0
 10
105.6290397222222
 20
99.84486
 30
0.0
 10
105.6290397222222
 20
98.46197111111111
 30
0.0
 10
105.6290397222222
 20
97.07908222222221
 30
0.0
 10
105.6787813888889
 20
96.30332388888887
 30
0.0
 10
105.6787813888889
 20
95.96077666666665
 30
0.0
 10
105.6787813888889
 20
95.29379148148148
 30
0.0
 10
105.6787813888889
 20
94.6268062962963
 30
0.0
 10
105.6787813888889
 20
93.95982111111111
 30
0.0
 10
104.6792443518519
 20
93.95982111111111
 30
0.0
 10
103.6797073148148
 20
93.95982111111111
 30
0.0
 10
102.6801702777778
 20
93.95982111111111
 30
0.0
 10
102.6801702777778
 20
94.6268062962963
 30
0.0
 10
102.6801702777778
 20
95.29379148148148
 30
0.0
 10
102.6801702777778
 20
95.96077666666665
 30
0.0
 10
102.6801702777778
 20
96.30332388888887
 30
0.0
 10
102.7295591666667
 20
97.07908222222221
 30
0.0
 10
102.7295591666667
 20
98.46197111111111
 30
0.0
 10
102.7295591666667
 20
99.84486
 30
0.0
 10
102.2818841666667
 20
100.9631655555555
 30
0.0
 10
102.2286147222222
 20
100.9631655555555
 30
0.0
 10
90.17455083333333
 20
100.4657488888889
 30
0.0
 10
89.77203138888888
 20
94.101285
 30
0.0
 10
89.77203138888888
 20
90.30186833333332
 30
0.0
 10
89.77203138888888
 20
85.11638777777777
 30
0.0
 10
89.77203138888888
 20
83.91659055555554
 30
0.0
 10
92.4358563888889
 20
83.67352666666666
 30
0.0
 10
93.39999805555556
 20
83.67352666666666
 30
0.0
 10
94.36413972222222
 20
83.67352666666666
 30
0.0
 10
95.32828138888888
 20
83.67352666666666
 30
0.0
 10
95.38472583333333
 20
83.67352666666666
 30
0.0
 10
95.82922583333333
 20
84.79183222222221
 30
0.0
 10
95.82922583333333
 20
86.1747211111111
 30
0.0
 10
95.82922583333333
 20
87.55760999999998
 30
0.0
 10
95.7837175
 20
88.33336833333333
 30
0.0
 10
95.7837175
 20
88.67591555555555
 30
0.0
 10
95.78371750000001
 20
90.34220259259259
 30
0.0
 10
95.78371750000001
 20
92.00848962962964
 30
0.0
 10
95.7837175
 20
93.67477666666666
 30
0.0
 10
96.78325453703702
 20
93.67477666666666
 30
0.0
 10
97.78279157407405
 20
93.67477666666666
 30
0.0
 10
98.7823286111111
 20
93.67477666666666
 30
0.0
 10
98.7823286111111
 20
92.00848962962964
 30
0.0
 10
98.7823286111111
 20
90.34220259259259
 30
0.0
 10
98.7823286111111
 20
88.67591555555555
 30
0.0
 10
98.7823286111111
 20
88.33336833333333
 30
0.0
 10
98.73258694444445
 20
87.55760999999998
 30
0.0
 10
98.73258694444445
 20
86.1747211111111
 30
0.0
 10
98.73258694444445
 20
84.79183222222221
 30
0.0
 10
99.18061472222222
 20
83.67352666666666
 30
0.0
 10
99.2335313888889
 20
83.67352666666666
 30
0.0
 10
102.5320036111111
 20
83.67352666666666
 30
0.0
 10
105.8304758333334
 20
83.67352666666666
 30
0.0
 10
109.1289480555556
 20
83.67352666666666
 30
0.0
 10
109.1853925
 20
83.67352666666666
 30
0.0
 10
109.6302452777778
 20
84.79183222222221
 30
0.0
 10
109.6302452777778
 20
86.1747211111111
 30
0.0
 10
109.6302452777778
 20
87.55760999999998
 30
0.0
 10
109.5808563888889
 20
88.33336833333333
 30
0.0
 10
109.5808563888889
 20
88.67591555555555
 30
0.0
 10
109.5808563888889
 20
90.34220259259259
 30
0.0
 10
109.5808563888889
 20
92.00848962962964
 30
0.0
 10
109.5808563888889
 20
93.67477666666666
 30
0.0
 10
110.5803934259259
 20
93.67477666666666
 30
0.0
 10
111.579930462963
 20
93.67477666666666
 30
0.0
 10
112.5794675
 20
93.67477666666666
 30
0.0
 10
112.5794675
 20
92.00848962962964
 30
0.0
 10
112.5794675
 20
90.34220259259259
 30
0.0
 10
112.5794675
 20
88.67591555555555
 30
0.0
 10
112.5794675
 20
88.33336833333333
 30
0.0
 10
112.5332536111111
 20
87.55760999999998
 30
0.0
 10
112.5332536111111
 20
86.1747211111111
 30
0.0
 10
112.5332536111111
 20
84.79183222222221
 30
0.0
 10
112.9816341666667
 20
83.67352666666666
 30
0.0
 10
113.0341980555555
 20
83.67352666666666
 30
0.0
 10
113.9985749074074
 20
83.67352666666666
 30
0.0
 10
114.9629517592593
 20
83.67352666666666
 30
0.0
 10
115.9273286111111
 20
83.67352666666666
 30
0.0
  0
POLYLINE
  5
E8
330
1F
100
AcDbEntity
  8
DEFAULT
 62
    18
100
AcDb2dPolyline
 66
     1
 10
0.0
 20
0.0
 30
0.0
  0
VERTEX
  5
E9
330
E8
100
AcDbEntity
  8
DEFAULT
 62
    18
100
AcDbVertex
100
AcDb2dVertex
 10
103.5186172222222
 20
92.18841805555556
 30
0.0
  0
VERTEX
  5
EA
330
E8
100
AcDbEntity
  8
DEFAULT
 62
    18
100
AcDbVertex
100
AcDb2dVertex
 10
103.5186172222222
 20
90.00578194444444
 30
0.0
  0
SEQEND
  5
EB
330
E8
100
AcDbEntity
  8
DEFAULT
 62
    18
  0
POLYLINE
  5
EC
330
1F
100
AcDbEntity
  8
DEFAULT
 62
    18
100
AcDb2dPolyline
 66
     1
 10
0.0
 20
0.0
 30
0.0
  0
VERTEX
  5
ED
330
EC
100
AcDbEntity
  8
DEFAULT
 62
    18
100
AcDbVertex
100
AcDb2dVertex
 10
104.8415338888889
 20
92.18841805555556
 30
0.0
  0
VERTEX
  5
EE
330
EC
100
AcDbEntity
  8
DEFAULT
 62
    18
100
AcDbVertex
100
AcDb2dVertex
 10
104.8415338888889
 20
90.00578194444444
 30
0.0
  0
SEQEND
  5
EF
330
EC
100
AcDbEntity
  8
DEFAULT
 62
    18
  0
SPLINE
  5
F0
330
1F
100
AcDbEntity
  8
DEFAULT
 62
     1
100
AcDbSpline
210
0.0
220
0.0
230
1.0
 70
    11
 71
     3
 72
    83
 73
    79
 74
     0
 42
0.000000001
 43
0.0000000001
 40
28.05099999999999
 40
28.05099999999999
 40
28.05099999999999
 40
28.05099999999999
 40
29.05099999999999
 40
29.05099999999999
 40
29.05099999999999
 40
30.05099999999999
 40
30.05099999999999
 40
30.05099999999999
 40
41.34199999999998
 40
41.34199999999998
 40
41.34199999999998
 40
49.84199999999998
 40
49.84199999999998
 40
49.84199999999998
 40
61.13299999999998
 40
61.13299999999998
 40
61.13299999999998
 40
62.13299999999998
 40
62.13299999999998
 40
62.13299999999998
 40
63.13299999999998
 40
63.13299999999998
 40
63.13299999999998
 40
64.13299999999998
 40
64.13299999999998
 40
64.13299999999998
 40
65.13299999999998
 40
65.13299999999998
 40
65.13299999999998
 40
66.13299999999998
 40
66.13299999999998
 40
66.13299999999998
 40
67.13299999999998
 40
67.13299999999998
 40
67.13299999999998
 40
72.79899999999998
 40
72.79899999999998
 40
72.79899999999998
 40
81.29899999999998
 40
81.29899999999998
 40
81.29899999999998
 40
86.96499999999997
 40
86.96499999999997
 40
86.96499999999997
 40
87.96499999999997
 40
87.96499999999997
 40
87.96499999999997
 40
88.96499999999997
 40
88.96499999999997
 40
88.96499999999997
 40
89.96499999999997
 40
89.96499999999997
 40
89.96499999999997
 40
90.96499999999997
 40
90.96499999999997
 40
90.96499999999997
 40
91.96499999999997
 40
91.96499999999997
 40
91.96499999999997
 40
92.96499999999997
 40
92.96499999999997
 40
92.96499999999997
 40
104.256
 40
104.256
 40
104.256
 40
112.7549999999999
 40
112.7549999999999
 40
112.7549999999999
 40
124.0459999999999
 40
124.0459999999999
 40
124.0459999999999
 40
125.0459999999999
 40
125.0459999999999
 40
125.0459999999999
 40
126.0459999999999
 40
126.0459999999999
 40
126.0459999999999
 40
154.0969999999999
 40
154.0969999999999
 40
154.0969999999999
 40
154.0969999999999
 10
99.23533055555555
 20
57.88021472222221
 30
0.0
 10
99.18311944444443
 20
57.88021472222221
 30
0.0
 10
98.73368055555555
 20
58.99781472222222
 30
0.0
 10
98.73368055555555
 20
60.3807036111111
 30
0.0
 10
98.73368055555555
 20
61.76359249999999
 30
0.0
 10
98.78271666666666
 20
62.53935083333332
 30
0.0
 10
98.78271666666666
 20
62.88189805555555
 30
0.0
 10
98.78271666666666
 20
64.20963601851851
 30
0.0
 10
98.78271666666666
 20
65.53737398148148
 30
0.0
 10
98.78271666666666
 20
66.86511194444444
 30
0.0
 10
97.78317962962963
 20
66.86511194444444
 30
0.0
 10
96.78364259259259
 20
66.86511194444444
 30
0.0
 10
95.78410555555556
 20
66.86511194444444
 30
0.0
 10
95.78410555555554
 20
65.53737398148148
 30
0.0
 10
95.78410555555554
 20
64.20963601851851
 30
0.0
 10
95.78410555555556
 20
62.88189805555555
 30
0.0
 10
95.78410555555556
 20
62.53935083333332
 30
0.0
 10
95.8327888888889
 20
61.76359249999999
 30
0.0
 10
95.8327888888889
 20
60.3807036111111
 30
0.0
 10
95.8327888888889
 20
58.99781472222222
 30
0.0
 10
95.3879361111111
 20
57.88021472222221
 30
0.0
 10
95.33149166666668
 20
57.88021472222221
 30
0.0
 10
90.48150277777778
 20
57.88021472222221
 30
0.0
 10
90.48150277777778
 20
57.88021472222221
 30
0.0
 10
90.48150277777778
 20
63.50278694444443
 30
0.0
 10
90.48150277777778
 20
67.27786194444444
 30
0.0
 10
91.82840833333334
 20
73.65961194444444
 30
0.0
 10
102.2282972222222
 20
74.19618694444443
 30
0.0
 10
102.2815666666667
 20
74.19618694444443
 30
0.0
 10
102.7299472222222
 20
73.0775286111111
 30
0.0
 10
102.7299472222222
 20
71.6946397222222
 30
0.0
 10
102.7299472222222
 20
70.31139805555554
 30
0.0
 10
102.6819694444444
 20
69.53563972222221
 30
0.0
 10
102.6819694444444
 20
69.19309249999999
 30
0.0
 10
102.6819694444444
 20
68.52681287037036
 30
0.0
 10
102.6819694444444
 20
67.86053324074074
 30
0.0
 10
102.6819694444444
 20
67.19425361111111
 30
0.0
 10
103.6815064814815
 20
67.19425361111111
 30
0.0
 10
104.6810435185185
 20
67.19425361111111
 30
0.0
 10
105.6805805555556
 20
67.19425361111111
 30
0.0
 10
105.6805805555556
 20
67.86053324074074
 30
0.0
 10
105.6805805555556
 20
68.52681287037036
 30
0.0
 10
105.6805805555556
 20
69.19309249999999
 30
0.0
 10
105.6805805555556
 20
69.53563972222221
 30
0.0
 10
105.6315444444444
 20
70.31139805555554
 30
0.0
 10
105.6315444444444
 20
71.6946397222222
 30
0.0
 10
105.6315444444444
 20
73.0775286111111
 30
0.0
 10
106.07675
 20
74.19618694444443
 30
0.0
 10
106.1331944444444
 20
74.19618694444443
 30
0.0
 10
116.5249694444444
 20
73.65961194444444
 30
0.0
 10
117.8810472222222
 20
67.27786194444444
 30
0.0
 10
117.8810472222222
 20
63.50278694444443
 30
0.0
 10
117.8810472222222
 20
57.88021472222221
 30
0.0
 10
117.8810472222222
 20
57.88021472222221
 30
0.0
 10
113.0352916666667
 20
57.88021472222221
 30
0.0
 10
112.982375
 20
57.88021472222221
 30
0.0
 10
112.5336416666667
 20
58.99781472222222
 30
0.0
 10
112.5336416666667
 20
60.3807036111111
 30
0.0
 10
112.5336416666667
 20
61.76359249999999
 30
0.0
 10
112.5819722222222
 20
62.53935083333332
 30
0.0
 10
112.5819722222222
 20
62.88189805555555
 30
0.0
 10
112.5819722222222
 20
64.20963601851851
 30
0.0
 10
112.5819722222222
 20
65.53737398148148
 30
0.0
 10
112.5819722222222
 20
66.86511194444444
 30
0.0
 10
111.5825527777778
 20
66.86511194444444
 30
0.0
 10
110.5831333333333
 20
66.86511194444444
 30
0.0
 10
109.5837138888889
 20
66.86511194444444
 30
0.0
 10
109.5837138888889
 20
65.53737398148148
 30
0.0
 10
109.5837138888889
 20
64.20963601851851
 30
0.0
 10
109.5837138888889
 20
62.88189805555555
 30
0.0
 10
109.5837138888889
 20
62.53935083333332
 30
0.0
 10
109.63275
 20
61.76359249999999
 30
0.0
 10
109.63275
 20
60.3807036111111
 30
0.0
 10
109.63275
 20
58.99781472222222
 30
0.0
 10
109.1875444444444
 20
57.88021472222221
 30
0.0
 10
109.1311
 20
57.88021472222221
 30
0.0
 10
105.8325101851852
 20
57.88021472222221
 30
0.0
 10
102.5339203703704
 20
57.88021472222221
 30
0.0
 10
99.23533055555555
 20
57.88021472222221
 30
0.0
  0
POLYLINE
  5
F1
330
1F
100
AcDbEntity
  8
DEFAULT
 62
    18
100
AcDb2dPolyline
 66
     1
 10
0.0
 20
0.0
 30
0.0
  0
VERTEX
  5
F2
330
F1
100
AcDbEntity
  8
DEFAULT
 62
    18
100
AcDbVertex
100
AcDb2dVertex
 10
104.8432272222222
 20
63.24007333333333
 30
0.0
  0
VERTEX
  5
F3
330
F1
100
AcDbEntity
  8
DEFAULT
 62
    18
100
AcDbVertex
100
AcDb2dVertex
 10
104.8432272222222
 20
65.42270944444445
 30
0.0
  0
SEQEND
  5
F4
330
F1
100
AcDbEntity
  8
DEFAULT
 62
    18
  0
POLYLINE
  5
F5
330
1F
100
AcDbEntity
  8
DEFAULT
 62
    18
100
AcDb2dPolyline
 66
     1
 10
0.0
 20
0.0
 30
0.0
  0
VERTEX
  5
F6
330
F5
100
AcDbEntity
  8
DEFAULT
 62
    18
100
AcDbVertex
100
AcDb2dVertex
 10
104.1817688888889
 20
63.24007333333333
 30
0.0
  0
VERTEX
  5
F7
330
F5
100
AcDbEntity
  8
DEFAULT
 62
    18
100
AcDbVertex
100
AcDb2dVertex
 10
104.1817688888889
 20
65.42270944444445
 30
0.0
  0
SEQEND
  5
F8
330
F5
100
AcDbEntity
  8
DEFAULT
 62
    18
  0
POLYLINE
  5
F9
330
1F
100
AcDbEntity
  8
DEFAULT
 62
    18
100
AcDb2dPolyline
 66
     1
 10
0.0
 20
0.0
 30
0.0
  0
VERTEX
  5
FA
330
F9
100
AcDbEntity
  8
DEFAULT
 62
    18
100
AcDbVertex
100
AcDb2dVertex
 10
103.5203105555555
 20
63.24007333333333
 30
0.0
  0
VERTEX
  5
FB
330
F9
100
AcDbEntity
  8
DEFAULT
 62
    18
100
AcDbVertex
100
AcDb2dVertex
 10
103.5203105555555
 20
65.42270944444445
 30
0.0
  0
SEQEND
  5
FC
330
F9
100
AcDbEntity
  8
DEFAULT
 62
    18
  0
SPLINE
  5
FD
330
1F
100
AcDbEntity
  8
DEFAULT
 62
     1
100
AcDbSpline
210
0.0
220
0.0
230
1.0
 70
    11
 71
     3
 72
    92
 73
    88
 74
     0
 42
0.000000001
 43
0.0000000001
 40
1.0
 40
1.0
 40
1.0
 40
1.0
 40
2.0
 40
2.0
 40
2.0
 40
3.0
 40
3.0
 40
3.0
 40
4.0
 40
4.0
 40
4.0
 40
5.0
 40
5.0
 40
5.0
 40
6.0
 40
6.0
 40
6.0
 40
14.49900000000002
 40
14.49900000000002
 40
14.49900000000002
 40
15.49900000000002
 40
15.49900000000002
 40
15.49900000000002
 40
16.49900000000002
 40
16.49900000000002
 40
16.49900000000002
 40
17.49900000000002
 40
17.49900000000002
 40
17.49900000000002
 40
18.49900000000002
 40
18.49900000000002
 40
18.49900000000002
 40
19.49900000000002
 40
19.49900000000002
 40
19.49900000000002
 40
20.49900000000002
 40
20.49900000000002
 40
20.49900000000002
 40
21.49900000000002
 40
21.49900000000002
 40
21.49900000000002
 40
22.49900000000002
 40
22.49900000000002
 40
22.49900000000002
 40
23.49900000000002
 40
23.49900000000002
 40
23.49900000000002
 40
24.49900000000002
 40
24.49900000000002
 40
24.49900000000002
 40
25.49900000000002
 40
25.49900000000002
 40
25.49900000000002
 40
26.49900000000002
 40
26.49900000000002
 40
26.49900000000002
 40
27.49900000000002
 40
27.49900000000002
 40
27.49900000000002
 40
28.49900000000002
 40
28.49900000000002
 40
28.49900000000002
 40
29.49900000000002
 40
29.49900000000002
 40
29.49900000000002
 40
30.49900000000002
 40
30.49900000000002
 40
30.49900000000002
 40
31.49900000000002
 40
31.49900000000002
 40
31.49900000000002
 40
32.49900000000002
 40
32.49900000000002
 40
32.49900000000002
 40
33.49900000000002
 40
33.49900000000002
 40
33.49900000000002
 40
34.49900000000002
 40
34.49900000000002
 40
34.49900000000002
 40
35.49900000000002
 40
35.49900000000002
 40
35.49900000000002
 40
36.49900000000002
 40
36.49900000000002
 40
36.49900000000002
 40
37.49900000000002
 40
37.49900000000002
 40
37.49900000000002
 40
37.49900000000002
 10
188.2023936111111
 20
18.50160694444444
 30
0.0
 10
188.2020408333333
 20
16.49818194444444
 30
0.0
 10
188.2016880555556
 20
14.49440416666667
 30
0.0
 10
188.2013352777778
 20
12.49097916666667
 30
0.0
 10
188.2023936111111
 20
11.3204625
 30
0.0
 10
185.9396769444444
 20
10.36619861111111
 30
0.0
 10
185.3900491666667
 20
10.36725694444444
 30
0.0
 10
185.3332519444444
 20
10.36584583333333
 30
0.0
 10
184.8862825
 20
11.4855625
 30
0.0
 10
184.8848713888889
 20
12.8666875
 30
0.0
 10
184.8866352777778
 20
14.24816527777778
 30
0.0
 10
184.9349658333334
 20
15.02674583333333
 30
0.0
 10
184.9321436111111
 20
15.36894027777778
 30
0.0
 10
184.9335547222222
 20
16.0353375
 30
0.0
 10
184.9346130555556
 20
16.70173472222222
 30
0.0
 10
184.9360241666667
 20
17.36813194444444
 30
0.0
 10
183.9366047222222
 20
17.36813194444444
 30
0.0
 10
182.9371852777778
 20
17.36813194444444
 30
0.0
 10
181.9377658333333
 20
17.36813194444444
 30
0.0
 10
181.9367075
 20
16.70173472222222
 30
0.0
 10
181.9352963888889
 20
16.0353375
 30
0.0
 10
181.9342380555555
 20
15.36894027777778
 30
0.0
 10
181.9367075
 20
15.02674583333333
 30
0.0
 10
181.9843325
 20
14.25239861111111
 30
0.0
 10
181.9864491666667
 20
12.86774583333333
 30
0.0
 10
181.9875075
 20
11.49014861111111
 30
0.0
 10
181.5412436111111
 20
10.37607638888889
 30
0.0
 10
181.4851519444444
 20
10.36725694444444
 30
0.0
 10
180.8141686111111
 20
10.3679625
 30
0.0
 10
179.0502797222222
 20
11.11761527777778
 30
0.0
 10
179.0125325
 20
12.03624861111111
 30
0.0
 10
178.6290630555555
 20
21.25009861111111
 30
0.0
 10
170.9826047222222
 20
15.98206805555555
 30
0.0
 10
162.7861658333333
 20
16.38987916666667
 30
0.0
 10
155.4684963888889
 20
16.78992916666667
 30
0.0
 10
148.4683269444444
 20
19.77301805555555
 30
0.0
 10
148.8577936111111
 20
28.34551805555556
 30
0.0
 10
148.8288658333333
 20
28.39455416666667
 30
0.0
 10
149.5644075
 20
29.34634861111111
 30
0.0
 10
150.7522102777778
 20
30.04625972222222
 30
0.0
 10
151.9474213888889
 20
30.74722916666666
 30
0.0
 10
152.6420408333333
 20
31.1038875
 30
0.0
 10
152.9337880555556
 20
31.27357361111111
 30
0.0
 10
153.5088158333333
 20
31.61294583333333
 30
0.0
 10
154.0834908333333
 20
31.95196527777778
 30
0.0
 10
154.6585186111111
 20
32.2913375
 30
0.0
 10
154.1515769444445
 20
33.15211527777777
 30
0.0
 10
153.6446352777778
 20
34.01324583333334
 30
0.0
 10
153.1376936111111
 20
34.87402361111111
 30
0.0
 10
152.5626658333333
 20
34.53570972222222
 30
0.0
 10
151.9872852777778
 20
34.19774861111111
 30
0.0
 10
151.4122575
 20
33.85943472222222
 30
0.0
 10
151.1176880555556
 20
33.68586805555556
 30
0.0
 10
150.4742213888889
 20
33.25159861111111
 30
0.0
 10
149.2825380555556
 20
32.55098194444444
 30
0.0
 10
148.1014380555555
 20
31.85177638888889
 30
0.0
 10
146.9199852777778
 20
31.66692083333333
 30
0.0
 10
146.8737713888889
 20
31.7134875
 30
0.0
 10
145.8630630555556
 20
34.62037638888889
 30
0.0
 10
149.2984130555556
 20
36.86474861111111
 30
0.0
 10
151.9618852777778
 20
38.69425416666666
 30
0.0
 10
154.1346436111111
 20
40.18791527777777
 30
0.0
 10
157.6567769444444
 20
39.98295138888889
 30
0.0
 10
159.4439491666667
 20
37.19882916666667
 30
0.0
 10
160.0976463888889
 20
36.17471527777778
 30
0.0
 10
160.4073852777778
 20
34.52689027777777
 30
0.0
 10
159.7709741666667
 20
33.55851527777777
 30
0.0
 10
158.1605436111111
 20
31.51945972222222
 30
0.0
 10
157.4518130555556
 20
29.39397361111111
 30
0.0
 10
157.9763936111111
 20
27.53659861111111
 30
0.0
 10
159.2636797222222
 20
22.98717638888889
 30
0.0
 10
167.5207963888889
 20
21.53584861111111
 30
0.0
 10
176.1091713888889
 20
24.17885972222222
 30
0.0
 10
179.1416491666667
 20
25.1158375
 30
0.0
 10
181.8361658333333
 20
26.4429875
 30
0.0
 10
183.9895213888889
 20
27.96945694444444
 30
0.0
 10
184.6157019444444
 20
28.40125694444444
 30
0.0
 10
185.3544186111111
 20
28.21499027777778
 30
0.0
 10
184.9557797222222
 20
27.37185138888889
 30
0.0
 10
184.5691352777778
 20
26.56645972222222
 30
0.0
 10
184.0981769444444
 20
25.98367083333333
 30
0.0
 10
185.9760130555555
 20
24.84102361111111
 30
0.0
 10
186.2317769444444
 20
24.68756527777778
 30
0.0
 10
186.4730769444444
 20
24.5570375
 30
0.0
 10
186.6551102777778
 20
24.37077083333334
 30
0.0
 10
187.4837852777778
 20
23.50575972222222
 30
0.0
 10
188.2038047222222
 20
21.74610416666667
 30
0.0
 10
188.2023936111111
 20
18.50160694444444
 30
0.0
  0
SPLINE
  5
FE
330
1F
100
AcDbEntity
  8
DEFAULT
 62
     1
100
AcDbSpline
210
0.0
220
0.0
230
1.0
 70
    11
 71
     3
 72
    83
 73
    79
 74
     0
 42
0.000000001
 43
0.0000000001
 40
1.0
 40
1.0
 40
1.0
 40
1.0
 40
2.0
 40
2.0
 40
2.0
 40
3.0
 40
3.0
 40
3.0
 40
4.0
 40
4.0
 40
4.0
 40
5.0
 40
5.0
 40
5.0
 40
6.0
 40
6.0
 40
6.0
 40
7.0
 40
7.0
 40
7.0
 40
8.0
 40
8.0
 40
8.0
 40
9.0
 40
9.0
 40
9.0
 40
10.0
 40
10.0
 40
10.0
 40
11.0
 40
11.0
 40
11.0
 40
12.0
 40
12.0
 40
12.0
 40
13.0
 40
13.0
 40
13.0
 40
14.0
 40
14.0
 40
14.0
 40
22.49099999999999
 40
22.49099999999999
 40
22.49099999999999
 40
23.49099999999999
 40
23.49099999999999
 40
23.49099999999999
 40
24.49099999999999
 40
24.49099999999999
 40
24.49099999999999
 40
25.49099999999999
 40
25.49099999999999
 40
25.49099999999999
 40
26.49099999999999
 40
26.49099999999999
 40
26.49099999999999
 40
27.49099999999999
 40
27.49099999999999
 40
27.49099999999999
 40
28.49099999999999
 40
28.49099999999999
 40
28.49099999999999
 40
29.49099999999999
 40
29.49099999999999
 40
29.49099999999999
 40
30.49099999999999
 40
30.49099999999999
 40
30.49099999999999
 40
31.49099999999999
 40
31.49099999999999
 40
31.49099999999999
 40
32.49099999999999
 40
32.49099999999999
 40
32.49099999999999
 40
33.49099999999999
 40
33.49099999999999
 40
33.49099999999999
 40
34.49099999999999
 40
34.49099999999999
 40
34.49099999999999
 40
34.49099999999999
 10
182.8102558333333
 20
55.88155222222222
 30
0.0
 10
181.0319030555555
 20
57.12121333333334
 30
0.0
 10
179.4091252777778
 20
57.50679944444444
 30
0.0
 10
179.1194947222222
 20
57.30712722222222
 30
0.0
 10
179.1177308333333
 20
56.78678
 30
0.0
 10
179.1166725
 20
56.36979666666666
 30
0.0
 10
179.1166725
 20
56.36979666666666
 30
0.0
 10
178.2389613888889
 20
56.96987166666667
 30
0.0
 10
177.6840419444444
 20
57.82571055555555
 30
0.0
 10
176.3646530555556
 20
57.82429944444444
 30
0.0
 10
175.6619197222222
 20
57.82465222222223
 30
0.0
 10
174.7323502777778
 20
57.56606611111111
 30
0.0
 10
174.9560113888889
 20
56.95540777777778
 30
0.0
 10
174.4684725
 20
57.56571333333333
 30
0.0
 10
173.5875863888889
 20
58.14532722222222
 30
0.0
 10
172.9684613888889
 20
58.17954666666667
 30
0.0
 10
172.4276530555556
 20
58.13791888888888
 30
0.0
 10
171.6141475
 20
57.67683833333333
 30
0.0
 10
171.8388669444444
 20
57.07323555555555
 30
0.0
 10
170.9579808333334
 20
57.67754388888889
 30
0.0
 10
170.2344336111111
 20
57.82359388888889
 30
0.0
 10
169.5747391666667
 20
57.82465222222223
 30
0.0
 10
168.8688308333333
 20
57.82535777777777
 30
0.0
 10
168.0630863888889
 20
57.36674666666666
 30
0.0
 10
168.2842780555555
 20
56.76349666666666
 30
0.0
 10
167.4023336111111
 20
57.36074944444444
 30
0.0
 10
166.5676613888889
 20
57.52690777777777
 30
0.0
 10
166.2660363888889
 20
57.36815777777777
 30
0.0
 10
165.5894086111111
 20
57.01149944444445
 30
0.0
 10
165.6349169444445
 20
56.694705
 30
0.0
 10
165.6363280555555
 20
56.09886333333333
 30
0.0
 10
165.6282141666667
 20
56.04312444444444
 30
0.0
 10
164.5141419444444
 20
55.59756611111111
 30
0.0
 10
163.1376030555556
 20
55.59756611111111
 30
0.0
 10
161.7504808333333
 20
55.59897722222222
 30
0.0
 10
160.9768391666667
 20
55.64907166666667
 30
0.0
 10
160.6307641666667
 20
55.64660222222222
 30
0.0
 10
159.9650725
 20
55.64624944444444
 30
0.0
 10
159.2993808333333
 20
55.64589666666667
 30
0.0
 10
158.6336891666667
 20
55.64554388888888
 30
0.0
 10
158.6336891666667
 20
54.64706518518518
 30
0.0
 10
158.6336891666667
 20
53.64858648148148
 30
0.0
 10
158.6336891666667
 20
52.65010777777778
 30
0.0
 10
159.3004391666667
 20
52.64904944444444
 30
0.0
 10
159.9668363888889
 20
52.64834388888889
 30
0.0
 10
160.6335863888889
 20
52.64728555555556
 30
0.0
 10
160.9764863888889
 20
52.65010777777778
 30
0.0
 10
161.7497752777778
 20
52.69632166666667
 30
0.0
 10
163.1340752777778
 20
52.69914388888888
 30
0.0
 10
164.5173169444444
 20
52.69808555555555
 30
0.0
 10
165.6352697222222
 20
52.25111611111111
 30
0.0
 10
165.6342113888889
 20
52.19431888888889
 30
0.0
 10
165.6370336111111
 20
50.37892444444444
 30
0.0
 10
167.0760141666667
 20
48.33704666666667
 30
0.0
 10
179.3777280555555
 20
49.19923555555555
 30
0.0
 10
179.8603280555556
 20
49.23133833333333
 30
0.0
 10
179.9135975
 20
48.67430222222222
 30
0.0
 10
179.3742002777778
 20
48.37938
 30
0.0
 10
178.4633280555556
 20
47.88619666666667
 30
0.0
 10
177.4360391666667
 20
47.44981055555555
 30
0.0
 10
176.3226725
 20
47.08256888888889
 30
0.0
 10
173.8154808333333
 20
46.25812722222222
 30
0.0
 10
170.8496780555556
 20
45.78328833333333
 30
0.0
 10
167.6757363888889
 20
45.78081888888889
 30
0.0
 10
158.6897808333333
 20
45.78434666666666
 30
0.0
 10
151.2264141666667
 20
49.60351888888889
 30
0.0
 10
151.3357752777778
 20
54.33003555555555
 30
0.0
 10
151.3819891666667
 20
56.25973
 30
0.0
 10
152.6847975
 20
58.08218
 30
0.0
 10
154.8247475
 20
59.55643833333333
 30
0.0
 10
157.8371169444444
 20
61.62900777777778
 30
0.0
 10
162.5096586111111
 20
63.01119111111111
 30
0.0
 10
167.6760891666667
 20
63.00836888888889
 30
0.0
 10
175.2791558333333
 20
63.00907444444444
 30
0.0
 10
181.6647863888889
 20
60.27293
 30
0.0
 10
183.4935863888889
 20
56.57229111111111
 30
0.0
 10
183.7542891666667
 20
56.04524111111111
 30
0.0
 10
183.1983113888889
 20
55.61026611111111
 30
0.0
 10
182.8102558333333
 20
55.88155222222222
 30
0.0
  0
SPLINE
  5
FF
330
1F
100
AcDbEntity
  8
DEFAULT
 62
     1
100
AcDbSpline
210
0.0
220
0.0
230
1.0
 70
    11
 71
     3
 72
    83
 73
    79
 74
     0
 42
0.000000001
 43
0.0000000001
 40
1.0
 40
1.0
 40
1.0
 40
1.0
 40
2.0
 40
2.0
 40
2.0
 40
3.0
 40
3.0
 40
3.0
 40
4.0
 40
4.0
 40
4.0
 40
5.0
 40
5.0
 40
5.0
 40
6.0
 40
6.0
 40
6.0
 40
7.0
 40
7.0
 40
7.0
 40
8.0
 40
8.0
 40
8.0
 40
9.0
 40
9.0
 40
9.0
 40
10.0
 40
10.0
 40
10.0
 40
11.0
 40
11.0
 40
11.0
 40
12.0
 40
12.0
 40
12.0
 40
13.0
 40
13.0
 40
13.0
 40
14.0
 40
14.0
 40
14.0
 40
15.0
 40
15.0
 40
15.0
 40
16.0
 40
16.0
 40
16.0
 40
17.0
 40
17.0
 40
17.0
 40
18.0
 40
18.0
 40
18.0
 40
19.0
 40
19.0
 40
19.0
 40
20.0
 40
20.0
 40
20.0
 40
21.0
 40
21.0
 40
21.0
 40
22.0
 40
22.0
 40
22.0
 40
23.0
 40
23.0
 40
23.0
 40
24.0
 40
24.0
 40
24.0
 40
25.0
 40
25.0
 40
25.0
 40
26.0
 40
26.0
 40
26.0
 40
27.0
 40
27.0
 40
27.0
 40
27.0
 10
56.4935511111111
 20
119.2007888888889
 30
0.0
 10
56.43110944444444
 20
118.2024277777778
 30
0.0
 10
56.36902055555554
 20
117.2040666666666
 30
0.0
 10
56.30657888888888
 20
116.2057055555555
 30
0.0
 10
56.97085944444444
 20
116.1644305555555
 30
0.0
 10
57.63549277777776
 20
116.1235083333333
 30
0.0
 10
58.29977333333333
 20
116.0822333333333
 30
0.0
 10
58.64196777777777
 20
116.0610666666667
 30
0.0
 10
59.42160666666666
 20
116.0610666666667
 30
0.0
 10
60.80096777777777
 20
115.9764
 30
0.0
 10
62.1768011111111
 20
115.8917333333333
 30
0.0
 10
63.26688444444443
 20
115.3766777777778
 30
0.0
 10
63.26688444444443
 20
115.3202333333333
 30
0.0
 10
63.12577333333333
 20
113.0377611111111
 30
0.0
 10
60.93502333333333
 20
110.4272055555555
 30
0.0
 10
59.27343999999999
 20
110.5295111111111
 30
0.0
 10
49.87896777777777
 20
112.0182333333333
 30
0.0
 10
48.21385666666666
 20
120.9470388888889
 30
0.0
 10
45.74088444444444
 20
124.1008722222222
 30
0.0
 10
44.51674555555554
 20
125.6848444444444
 30
0.0
 10
42.34363444444444
 20
126.3163166666667
 30
0.0
 10
40.40688444444444
 20
125.5049277777778
 30
0.0
 10
38.40663444444444
 20
124.6688444444444
 30
0.0
 10
33.04441222222221
 20
125.1239277777778
 30
0.0
 10
25.1245511111111
 20
121.8113444444444
 30
0.0
 10
22.27410666666666
 20
120.6189555555555
 30
0.0
 10
23.93568999999999
 20
118.6187055555556
 30
0.0
 10
21.27574555555555
 20
117.5074555555555
 30
0.0
 10
19.34605111111111
 20
116.6995944444444
 30
0.0
 10
18.26655111111111
 20
114.7064
 30
0.0
 10
18.53466222222222
 20
112.7202611111111
 30
0.0
 10
18.62285666666666
 20
111.1962611111111
 30
0.0
 10
17.51160666666666
 20
107.68965
 30
0.0
 10
16.2345511111111
 20
104.38765
 30
0.0
 10
15.89235666666666
 20
103.5515666666666
 30
0.0
 10
15.23266222222222
 20
102.8460111111111
 30
0.0
 10
14.33307888888888
 20
102.4720666666666
 30
0.0
 10
12.53391222222222
 20
101.72065
 30
0.0
 10
10.47016222222221
 20
102.5708444444444
 30
0.0
 10
9.71874555555555
 20
104.3664833333333
 30
0.0
 10
8.96380111111111
 20
106.16565
 30
0.0
 10
9.813995555555552
 20
108.2294
 30
0.0
 10
11.61316222222222
 20
108.9808166666667
 30
0.0
 10
12.69266222222222
 20
109.4323722222222
 30
0.0
 10
14.37541222222222
 20
112.9037055555555
 30
0.0
 10
15.81474555555555
 20
116.6255111111111
 30
0.0
 10
17.09180111111111
 20
119.9275111111111
 30
0.0
 10
18.19952333333333
 20
123.43765
 30
0.0
 10
18.11132888888888
 20
124.9651777777778
 30
0.0
 10
17.84321777777777
 20
126.9477888888889
 30
0.0
 10
18.91918999999999
 20
128.9445111111111
 30
0.0
 10
20.85241222222222
 20
129.7523722222222
 30
0.0
 10
22.00599555555555
 20
130.23215
 30
0.0
 10
23.2513011111111
 20
130.2004
 30
0.0
 10
24.32021777777777
 20
129.7629555555555
 30
0.0
 10
25.89360666666666
 20
129.1173722222222
 30
0.0
 10
36.80149555555555
 20
133.4882888888889
 30
0.0
 10
37.53880111111111
 20
135.2839277777778
 30
0.0
 10
37.97624555555554
 20
136.3528444444444
 30
0.0
 10
38.82996777777777
 20
137.2594833333333
 30
0.0
 10
39.98002333333333
 20
137.7427888888889
 30
0.0
 10
41.91324555555555
 20
138.55065
 30
0.0
 10
44.08988444444444
 20
137.9191777777778
 30
0.0
 10
45.31402333333332
 20
136.3352055555555
 30
0.0
 10
47.78346777777777
 20
133.1813722222222
 30
0.0
 10
50.63391222222222
 20
124.1784833333333
 30
0.0
 10
60.02838444444444
 20
122.6897611111111
 30
0.0
 10
61.68996777777777
 20
122.5839277777778
 30
0.0
 10
63.65141222222221
 20
121.5009
 30
0.0
 10
63.50677333333332
 20
119.2149
 30
0.0
 10
63.50324555555554
 20
119.1655111111111
 30
0.0
 10
62.36024555555554
 20
118.7845111111111
 30
0.0
 10
60.98088444444443
 20
118.8727055555555
 30
0.0
 10
59.60152333333333
 20
118.9573722222222
 30
0.0
 10
58.82893999999999
 20
119.05615
 30
0.0
 10
58.48674555555555
 20
119.0737888888889
 30
0.0
 10
57.82246499999999
 20
119.1161222222222
 30
0.0
 10
57.15783166666666
 20
119.1584555555555
 30
0.0
 10
56.4935511111111
 20
119.2007888888889
 30
0.0
  0
POLYLINE
  5
100
330
1F
100
AcDbEntity
  8
DEFAULT
 62
    18
100
AcDb2dPolyline
 66
     1
 10
0.0
 20
0.0
 30
0.0
  0
VERTEX
  5
101
330
100
100
AcDbEntity
  8
DEFAULT
 62
    18
100
AcDbVertex
100
AcDb2dVertex
 10
53.8292675
 20
118.9579013888889
 30
0.0
  0
VERTEX
  5
102
330
100
100
AcDbEntity
  8
DEFAULT
 62
    18
100
AcDbVertex
100
AcDb2dVertex
 10
53.6941536111111
 20
116.7794986111111
 30
0.0
  0
SEQEND
  5
103
330
100
100
AcDbEntity
  8
DEFAULT
 62
    18
  0
SPLINE
  5
104
330
1F
100
AcDbEntity
  8
DEFAULT
 62
     1
100
AcDbSpline
210
0.0
220
0.0
230
1.0
 70
    11
 71
     3
 72
    89
 73
    85
 74
     0
 42
0.000000001
 43
0.0000000001
 40
1.0
 40
1.0
 40
1.0
 40
1.0
 40
2.0
 40
2.0
 40
2.0
 40
7.672539114012363
 40
7.672539114012363
 40
7.672539114012363
 40
8.672539114012363
 40
8.672539114012363
 40
8.672539114012363
 40
9.672539114012363
 40
9.672539114012363
 40
9.672539114012363
 40
10.67253911401236
 40
10.67253911401236
 40
10.67253911401236
 40
11.67253911401236
 40
11.67253911401236
 40
11.67253911401236
 40
12.67253911401236
 40
12.67253911401236
 40
12.67253911401236
 40
13.67253911401236
 40
13.67253911401236
 40
13.67253911401236
 40
14.67253911401236
 40
14.67253911401236
 40
14.67253911401236
 40
15.67253911401236
 40
15.67253911401236
 40
15.67253911401236
 40
16.67253911401236
 40
16.67253911401236
 40
16.67253911401236
 40
17.67253911401236
 40
17.67253911401236
 40
17.67253911401236
 40
18.67253911401236
 40
18.67253911401236
 40
18.67253911401236
 40
19.67253911401236
 40
19.67253911401236
 40
19.67253911401236
 40
20.67253911401236
 40
20.67253911401236
 40
20.67253911401236
 40
21.67253911401236
 40
21.67253911401236
 40
21.67253911401236
 40
22.67253911401236
 40
22.67253911401236
 40
22.67253911401236
 40
23.67253911401236
 40
23.67253911401236
 40
23.67253911401236
 40
24.67253911401236
 40
24.67253911401236
 40
24.67253911401236
 40
25.67253911401236
 40
25.67253911401236
 40
25.67253911401236
 40
26.67253911401236
 40
26.67253911401236
 40
26.67253911401236
 40
27.67253911401236
 40
27.67253911401236
 40
27.67253911401236
 40
28.67253911401236
 40
28.67253911401236
 40
28.67253911401236
 40
29.67253911401236
 40
29.67253911401236
 40
29.67253911401236
 40
30.67253911401236
 40
30.67253911401236
 40
30.67253911401236
 40
31.67253911401236
 40
31.67253911401236
 40
31.67253911401236
 40
32.67253911401237
 40
32.67253911401237
 40
32.67253911401237
 40
33.67253911401237
 40
33.67253911401237
 40
33.67253911401237
 40
33.67253911401237
 10
57.05457361111111
 20
87.82819055555555
 30
0.0
 10
56.90534861111111
 20
86.83935444444444
 30
0.0
 10
56.75577083333332
 20
85.85016555555555
 30
0.0
 10
56.60654583333333
 20
84.86132944444444
 30
0.0
 10
57.26624027777778
 20
84.76255166666665
 30
0.0
 10
57.92593472222222
 20
84.66377388888888
 30
0.0
 10
58.58562916666666
 20
84.56499611111111
 30
0.0
 10
58.92429583333333
 20
84.51560722222222
 30
0.0
 10
59.69687916666666
 20
84.44505166666666
 30
0.0
 10
61.06565694444444
 20
84.24044055555555
 30
0.0
 10
62.43090694444444
 20
84.03582944444445
 30
0.0
 10
63.46454583333333
 20
83.43257944444444
 30
0.0
 10
63.46454583333333
 20
83.37260722222221
 30
0.0
 10
63.12940694444444
 20
81.16774611111111
 30
0.0
 10
60.89632361111111
 20
78.75121833333333
 30
0.0
 10
59.25943472222222
 20
78.86763499999999
 30
0.0
 10
59.22062916666665
 20
78.87116277777777
 30
0.0
 10
59.17829583333333
 20
78.87469055555556
 30
0.0
 10
59.13949027777777
 20
78.88174611111111
 30
0.0
 10
49.74501805555555
 20
80.37046833333332
 30
0.0
 10
48.63024027777777
 20
89.49682944444443
 30
0.0
 10
46.15726805555555
 20
92.64713499999999
 30
0.0
 10
44.93312916666666
 20
94.23110722222222
 30
0.0
 10
42.76001805555555
 20
94.86257944444445
 30
0.0
 10
40.82679583333333
 20
94.05471833333333
 30
0.0
 10
38.82301805555555
 20
93.21863499999999
 30
0.0
 10
33.46785138888889
 20
93.67724611111112
 30
0.0
 10
25.55151805555555
 20
90.36819055555556
 30
0.0
 10
22.70107361111111
 20
89.17580166666666
 30
0.0
 10
24.35560138888889
 20
87.17202388888887
 30
0.0
 10
21.69918472222222
 20
86.06077388888889
 30
0.0
 10
19.7659625
 20
85.25291277777777
 30
0.0
 10
18.6864625
 20
83.25619055555555
 30
0.0
 10
18.95457361111111
 20
81.27357944444444
 30
0.0
 10
19.04276805555556
 20
79.74605166666666
 30
0.0
 10
17.92799027777778
 20
76.232385
 30
0.0
 10
16.65093472222222
 20
72.93391277777778
 30
0.0
 10
16.30874027777778
 20
72.09430166666667
 30
0.0
 10
15.65257361111111
 20
71.39932944444445
 30
0.0
 10
14.75651805555555
 20
71.025385
 30
0.0
 10
12.95382361111111
 20
70.2774961111111
 30
0.0
 10
10.89007361111111
 20
71.12063500000001
 30
0.0
 10
10.13865694444444
 20
72.91980166666667
 30
0.0
 10
9.387240277777776
 20
74.71896833333334
 30
0.0
 10
10.23743472222222
 20
76.78271833333334
 30
0.0
 10
12.03307361111111
 20
77.53413499999999
 30
0.0
 10
13.11610138888889
 20
77.98921833333333
 30
0.0
 10
14.79532361111111
 20
81.45702388888888
 30
0.0
 10
16.23818472222222
 20
85.18235722222222
 30
0.0
 10
17.5117125
 20
88.48435722222223
 30
0.0
 10
18.6229625
 20
91.99096833333333
 30
0.0
 10
18.53476805555556
 20
93.51496833333331
 30
0.0
 10
18.26665694444444
 20
95.50110722222223
 30
0.0
 10
19.34615694444444
 20
97.49430166666666
 30
0.0
 10
21.27585138888889
 20
98.30216277777778
 30
0.0
 10
22.42943472222222
 20
98.78546833333331
 30
0.0
 10
23.67474027777778
 20
98.75371833333332
 30
0.0
 10
24.74365694444444
 20
98.31627388888889
 30
0.0
 10
26.31704583333333
 20
97.67069055555555
 30
0.0
 10
37.2284625
 20
102.0486627777778
 30
0.0
 10
37.96576805555555
 20
103.8407738888889
 30
0.0
 10
38.4032125
 20
104.9132183333333
 30
0.0
 10
39.25693472222222
 20
105.8198572222222
 30
0.0
 10
40.40699027777777
 20
106.299635
 30
0.0
 10
42.34374027777778
 20
107.1110238888889
 30
0.0
 10
44.51685138888889
 20
106.4795516666667
 30
0.0
 10
45.74099027777778
 20
104.8955794444445
 30
0.0
 10
48.21396249999999
 20
101.7417461111111
 30
0.0
 10
49.8790736111111
 20
92.81294055555556
 30
0.0
 10
59.27354583333332
 20
91.32421833333333
 30
0.0
 10
60.08140694444445
 20
91.2007461111111
 30
0.0
 10
60.89632361111111
 20
91.84632944444445
 30
0.0
 10
61.68301805555555
 20
91.77577388888889
 30
0.0
 10
63.33049027777777
 20
91.52882944444443
 30
0.0
 10
64.38529583333333
 20
89.49682944444443
 30
0.0
 10
64.04662916666666
 20
87.2319961111111
 30
0.0
 10
64.03957361111111
 20
87.17907944444444
 30
0.0
 10
62.86482361111111
 20
86.90391277777778
 30
0.0
 10
61.49604583333333
 20
87.10852388888888
 30
0.0
 10
60.13079583333333
 20
87.31666277777778
 30
0.0
 10
59.36879583333333
 20
87.47894055555555
 30
0.0
 10
59.03012916666666
 20
87.52832944444444
 30
0.0
 10
58.37149305555555
 20
87.62816555555555
 30
0.0
 10
57.71320972222222
 20
87.72835444444445
 30
0.0
 10
57.05457361111111
 20
87.82819055555555
 30
0.0
  0
POLYLINE
  5
105
330
1F
100
AcDbEntity
  8
DEFAULT
 62
    18
100
AcDb2dPolyline
 66
     1
 10
0.0
 20
0.0
 30
0.0
  0
VERTEX
  5
106
330
105
100
AcDbEntity
  8
DEFAULT
 62
    18
100
AcDbVertex
100
AcDb2dVertex
 10
53.72523333333332
 20
87.91465638888886
 30
0.0
  0
VERTEX
  5
107
330
105
100
AcDbEntity
  8
DEFAULT
 62
    18
100
AcDbVertex
100
AcDb2dVertex
 10
53.40067777777778
 20
85.75600916666664
 30
0.0
  0
SEQEND
  5
108
330
105
100
AcDbEntity
  8
DEFAULT
 62
    18
  0
POLYLINE
  5
109
330
1F
100
AcDbEntity
  8
DEFAULT
 62
    18
100
AcDb2dPolyline
 66
     1
 10
0.0
 20
0.0
 30
0.0
  0
VERTEX
  5
10A
330
109
100
AcDbEntity
  8
DEFAULT
 62
    18
100
AcDbVertex
100
AcDb2dVertex
 10
55.03368611111113
 20
87.71865305555556
 30
0.0
  0
VERTEX
  5
10B
330
109
100
AcDbEntity
  8
DEFAULT
 62
    18
100
AcDbVertex
100
AcDb2dVertex
 10
54.70913055555557
 20
85.55965305555556
 30
0.0
  0
SEQEND
  5
10C
330
109
100
AcDbEntity
  8
DEFAULT
 62
    18
  0
SPLINE
  5
10D
330
1F
100
AcDbEntity
  8
DEFAULT
 62
     1
100
AcDbSpline
210
0.0
220
0.0
230
1.0
 70
    11
 71
     3
 72
    89
 73
    85
 74
     0
 42
0.000000001
 43
0.0000000001
 40
1.0
 40
1.0
 40
1.0
 40
1.0
 40
2.0
 40
2.0
 40
2.0
 40
3.0
 40
3.0
 40
3.0
 40
4.0
 40
4.0
 40
4.0
 40
5.0
 40
5.0
 40
5.0
 40
6.0
 40
6.0
 40
6.0
 40
7.0
 40
7.0
 40
7.0
 40
8.0
 40
8.0
 40
8.0
 40
9.0
 40
9.0
 40
9.0
 40
10.0
 40
10.0
 40
10.0
 40
11.0
 40
11.0
 40
11.0
 40
12.0
 40
12.0
 40
12.0
 40
13.0
 40
13.0
 40
13.0
 40
14.0
 40
14.0
 40
14.0
 40
15.0
 40
15.0
 40
15.0
 40
16.0
 40
16.0
 40
16.0
 40
17.0
 40
17.0
 40
17.0
 40
18.0
 40
18.0
 40
18.0
 40
19.0
 40
19.0
 40
19.0
 40
20.0
 40
20.0
 40
20.0
 40
21.0
 40
21.0
 40
21.0
 40
22.0
 40
22.0
 40
22.0
 40
23.0
 40
23.0
 40
23.0
 40
24.0
 40
24.0
 40
24.0
 40
25.0
 40
25.0
 40
25.0
 40
26.0
 40
26.0
 40
26.0
 40
27.0
 40
27.0
 40
27.0
 40
28.0
 40
28.0
 40
28.0
 40
29.0
 40
29.0
 40
29.0
 40
29.0
 10
57.61887694444444
 20
56.44938333333333
 30
0.0
 10
57.38498527777777
 20
55.476775
 30
0.0
 10
57.15074083333333
 20
54.50451944444444
 30
0.0
 10
56.91684916666667
 20
53.53191111111111
 30
0.0
 10
57.56490194444444
 20
53.37668888888889
 30
0.0
 10
58.21260194444444
 20
53.22146666666666
 30
0.0
 10
58.86065472222222
 20
53.06624444444444
 30
0.0
 10
59.19226583333334
 20
52.98510555555556
 30
0.0
 10
59.95779361111111
 20
52.85105
 30
0.0
 10
61.30540472222221
 20
52.52649444444444
 30
0.0
 10
62.6424325
 20
52.20193888888889
 30
0.0
 10
63.61962694444444
 20
51.51402222222222
 30
0.0
 10
63.61962694444444
 20
51.45405
 30
0.0
 10
63.07987694444444
 20
49.22802222222222
 30
0.0
 10
60.60690472222222
 20
46.89616111111111
 30
0.0
 10
58.99118249999999
 20
47.28774444444444
 30
0.0
 10
49.5931825
 20
48.77646666666666
 30
0.0
 10
49.05696027777778
 20
58.06157777777777
 30
0.0
 10
46.58751583333333
 20
61.21541111111111
 30
0.0
 10
45.36337694444444
 20
62.79585555555555
 30
0.0
 10
43.18673805555556
 20
63.42732777777778
 30
0.0
 10
41.25351583333333
 20
62.61946666666667
 30
0.0
 10
39.24973805555556
 20
61.78338333333333
 30
0.0
 10
33.89104361111111
 20
62.23846666666666
 30
0.0
 10
25.97471027777778
 20
58.92941111111111
 30
0.0
 10
23.12073805555556
 20
57.73702222222222
 30
0.0
 10
24.77526583333334
 20
55.71560555555555
 30
0.0
 10
22.11532138888889
 20
54.60435555555556
 30
0.0
 10
20.18209916666667
 20
53.79649444444444
 30
0.0
 10
19.10612694444445
 20
51.79977222222222
 30
0.0
 10
19.37071027777778
 20
49.8171611111111
 30
0.0
 10
19.4624325
 20
48.29668888888888
 30
0.0
 10
18.3511825
 20
44.79360555555556
 30
0.0
 10
17.07765472222222
 20
41.49866111111111
 30
0.0
 10
16.73546027777778
 20
40.66257777777778
 30
0.0
 10
16.07576583333334
 20
39.96055
 30
0.0
 10
15.1761825
 20
39.58307777777777
 30
0.0
 10
13.37348805555556
 20
38.83518888888889
 30
0.0
 10
11.30973805555555
 20
39.68185555555556
 30
0.0
 10
10.56184916666667
 20
41.47749444444445
 30
0.0
 10
9.806904722222225
 20
43.27666111111111
 30
0.0
 10
10.65357138888889
 20
45.33688333333333
 30
0.0
 10
12.44921027777778
 20
46.0883
 30
0.0
 10
13.53223805555556
 20
46.53985555555555
 30
0.0
 10
15.21146027777778
 20
50.00766111111111
 30
0.0
 10
16.65079361111112
 20
53.73652222222222
 30
0.0
 10
17.92784916666667
 20
57.03499444444444
 30
0.0
 10
19.04262694444445
 20
60.54866111111111
 30
0.0
 10
18.9544325
 20
62.07618888888889
 30
0.0
 10
18.68632138888889
 20
64.05879999999999
 30
0.0
 10
19.76582138888889
 20
66.05552222222222
 30
0.0
 10
21.69904361111112
 20
66.86338333333333
 30
0.0
 10
22.85262694444445
 20
67.34668888888888
 30
0.0
 10
24.09440472222222
 20
67.31493888888889
 30
0.0
 10
25.16684916666667
 20
66.87396666666667
 30
0.0
 10
26.74023805555556
 20
66.22838333333333
 30
0.0
 10
37.6551825
 20
70.60988333333333
 30
0.0
 10
38.39248805555555
 20
72.40552222222222
 30
0.0
 10
38.82993250000001
 20
73.47796666666667
 30
0.0
 10
39.67307138888889
 20
74.37402222222222
 30
0.0
 10
40.82665472222222
 20
74.85732777777778
 30
0.0
 10
42.75987694444444
 20
75.66518888888889
 30
0.0
 10
44.93298805555555
 20
75.03371666666666
 30
0.0
 10
46.15712694444444
 20
73.44974444444443
 30
0.0
 10
48.63009916666667
 20
70.29943888888889
 30
0.0
 10
49.74487694444445
 20
61.17307777777777
 30
0.0
 10
59.13934916666667
 20
59.68435555555555
 30
0.0
 10
59.17815472222222
 20
59.6773
 30
0.0
 10
59.22048805555555
 20
59.67377222222222
 30
0.0
 10
59.25929361111111
 20
59.67024444444444
 30
0.0
 10
60.47990472222222
 20
59.52560555555555
 30
0.0
 10
61.82751583333334
 20
60.17824444444444
 30
0.0
 10
62.57540472222222
 20
59.98068888888888
 30
0.0
 10
64.19465472222223
 20
59.58910555555556
 30
0.0
 10
65.06954361111111
 20
57.47243888888889
 30
0.0
 10
64.53332138888888
 20
55.24641111111111
 30
0.0
 10
64.51921027777777
 20
55.19702222222222
 30
0.0
 10
63.32682138888889
 20
55.02416111111111
 30
0.0
 10
61.98273805555556
 20
55.34518888888889
 30
0.0
 10
60.63865472222222
 20
55.66974444444444
 30
0.0
 10
59.89782138888889
 20
55.89905
 30
0.0
 10
59.56268249999999
 20
55.98018888888888
 30
0.0
 10
58.91462972222222
 20
56.13646944444444
 30
0.0
 10
58.26692972222222
 20
56.29310277777777
 30
0.0
 10
57.61887694444444
 20
56.44938333333333
 30
0.0
  0
POLYLINE
  5
10E
330
1F
100
AcDbEntity
  8
DEFAULT
 62
    18
100
AcDb2dPolyline
 66
     1
 10
0.0
 20
0.0
 30
0.0
  0
VERTEX
  5
10F
330
10E
100
AcDbEntity
  8
DEFAULT
 62
    18
100
AcDbVertex
100
AcDb2dVertex
 10
54.31158527777777
 20
56.8269613888889
 30
0.0
  0
VERTEX
  5
110
330
10E
100
AcDbEntity
  8
DEFAULT
 62
    18
100
AcDbVertex
100
AcDb2dVertex
 10
53.80041027777777
 20
54.70465027777778
 30
0.0
  0
SEQEND
  5
111
330
10E
100
AcDbEntity
  8
DEFAULT
 62
    18
  0
POLYLINE
  5
112
330
1F
100
AcDbEntity
  8
DEFAULT
 62
    18
100
AcDb2dPolyline
 66
     1
 10
0.0
 20
0.0
 30
0.0
  0
VERTEX
  5
113
330
112
100
AcDbEntity
  8
DEFAULT
 62
    18
100
AcDbVertex
100
AcDb2dVertex
 10
54.95512249999999
 20
56.67159805555554
 30
0.0
  0
VERTEX
  5
114
330
112
100
AcDbEntity
  8
DEFAULT
 62
    18
100
AcDbVertex
100
AcDb2dVertex
 10
54.44394749999999
 20
54.54963972222223
 30
0.0
  0
SEQEND
  5
115
330
112
100
AcDbEntity
  8
DEFAULT
 62
    18
  0
POLYLINE
  5
116
330
1F
100
AcDbEntity
  8
DEFAULT
 62
    18
100
AcDb2dPolyline
 66
     1
 10
0.0
 20
0.0
 30
0.0
  0
VERTEX
  5
117
330
116
100
AcDbEntity
  8
DEFAULT
 62
    18
100
AcDbVertex
100
AcDb2dVertex
 10
55.59798944444444
 20
56.51690499999999
 30
0.0
  0
VERTEX
  5
118
330
116
100
AcDbEntity
  8
DEFAULT
 62
    18
100
AcDbVertex
100
AcDb2dVertex
 10
55.08681444444443
 20
54.39459388888888
 30
0.0
  0
SEQEND
  5
119
330
116
100
AcDbEntity
  8
DEFAULT
 62
    18
  0
SPLINE
  5
11A
330
1F
100
AcDbEntity
  8
DEFAULT
 62
     1
100
AcDbSpline
210
0.0
220
0.0
230
1.0
 70
    11
 71
     3
 72
    89
 73
    85
 74
     0
 42
0.000000001
 43
0.0000000001
 40
1.0
 40
1.0
 40
1.0
 40
1.0
 40
2.0
 40
2.0
 40
2.0
 40
3.0
 40
3.0
 40
3.0
 40
4.0
 40
4.0
 40
4.0
 40
5.0
 40
5.0
 40
5.0
 40
6.0
 40
6.0
 40
6.0
 40
7.0
 40
7.0
 40
7.0
 40
8.0
 40
8.0
 40
8.0
 40
9.0
 40
9.0
 40
9.0
 40
10.0
 40
10.0
 40
10.0
 40
11.0
 40
11.0
 40
11.0
 40
12.0
 40
12.0
 40
12.0
 40
13.0
 40
13.0
 40
13.0
 40
14.0
 40
14.0
 40
14.0
 40
15.0
 40
15.0
 40
15.0
 40
16.0
 40
16.0
 40
16.0
 40
17.0
 40
17.0
 40
17.0
 40
18.0
 40
18.0
 40
18.0
 40
19.0
 40
19.0
 40
19.0
 40
20.0
 40
20.0
 40
20.0
 40
21.0
 40
21.0
 40
21.0
 40
22.0
 40
22.0
 40
22.0
 40
23.0
 40
23.0
 40
23.0
 40
24.0
 40
24.0
 40
24.0
 40
25.0
 40
25.0
 40
25.0
 40
26.0
 40
26.0
 40
26.0
 40
27.0
 40
27.0
 40
27.0
 40
28.0
 40
28.0
 40
28.0
 40
29.0
 40
29.0
 40
29.0
 40
29.0
 10
64.97432888888889
 20
23.24936083333333
 30
0.0
 10
64.95669
 20
23.19997194444444
 30
0.0
 10
63.75371777777777
 20
23.12941638888888
 30
0.0
 10
62.44138444444444
 20
23.57038861111111
 30
0.0
 10
61.13257888888888
 20
24.00783305555555
 30
0.0
 10
60.41291222222222
 20
24.30416638888888
 30
0.0
 10
60.08835666666667
 20
24.40999972222222
 30
0.0
 10
59.45582611111111
 20
24.62272472222222
 30
0.0
 10
58.82294277777777
 20
24.8358025
 30
0.0
 10
58.19041222222222
 20
25.0485275
 30
0.0
 10
57.87291222222222
 20
24.10061361111111
 30
0.0
 10
57.55541222222222
 20
23.1530525
 30
0.0
 10
57.23791222222222
 20
22.20513861111111
 30
0.0
 10
57.86938444444444
 20
21.99241361111111
 30
0.0
 10
58.50085666666666
 20
21.77933583333333
 30
0.0
 10
59.13232888888889
 20
21.56661083333333
 30
0.0
 10
59.45688444444443
 20
21.4607775
 30
0.0
 10
60.20830111111111
 20
21.25969416666667
 30
0.0
 10
61.52063444444445
 20
20.81872194444444
 30
0.0
 10
62.83296777777777
 20
20.37774972222222
 30
0.0
 10
63.75019
 20
19.60163861111111
 30
0.0
 10
63.72902333333333
 20
19.54872194444444
 30
0.0
 10
63.00230111111111
 20
17.37913861111111
 30
0.0
 10
60.44466222222222
 20
15.34008305555555
 30
0.0
 10
58.82894
 20
15.73519416666667
 30
0.0
 10
49.58969
 20
18.0000275
 30
0.0
 10
49.56146777777778
 20
26.4137775
 30
0.0
 10
47.08849555555555
 20
29.56761083333333
 30
0.0
 10
45.86435666666667
 20
31.15158305555555
 30
0.0
 10
43.69124555555555
 20
31.78305527777777
 30
0.0
 10
41.75449555555556
 20
30.97519416666666
 30
0.0
 10
39.75424555555556
 20
30.13911083333333
 30
0.0
 10
34.39555111111111
 20
30.59419416666667
 30
0.0
 10
26.47569
 20
27.28513861111111
 30
0.0
 10
23.62524555555556
 20
26.09274972222222
 30
0.0
 10
25.27624555555555
 20
24.07133305555555
 30
0.0
 10
22.61982888888889
 20
22.96008305555556
 30
0.0
 10
20.68660666666667
 20
22.15222194444444
 30
0.0
 10
19.60710666666667
 20
20.15549972222222
 30
0.0
 10
19.87521777777778
 20
18.17288861111111
 30
0.0
 10
19.96341222222222
 20
16.64888861111111
 30
0.0
 10
18.84863444444445
 20
13.13169416666667
 30
0.0
 10
17.57157888888889
 20
9.829694166666666
 30
0.0
 10
17.22938444444445
 20
8.997138611111112
 30
0.0
 10
16.49913444444445
 20
8.513833055555553
 30
0.0
 10
15.59955111111111
 20
8.139888611111111
 30
0.0
 10
13.79685666666667
 20
7.391999722222221
 30
0.0
 10
11.73663444444445
 20
8.23866638888889
 30
0.0
 10
10.98521777777778
 20
10.03430527777778
 30
0.0
 10
10.23027333333333
 20
11.83347194444444
 30
0.0
 10
11.08046777777778
 20
13.89722194444444
 30
0.0
 10
12.87963444444445
 20
14.64863861111111
 30
0.0
 10
13.95913444444444
 20
15.10372194444444
 30
0.0
 10
15.63130111111111
 20
18.54683305555556
 30
0.0
 10
17.07063444444445
 20
22.26863861111111
 30
0.0
 10
17.07416222222222
 20
22.27569416666666
 30
0.0
 10
17.07769
 20
22.2862775
 30
0.0
 10
17.07769
 20
22.29333305555555
 30
0.0
 10
18.35121777777778
 20
25.5882775
 30
0.0
 10
19.46246777777778
 20
29.09136083333333
 30
0.0
 10
19.37074555555555
 20
30.61183305555555
 30
0.0
 10
19.10616222222222
 20
32.59444416666666
 30
0.0
 10
20.18213444444445
 20
34.59116638888888
 30
0.0
 10
22.11535666666667
 20
35.3990275
 30
0.0
 10
23.26894
 20
35.88233305555556
 30
0.0
 10
24.51071777777778
 20
35.85058305555555
 30
0.0
 10
25.58316222222222
 20
35.41313861111111
 30
0.0
 10
27.15655111111111
 20
34.76755527777777
 30
0.0
 10
38.07502333333333
 20
39.15963861111111
 30
0.0
 10
38.80880111111111
 20
40.95527749999999
 30
0.0
 10
39.24977333333333
 20
42.02419416666666
 30
0.0
 10
40.09996777777778
 20
42.93436083333333
 30
0.0
 10
41.25355111111111
 20
43.41413861111111
 30
0.0
 10
43.18677333333333
 20
44.22199972222222
 30
0.0
 10
45.36341222222222
 20
43.59052749999999
 30
0.0
 10
46.58755111111111
 20
42.01008305555555
 30
0.0
 10
49.05699555555555
 20
38.85624972222222
 30
0.0
 10
49.59321777777778
 20
29.57113861111111
 30
0.0
 10
58.99121777777777
 20
28.08241638888889
 30
0.0
 10
60.91385666666667
 20
27.53208305555555
 30
0.0
 10
62.55427333333333
 20
28.46694416666667
 30
0.0
 10
63.43621777777777
 20
28.13180527777778
 30
0.0
 10
65.01666222222222
 20
27.60263861111111
 30
0.0
 10
65.70105111111111
 20
25.41894416666667
 30
0.0
 10
64.97432888888889
 20
23.24936083333333
 30
0.0
  0
POLYLINE
  5
11B
330
1F
100
AcDbEntity
  8
DEFAULT
 62
    18
100
AcDb2dPolyline
 66
     1
 10
0.0
 20
0.0
 30
0.0
  0
VERTEX
  5
11C
330
11B
100
AcDbEntity
  8
DEFAULT
 62
    18
100
AcDbVertex
100
AcDb2dVertex
 10
56.43654222222222
 20
25.20822999999999
 30
0.0
  0
VERTEX
  5
11D
330
11B
100
AcDbEntity
  8
DEFAULT
 62
    18
100
AcDbVertex
100
AcDb2dVertex
 10
55.11503666666667
 20
23.34873833333333
 30
0.0
  0
VERTEX
  5
11E
330
11B
100
AcDbEntity
  8
DEFAULT
 62
    18
100
AcDbVertex
100
AcDb2dVertex
 10
55.22051722222221
 20
25.61604111111111
 30
0.0
  0
SEQEND
  5
11F
330
11B
100
AcDbEntity
  8
DEFAULT
 62
    18
  0
POLYLINE
  5
120
330
1F
100
AcDbEntity
  8
DEFAULT
 62
    18
100
AcDb2dPolyline
 66
     1
 10
0.0
 20
0.0
 30
0.0
  0
VERTEX
  5
121
330
120
100
AcDbEntity
  8
DEFAULT
 62
    18
100
AcDbVertex
100
AcDb2dVertex
 10
54.6774511111111
 20
25.79803916666666
 30
0.0
  0
VERTEX
  5
122
330
120
100
AcDbEntity
  8
DEFAULT
 62
    18
100
AcDbVertex
100
AcDb2dVertex
 10
53.98283166666666
 20
23.7289975
 30
0.0
  0
SEQEND
  5
123
330
120
100
AcDbEntity
  8
DEFAULT
 62
    18
  0
SPLINE
  5
124
330
1F
100
AcDbEntity
  8
DEFAULT
 62
     1
100
AcDbSpline
210
0.0
220
0.0
230
1.0
 70
    11
 71
     3
 72
    83
 73
    79
 74
     0
 42
0.000000001
 43
0.0000000001
 40
28.04899999999998
 40
28.04899999999998
 40
28.04899999999998
 40
28.04899999999998
 40
29.04899999999998
 40
29.04899999999998
 40
29.04899999999998
 40
30.04899999999998
 40
30.04899999999998
 40
30.04899999999998
 40
38.55499999999998
 40
38.55499999999998
 40
38.55499999999998
 40
47.05499999999998
 40
47.05499999999998
 40
47.05499999999998
 40
55.56099999999998
 40
55.56099999999998
 40
55.56099999999998
 40
56.56099999999998
 40
56.56099999999998
 40
56.56099999999998
 40
57.56099999999998
 40
57.56099999999998
 40
57.56099999999998
 40
58.56099999999998
 40
58.56099999999998
 40
58.56099999999998
 40
59.56099999999998
 40
59.56099999999998
 40
59.56099999999998
 40
60.56099999999998
 40
60.56099999999998
 40
60.56099999999998
 40
61.56099999999998
 40
61.56099999999998
 40
61.56099999999998
 40
67.22699999999998
 40
67.22699999999998
 40
67.22699999999998
 40
75.72699999999998
 40
75.72699999999998
 40
75.72699999999998
 40
81.39299999999997
 40
81.39299999999997
 40
81.39299999999997
 40
82.39299999999997
 40
82.39299999999997
 40
82.39299999999997
 40
83.39299999999997
 40
83.39299999999997
 40
83.39299999999997
 40
84.39299999999997
 40
84.39299999999997
 40
84.39299999999997
 40
85.39299999999997
 40
85.39299999999997
 40
85.39299999999997
 40
86.39299999999997
 40
86.39299999999997
 40
86.39299999999997
 40
87.39299999999997
 40
87.39299999999997
 40
87.39299999999997
 40
95.89899999999997
 40
95.89899999999997
 40
95.89899999999997
 40
104.399
 40
104.399
 40
104.399
 40
112.905
 40
112.905
 40
112.905
 40
113.905
 40
113.905
 40
113.905
 40
114.905
 40
114.905
 40
114.905
 40
142.954
 40
142.954
 40
142.954
 40
142.954
 10
109.1282425
 20
33.07147027777778
 30
0.0
 10
109.1846869444444
 20
33.07147027777778
 30
0.0
 10
109.6298925
 20
34.18977583333334
 30
0.0
 10
109.6298925
 20
35.57266472222222
 30
0.0
 10
109.6298925
 20
36.95555361111111
 30
0.0
 10
109.5808563888889
 20
37.73131194444444
 30
0.0
 10
109.5808563888889
 20
38.07385916666667
 30
0.0
 10
109.5808563888889
 20
39.07410175925926
 30
0.0
 10
109.5808563888889
 20
40.07434435185186
 30
0.0
 10
109.5808563888889
 20
41.07458694444445
 30
0.0
 10
110.5803934259259
 20
41.07458694444445
 30
0.0
 10
111.579930462963
 20
41.07458694444445
 30
0.0
 10
112.5794675
 20
41.07458694444445
 30
0.0
 10
112.5794675
 20
40.07434435185186
 30
0.0
 10
112.5794675
 20
39.07410175925926
 30
0.0
 10
112.5794675
 20
38.07385916666667
 30
0.0
 10
112.5794675
 20
37.73131194444444
 30
0.0
 10
112.5311369444444
 20
36.95555361111111
 30
0.0
 10
112.5311369444444
 20
35.57266472222222
 30
0.0
 10
112.5311369444444
 20
34.18977583333334
 30
0.0
 10
112.9798702777778
 20
33.07147027777778
 30
0.0
 10
113.0327869444444
 20
33.07147027777778
 30
0.0
 10
117.1825119444444
 20
33.07147027777778
 30
0.0
 10
117.1761619444444
 20
34.70659527777778
 30
0.0
 10
117.1761619444444
 20
37.70873416666667
 30
0.0
 10
117.1761619444444
 20
41.4658175
 30
0.0
 10
115.6507508333333
 20
47.78195083333333
 30
0.0
 10
106.1331591666667
 20
48.40283972222222
 30
0.0
 10
106.0767147222222
 20
48.40283972222222
 30
0.0
 10
105.6315091666667
 20
47.28453416666666
 30
0.0
 10
105.6315091666667
 20
45.90093972222222
 30
0.0
 10
105.6315091666667
 20
44.51805083333333
 30
0.0
 10
105.6805452777778
 20
43.7422925
 30
0.0
 10
105.6805452777778
 20
43.39974527777778
 30
0.0
 10
105.6805452777778
 20
42.73346564814815
 30
0.0
 10
105.6805452777778
 20
42.06718601851852
 30
0.0
 10
105.6805452777778
 20
41.40090638888889
 30
0.0
 10
104.6810082407407
 20
41.40090638888889
 30
0.0
 10
103.6814712037037
 20
41.40090638888889
 30
0.0
 10
102.6819341666667
 20
41.40090638888889
 30
0.0
 10
102.6819341666666
 20
42.06718601851852
 30
0.0
 10
102.6819341666666
 20
42.73346564814815
 30
0.0
 10
102.6819341666667
 20
43.39974527777778
 30
0.0
 10
102.6819341666667
 20
43.7422925
 30
0.0
 10
102.7299119444444
 20
44.51805083333333
 30
0.0
 10
102.7299119444444
 20
45.90093972222222
 30
0.0
 10
102.7299119444444
 20
47.28453416666666
 30
0.0
 10
102.2815313888889
 20
48.40283972222222
 30
0.0
 10
102.2282619444444
 20
48.40283972222222
 30
0.0
 10
92.70749527777778
 20
47.78195083333333
 30
0.0
 10
91.1863175
 20
41.4658175
 30
0.0
 10
91.1863175
 20
37.70873416666667
 30
0.0
 10
91.1863175
 20
34.70659527777778
 30
0.0
 10
91.18349527777777
 20
33.07147027777778
 30
0.0
 10
95.32863416666665
 20
33.07147027777778
 30
0.0
 10
95.3850786111111
 20
33.07147027777778
 30
0.0
 10
95.83028416666666
 20
34.18977583333334
 30
0.0
 10
95.83028416666666
 20
35.57266472222222
 30
0.0
 10
95.83028416666666
 20
36.95555361111111
 30
0.0
 10
95.78124805555555
 20
37.73131194444444
 30
0.0
 10
95.78124805555555
 20
38.07385916666667
 30
0.0
 10
95.78124805555554
 20
39.07410175925926
 30
0.0
 10
95.78124805555554
 20
40.07434435185186
 30
0.0
 10
95.78124805555555
 20
41.07458694444445
 30
0.0
 10
96.78078509259258
 20
41.07458694444445
 30
0.0
 10
97.78032212962961
 20
41.07458694444445
 30
0.0
 10
98.77985916666665
 20
41.07458694444445
 30
0.0
 10
98.77985916666665
 20
40.07434435185186
 30
0.0
 10
98.77985916666665
 20
39.07410175925926
 30
0.0
 10
98.77985916666665
 20
38.07385916666667
 30
0.0
 10
98.77985916666665
 20
37.73131194444444
 30
0.0
 10
98.7315286111111
 20
36.95555361111111
 30
0.0
 10
98.7315286111111
 20
35.57266472222222
 30
0.0
 10
98.7315286111111
 20
34.18977583333334
 30
0.0
 10
99.18026194444442
 20
33.07147027777778
 30
0.0
 10
99.23317861111111
 20
33.07147027777778
 30
0.0
 10
102.5315332407407
 20
33.07147027777778
 30
0.0
 10
105.8298878703704
 20
33.07147027777778
 30
0.0
 10
109.1282425
 20
33.07147027777778
 30
0.0
  0
POLYLINE
  5
125
330
1F
100
AcDbEntity
  8
DEFAULT
 62
    18
100
AcDb2dPolyline
 66
     1
 10
0.0
 20
0.0
 30
0.0
  0
VERTEX
  5
126
330
125
100
AcDbEntity
  8
DEFAULT
 62
    18
100
AcDbVertex
100
AcDb2dVertex
 10
105.1085161111111
 20
39.6295738888889
 30
0.0
  0
VERTEX
  5
127
330
125
100
AcDbEntity
  8
DEFAULT
 62
    18
100
AcDbVertex
100
AcDb2dVertex
 10
104.4470577777778
 20
37.44693777777778
 30
0.0
  0
VERTEX
  5
128
330
125
100
AcDbEntity
  8
DEFAULT
 62
    18
100
AcDbVertex
100
AcDb2dVertex
 10
103.8261688888889
 20
39.62957388888888
 30
0.0
  0
SEQEND
  5
129
330
125
100
AcDbEntity
  8
DEFAULT
 62
    18
  0
POLYLINE
  5
12A
330
1F
100
AcDbEntity
  8
DEFAULT
 62
    18
100
AcDb2dPolyline
 66
     1
 10
0.0
 20
0.0
 30
0.0
  0
VERTEX
  5
12B
330
12A
100
AcDbEntity
  8
DEFAULT
 62
    18
100
AcDbVertex
100
AcDb2dVertex
 10
103.2529755555556
 20
39.62957388888888
 30
0.0
  0
VERTEX
  5
12C
330
12A
100
AcDbEntity
  8
DEFAULT
 62
    18
100
AcDbVertex
100
AcDb2dVertex
 10
103.2529755555556
 20
37.44693777777778
 30
0.0
  0
SEQEND
  5
12D
330
12A
100
AcDbEntity
  8
DEFAULT
 62
    18
  0
SPLINE
  5
12E
330
1F
100
AcDbEntity
  8
DEFAULT
 62
     1
100
AcDbSpline
210
0.0
220
0.0
230
1.0
 70
    11
 71
     3
 72
    83
 73
    79
 74
     0
 42
0.000000001
 43
0.0000000001
 40
28.053
 40
28.053
 40
28.053
 40
28.053
 40
29.053
 40
29.053
 40
29.053
 40
30.053
 40
30.053
 40
30.053
 40
35.70899999999999
 40
35.70899999999999
 40
35.70899999999999
 40
44.20899999999999
 40
44.20899999999999
 40
44.20899999999999
 40
49.86499999999998
 40
49.86499999999998
 40
49.86499999999998
 40
50.86499999999998
 40
50.86499999999998
 40
50.86499999999998
 40
51.86499999999998
 40
51.86499999999998
 40
51.86499999999998
 40
52.86499999999998
 40
52.86499999999998
 40
52.86499999999998
 40
53.86499999999998
 40
53.86499999999998
 40
53.86499999999998
 40
54.86499999999998
 40
54.86499999999998
 40
54.86499999999998
 40
55.86499999999998
 40
55.86499999999998
 40
55.86499999999998
 40
61.53099999999998
 40
61.53099999999998
 40
61.53099999999998
 40
70.03099999999998
 40
70.03099999999998
 40
70.03099999999998
 40
75.69699999999997
 40
75.69699999999997
 40
75.69699999999997
 40
76.69699999999997
 40
76.69699999999997
 40
76.69699999999997
 40
77.69699999999997
 40
77.69699999999997
 40
77.69699999999997
 40
78.69699999999997
 40
78.69699999999997
 40
78.69699999999997
 40
79.69699999999997
 40
79.69699999999997
 40
79.69699999999997
 40
80.69699999999997
 40
80.69699999999997
 40
80.69699999999997
 40
81.69699999999997
 40
81.69699999999997
 40
81.69699999999997
 40
87.35299999999997
 40
87.35299999999997
 40
87.35299999999997
 40
95.85299999999997
 40
95.85299999999997
 40
95.85299999999997
 40
101.509
 40
101.509
 40
101.509
 40
102.509
 40
102.509
 40
102.509
 40
103.509
 40
103.509
 40
103.509
 40
131.562
 40
131.562
 40
131.562
 40
131.562
 10
99.23515416666665
 20
7.867826388888887
 30
0.0
 10
99.18294305555553
 20
7.867826388888887
 30
0.0
 10
98.73350416666665
 20
8.986131944444443
 30
0.0
 10
98.73350416666665
 20
10.36902083333333
 30
0.0
 10
98.73350416666665
 20
11.75190972222222
 30
0.0
 10
98.78254027777776
 20
12.52766805555555
 30
0.0
 10
98.78254027777776
 20
12.87021527777778
 30
0.0
 10
98.78254027777776
 20
13.53531898148148
 30
0.0
 10
98.78254027777776
 20
14.20042268518518
 30
0.0
 10
98.78254027777776
 20
14.86552638888888
 30
0.0
 10
97.78300324074071
 20
14.86552638888889
 30
0.0
 10
96.78346620370367
 20
14.86552638888889
 30
0.0
 10
95.78392916666665
 20
14.86552638888888
 30
0.0
 10
95.78392916666665
 20
14.20042268518518
 30
0.0
 10
95.78392916666665
 20
13.53531898148148
 30
0.0
 10
95.78392916666665
 20
12.87021527777778
 30
0.0
 10
95.78392916666665
 20
12.52766805555555
 30
0.0
 10
95.8326125
 20
11.75190972222222
 30
0.0
 10
95.8326125
 20
10.36902083333333
 30
0.0
 10
95.8326125
 20
8.986131944444443
 30
0.0
 10
95.3877597222222
 20
7.867826388888887
 30
0.0
 10
95.33131527777778
 20
7.867826388888887
 30
0.0
 10
91.88890972222221
 20
7.867826388888887
 30
0.0
 10
91.89243749999997
 20
8.519054166666665
 30
0.0
 10
91.89243749999997
 20
11.50390694444444
 30
0.0
 10
91.89243749999997
 20
15.26099027777778
 30
0.0
 10
92.77438194444443
 20
21.57500694444444
 30
0.0
 10
102.2281208333333
 20
22.19589583333333
 30
0.0
 10
102.2813902777778
 20
22.19589583333333
 30
0.0
 10
102.7297708333333
 20
21.07759027777778
 30
0.0
 10
102.7297708333333
 20
19.69470138888889
 30
0.0
 10
102.7297708333333
 20
18.3118125
 30
0.0
 10
102.6817930555555
 20
17.53605416666667
 30
0.0
 10
102.6817930555555
 20
17.19385972222222
 30
0.0
 10
102.6817930555555
 20
16.52758009259259
 30
0.0
 10
102.6817930555555
 20
15.86130046296296
 30
0.0
 10
102.6817930555555
 20
15.19502083333333
 30
0.0
 10
103.6813300925926
 20
15.19502083333333
 30
0.0
 10
104.6808671296296
 20
15.19502083333333
 30
0.0
 10
105.6804041666666
 20
15.19502083333333
 30
0.0
 10
105.6804041666666
 20
15.86130046296296
 30
0.0
 10
105.6804041666666
 20
16.52758009259259
 30
0.0
 10
105.6804041666666
 20
17.19385972222222
 30
0.0
 10
105.6804041666666
 20
17.53605416666667
 30
0.0
 10
105.6313680555556
 20
18.3118125
 30
0.0
 10
105.6313680555556
 20
19.69470138888889
 30
0.0
 10
105.6313680555556
 20
21.07759027777778
 30
0.0
 10
106.0765736111111
 20
22.19589583333333
 30
0.0
 10
106.1330180555555
 20
22.19589583333333
 30
0.0
 10
115.5835819444444
 20
21.57183194444444
 30
0.0
 10
116.4701125
 20
15.25675694444444
 30
0.0
 10
116.4701125
 20
11.50390694444444
 30
0.0
 10
116.4701125
 20
8.519054166666665
 30
0.0
 10
116.4736402777778
 20
7.867826388888887
 30
0.0
 10
113.0354680555555
 20
7.867826388888887
 30
0.0
 10
112.9832569444444
 20
7.867826388888887
 30
0.0
 10
112.5338180555555
 20
8.986131944444443
 30
0.0
 10
112.5338180555555
 20
10.36902083333333
 30
0.0
 10
112.5338180555555
 20
11.75190972222222
 30
0.0
 10
112.5828541666666
 20
12.52766805555555
 30
0.0
 10
112.5828541666666
 20
12.87021527777778
 30
0.0
 10
112.5828541666666
 20
13.53531898148148
 30
0.0
 10
112.5828541666666
 20
14.20042268518518
 30
0.0
 10
112.5828541666666
 20
14.86552638888888
 30
0.0
 10
111.5833171296296
 20
14.86552638888889
 30
0.0
 10
110.5837800925926
 20
14.86552638888889
 30
0.0
 10
109.5842430555555
 20
14.86552638888888
 30
0.0
 10
109.5842430555555
 20
14.20042268518518
 30
0.0
 10
109.5842430555555
 20
13.53531898148148
 30
0.0
 10
109.5842430555555
 20
12.87021527777778
 30
0.0
 10
109.5842430555555
 20
12.52766805555555
 30
0.0
 10
109.6329263888889
 20
11.75190972222222
 30
0.0
 10
109.6329263888889
 20
10.36902083333333
 30
0.0
 10
109.6329263888889
 20
8.986131944444443
 30
0.0
 10
109.1880736111111
 20
7.867826388888887
 30
0.0
 10
109.1316291666667
 20
7.867826388888887
 30
0.0
 10
105.8328041666667
 20
7.867826388888887
 30
0.0
 10
102.5339791666667
 20
7.867826388888887
 30
0.0
 10
99.23515416666665
 20
7.867826388888887
 30
0.0
  0
POLYLINE
  5
12F
330
1F
100
AcDbEntity
  8
DEFAULT
 62
    18
100
AcDb2dPolyline
 66
     1
 10
0.0
 20
0.0
 30
0.0
  0
VERTEX
  5
130
330
12F
100
AcDbEntity
  8
DEFAULT
 62
    18
100
AcDbVertex
100
AcDb2dVertex
 10
104.8224133333334
 20
13.71000277777778
 30
0.0
  0
VERTEX
  5
131
330
12F
100
AcDbEntity
  8
DEFAULT
 62
    18
100
AcDbVertex
100
AcDb2dVertex
 10
104.160955
 20
11.52736666666667
 30
0.0
  0
VERTEX
  5
132
330
12F
100
AcDbEntity
  8
DEFAULT
 62
    18
100
AcDbVertex
100
AcDb2dVertex
 10
103.5400661111111
 20
13.71000277777778
 30
0.0
  0
SEQEND
  5
133
330
12F
100
AcDbEntity
  8
DEFAULT
 62
    18
  0
ENDSEC
  0
SECTION
  2
OBJECTS
  0
DICTIONARY
  5
C
330
0
100
AcDbDictionary
  3
ACAD_GROUP
350
D
  3
ACAD_LAYOUT
350
1A
  3
ACAD_MATERIAL
350
43
  3
ACAD_MLEADERSTYLE
350
156
  3
ACAD_MLINESTYLE
350
17
  3
ACAD_PLOTSETTINGS
350
19
  3
ACAD_SCALELIST
350
47
  3
ACAD_VISUALSTYLE
350
2A
  3
ACDBHEADERROUNDTRIPXREC
350
134
  3
ACDBVARIABLEDICTIONARY
350
154
  0
DICTIONARY
  5
D
102
{ACAD_REACTORS
330
C
102
}
330
C
100
AcDbDictionary
  0
DICTIONARY
  5
1A
102
{ACAD_REACTORS
330
C
102
}
330
C
100
AcDbDictionary
  0
DICTIONARY
  5
43
102
{ACAD_REACTORS
330
C
102
}
330
C
100
AcDbDictionary
  3
BYBLOCK
350
45
  3
BYLAYER
350
44
  3
GLOBAL
350
46
  0
DICTIONARY
  5
156
102
{ACAD_REACTORS
330
C
102
}
330
C
100
AcDbDictionary
  0
DICTIONARY
  5
17
102
{ACAD_REACTORS
330
C
102
}
330
C
100
AcDbDictionary
  3
STANDARD
350
18
  0
DICTIONARY
  5
19
102
{ACAD_REACTORS
330
C
102
}
330
C
100
AcDbDictionary
  0
DICTIONARY
  5
47
102
{ACAD_REACTORS
330
C
102
}
330
C
100
AcDbDictionary
  3
A0
350
48
  3
A1
350
49
  3
A2
350
4A
  3
A3
350
4B
  3
A4
350
4C
  3
A5
350
4D
  3
A6
350
4E
  3
A7
350
4F
  3
A8
350
50
  3
A9
350
51
  3
B0
350
52
  3
B1
350
53
  3
B2
350
54
  3
B3
350
55
  3
B4
350
56
  3
B5
350
57
  3
B6
350
58
  3
B7
350
59
  3
B8
350
5A
  3
B9
350
5B
  3
C0
350
5C
  3
C1
350
5D
  3
C2
350
5E
  3
C3
350
5F
  3
C4
350
60
  3
C5
350
61
  3
C6
350
62
  3
C7
350
63
  3
C8
350
64
  3
C9
350
65
  3
D0
350
66
  3
D1
350
67
  3
D2
350
68
  0
DICTIONARY
  5
2A
102
{ACAD_REACTORS
330
C
102
}
330
C
100
AcDbDictionary
  3
2DWIREFRAME
350
2F
  3
BASIC
350
32
  3
BRIGHTEN
350
36
  3
COLORCHANGE
350
3A
  3
CONCEPTUAL
350
34
  3
DIM
350
35
  3
EDGECOLOROFF
350
3D
  3
FACEPATTERN
350
39
  3
FLAT
350
2B
  3
FLATWITHEDGES
350
2C
  3
GOURAUD
350
2D
  3
GOURAUDWITHEDGES
350
2E
  3
HIDDEN
350
31
  3
JITTEROFF
350
3B
  3
LINEPATTERN
350
38
  3
OVERHANGOFF
350
3C
  3
REALISTIC
350
33
  3
SHADED
350
42
  3
SHADED_WITH_EDGES
350
41
  3
SHADES_OF_GRAY
350
3E
  3
SKETCHY
350
3F
  3
THICKEN
350
37
  3
WIREFRAME
350
30
  3
X-RAY
350
40
  0
DICTIONARY
  5
134
102
{ACAD_REACTORS
330
C
102
}
330
C
100
AcDbDictionary
  3
CEPSNTYPE
350
13D
  3
DIMSTYLEDATA
350
153
  3
FINGERPRINTGUID
350
13E
  3
HYPERLINKBASE
350
137
  3
INSUNITS
350
13C
  3
LAYOUTDICT
350
139
  3
LWETCUNION
350
13B
  3
PLOTSETDICT
350
13A
  3
PSVPSCALE
350
140
  3
PUCSBASE
350
143
  3
PUCSORGBACK
350
149
  3
PUCSORGBOTTOM
350
145
  3
PUCSORGFRONT
350
148
  3
PUCSORGLEFT
350
146
  3
PUCSORGRIGHT
350
147
  3
PUCSORGTOP
350
144
  3
PUCSORTHOREF
350
141
  3
PUCSORTHOVIEW
350
142
  3
STYLESHEET
350
138
  3
TSTACKALIGN
350
135
  3
TSTACKSIZE
350
136
  3
UCSBASE
350
14C
  3
UCSORGBACK
350
152
  3
UCSORGBOTTOM
350
14E
  3
UCSORGFRONT
350
151
  3
UCSORGLEFT
350
14F
  3
UCSORGRIGHT
350
150
  3
UCSORGTOP
350
14D
  3
UCSORTHOREF
350
14A
  3
UCSORTHOVIEW
350
14B
  3
VERSIONGUID
350
13F
  0
DICTIONARY
  5
154
102
{ACAD_REACTORS
330
C
102
}
330
C
100
AcDbDictionary
  3
CANNOSCALE
350
15B
  3
DIMASSOC
350
159
  3
HIDETEXT
350
15A
  3
MSLTSCALE
350
15C
  0
MATERIAL
  5
45
102
{ACAD_REACTORS
330
43
102
}
102
{ACAD_XDICTIONARY
360
15F
102
}
330
43
100
AcDbMaterial
  1
BYBLOCK
  0
MATERIAL
  5
44
102
{ACAD_REACTORS
330
43
102
}
102
{ACAD_XDICTIONARY
360
15D
102
}
330
43
100
AcDbMaterial
  1
BYLAYER
  0
MATERIAL
  5
46
102
{ACAD_REACTORS
330
43
102
}
102
{ACAD_XDICTIONARY
360
161
102
}
330
43
100
AcDbMaterial
  1
GLOBAL
  0
MLINESTYLE
  5
18
102
{ACAD_REACTORS
330
17
102
}
330
17
100
AcDbMlineStyle
  2
Standard
 70
     0
  3

 62
   256
 51
90.0
 52
90.0
 71
     2
 49
0.5
 62
   256
  6
BYLAYER
 49
-0.5
 62
   256
  6
BYLAYER
  0
ACAD_PROXY_OBJECT
  5
48
102
{ACAD_REACTORS
330
47
102
}
330
47
100
AcDbProxyObject
 90
      499
 91
      503
 93
       41
310
903313A31580
  0
ACAD_PROXY_OBJECT
  5
49
102
{ACAD_REACTORS
330
47
102
}
330
47
100
AcDbProxyObject
 90
      499
 91
      503
 93
      105
310
903313A324000000000000004000
  0
ACAD_PROXY_OBJECT
  5
4A
102
{ACAD_REACTORS
330
47
102
}
330
47
100
AcDbProxyObject
 90
      499
 91
      503
 93
      105
310
903313A344000000000000104000
  0
ACAD_PROXY_OBJECT
  5
4B
102
{ACAD_REACTORS
330
47
102
}
330
47
100
AcDbProxyObject
 90
      499
 91
      503
 93
      105
310
903313A354000000000000144000
  0
ACAD_PROXY_OBJECT
  5
4C
102
{ACAD_REACTORS
330
47
102
}
330
47
100
AcDbProxyObject
 90
      499
 91
      503
 93
      105
310
903313A384000000000000204000
  0
ACAD_PROXY_OBJECT
  5
4D
102
{ACAD_REACTORS
330
47
102
}
330
47
100
AcDbProxyObject
 90
      499
 91
      503
 93
      113
310
904313A31304000000000000244000
  0
ACAD_PROXY_OBJECT
  5
4E
102
{ACAD_REACTORS
330
47
102
}
330
47
100
AcDbProxyObject
 90
      499
 91
      503
 93
      113
310
904313A31364000000000000304000
  0
ACAD_PROXY_OBJECT
  5
4F
102
{ACAD_REACTORS
330
47
102
}
330
47
100
AcDbProxyObject
 90
      499
 91
      503
 93
      113
310
904313A32304000000000000344000
  0
ACAD_PROXY_OBJECT
  5
50
102
{ACAD_REACTORS
330
47
102
}
330
47
100
AcDbProxyObject
 90
      499
 91
      503
 93
      113
310
904313A333040000000000003E4000
  0
ACAD_PROXY_OBJECT
  5
51
102
{ACAD_REACTORS
330
47
102
}
330
47
100
AcDbProxyObject
 90
      499
 91
      503
 93
      113
310
904313A34304000000000000444000
  0
ACAD_PROXY_OBJECT
  5
52
102
{ACAD_REACTORS
330
47
102
}
330
47
100
AcDbProxyObject
 90
      499
 91
      503
 93
      113
310
904313A35304000000000000494000
  0
ACAD_PROXY_OBJECT
  5
53
102
{ACAD_REACTORS
330
47
102
}
330
47
100
AcDbProxyObject
 90
      499
 91
      503
 93
      121
310
905313A3130304000000000000594000
  0
ACAD_PROXY_OBJECT
  5
54
102
{ACAD_REACTORS
330
47
102
}
330
47
100
AcDbProxyObject
 90
      499
 91
      503
 93
      105
310
903323A310000000000000010100
  0
ACAD_PROXY_OBJECT
  5
55
102
{ACAD_REACTORS
330
47
102
}
330
47
100
AcDbProxyObject
 90
      499
 91
      503
 93
      105
310
903343A310000000000000410100
  0
ACAD_PROXY_OBJECT
  5
56
102
{ACAD_REACTORS
330
47
102
}
330
47
100
AcDbProxyObject
 90
      499
 91
      503
 93
      105
310
903383A310000000000000810100
  0
ACAD_PROXY_OBJECT
  5
57
102
{ACAD_REACTORS
330
47
102
}
330
47
100
AcDbProxyObject
 90
      499
 91
      503
 93
      113
310
90431303A310000000000000910100
  0
ACAD_PROXY_OBJECT
  5
58
102
{ACAD_REACTORS
330
47
102
}
330
47
100
AcDbProxyObject
 90
      499
 91
      503
 93
      121
310
9053130303A310000000000001650100
  0
ACAD_PROXY_OBJECT
  5
59
102
{ACAD_REACTORS
330
47
102
}
330
47
100
AcDbProxyObject
 90
      499
 91
      503
 93
      257
310
90E312F31323822203D2031272D3022000000000000200FC000000000000284000
  0
ACAD_PROXY_OBJECT
  5
5A
102
{ACAD_REACTORS
330
47
102
}
330
47
100
AcDbProxyObject
 90
      499
 91
      503
 93
      249
310
90D312F363422203D2031272D3022000000000000240FC000000000000284000
  0
ACAD_PROXY_OBJECT
  5
5B
102
{ACAD_REACTORS
330
47
102
}
330
47
100
AcDbProxyObject
 90
      499
 91
      503
 93
      249
310
90D312F333222203D2031272D3022000000000000280FC000000000000284000
  0
ACAD_PROXY_OBJECT
  5
5C
102
{ACAD_REACTORS
330
47
102
}
330
47
100
AcDbProxyObject
 90
      499
 91
      503
 93
      249
310
90D312F313622203D2031272D30220000000000002C0FC000000000000284000
  0
ACAD_PROXY_OBJECT
  5
5D
102
{ACAD_REACTORS
330
47
102
}
330
47
100
AcDbProxyObject
 90
      499
 91
      503
 93
      249
310
90D332F333222203D2031272D30220000000000002E0FC000000000000284000
  0
ACAD_PROXY_OBJECT
  5
5E
102
{ACAD_REACTORS
330
47
102
}
330
47
100
AcDbProxyObject
 90
      499
 91
      503
 93
      241
310
90C312F3822203D2031272D3022000000000000300FC000000000000284000
  0
ACAD_PROXY_OBJECT
  5
5F
102
{ACAD_REACTORS
330
47
102
}
330
47
100
AcDbProxyObject
 90
      499
 91
      503
 93
      249
310
90D332F313622203D2031272D3022000000000000320FC000000000000284000
  0
ACAD_PROXY_OBJECT
  5
60
102
{ACAD_REACTORS
330
47
102
}
330
47
100
AcDbProxyObject
 90
      499
 91
      503
 93
      241
310
90C312F3422203D2031272D3022000000000000340FC000000000000284000
  0
ACAD_PROXY_OBJECT
  5
61
102
{ACAD_REACTORS
330
47
102
}
330
47
100
AcDbProxyObject
 90
      499
 91
      503
 93
      241
310
90C332F3822203D2031272D3022000000000000360FC000000000000284000
  0
ACAD_PROXY_OBJECT
  5
62
102
{ACAD_REACTORS
330
47
102
}
330
47
100
AcDbProxyObject
 90
      499
 91
      503
 93
      241
310
90C312F3222203D2031272D3022000000000000380FC000000000000284000
  0
ACAD_PROXY_OBJECT
  5
63
102
{ACAD_REACTORS
330
47
102
}
330
47
100
AcDbProxyObject
 90
      499
 91
      503
 93
      241
310
90C332F3422203D2031272D30220000000000003A0FC000000000000284000
  0
ACAD_PROXY_OBJECT
  5
64
102
{ACAD_REACTORS
330
47
102
}
330
47
100
AcDbProxyObject
 90
      499
 91
      503
 93
      161
310
90A3122203D2031272D30224000000000000284000
  0
ACAD_PROXY_OBJECT
  5
65
102
{ACAD_REACTORS
330
47
102
}
330
47
100
AcDbProxyObject
 90
      499
 91
      503
 93
      257
310
90E312D312F3222203D2031272D30220000000000003E0FC000000000000284000
  0
ACAD_PROXY_OBJECT
  5
66
102
{ACAD_REACTORS
330
47
102
}
330
47
100
AcDbProxyObject
 90
      499
 91
      503
 93
      225
310
90A3322203D2031272D302200000000000002100000000000000284000
  0
ACAD_PROXY_OBJECT
  5
67
102
{ACAD_REACTORS
330
47
102
}
330
47
100
AcDbProxyObject
 90
      499
 91
      503
 93
      225
310
90A3622203D2031272D302200000000000006100000000000000284000
  0
ACAD_PROXY_OBJECT
  5
68
102
{ACAD_REACTORS
330
47
102
}
330
47
100
AcDbProxyObject
 90
      499
 91
      503
 93
      249
310
90D31272D3022203D2031272D30220000000000000A100000000000000284000
  0
ACAD_PROXY_OBJECT
  5
2F
102
{ACAD_REACTORS
330
2A
102
}
330
2A
100
AcDbProxyObject
 90
      499
 91
      501
 93
      436
310
42CC9915DA5C99599C985B595049028333333333333E33F0000000000000F90107901411070040501600405405064090741402480A0340
1001
ACAD
1000
AcDbSavedByObjectVersion
1070
     0
  0
ACAD_PROXY_OBJECT
  5
32
102
{ACAD_REACTORS
330
2A
102
}
330
2A
100
AcDbProxyObject
 90
      499
 91
      501
 93
      388
310
4150985CDA58D07406404333333333333E33F0000000000000F90107A41107004050150841D405064090741402480A0350
1001
ACAD
1000
AcDbSavedByObjectVersion
1070
     0
  0
ACAD_PROXY_OBJECT
  5
36
102
{ACAD_REACTORS
330
2A
102
}
330
2A
100
AcDbProxyObject
 90
      499
 91
      501
 93
      428
310
42109C9A59DA1D195B90C409028333333333333E33F0000000000000F9010790141107004050150841D405064090741402480A029950
1001
ACAD
1000
AcDbSavedByObjectVersion
1070
     0
  0
ACAD_PROXY_OBJECT
  5
3A
102
{ACAD_REACTORS
330
2A
102
}
330
2A
100
AcDbProxyObject
 90
      499
 91
      501
 93
      452
310
42D0DBDB1BDC90DA185B99D95104090240C333333333333E33F0000000000000F90108901411070040501508421405064090741402480A0350
1001
ACAD
1000
AcDbSavedByObjectVersion
1070
     0
  0
ACAD_PROXY_OBJECT
  5
34
102
{ACAD_REACTORS
330
2A
102
}
330
2A
100
AcDbProxyObject
 90
      499
 91
      501
 93
      500
310
4290DBDB98D95C1D1D585B10940D028333333333333E33F0000000000000F90107902409070040501000000000018199010841D405064090740C02480A0340
1001
ACAD
1000
AcDbSavedByObjectVersion
1070
     0
  0
ACAD_PROXY_OBJECT
  5
35
102
{ACAD_REACTORS
330
2A
102
}
330
2A
100
AcDbProxyObject
 90
      499
 91
      501
 93
      412
310
40D11A5B50B409028333333333333E33F0000000000000F9010790141107004050150841D405064090741402480A02677FFFFFD0
1001
ACAD
1000
AcDbSavedByObjectVersion
1070
     0
  0
ACAD_PROXY_OBJECT
  5
3D
102
{ACAD_REACTORS
330
2A
102
}
330
2A
100
AcDbProxyObject
 90
      499
 91
      501
 93
      452
310
43115919D950DBDB1BDC93D999916409028333333333333E33F0000000000000F9010790141107004050150841D405064090741402480A0350
1001
ACAD
1000
AcDbSavedByObjectVersion
1070
     0
  0
ACAD_PROXY_OBJECT
  5
39
102
{ACAD_REACTORS
330
2A
102
}
330
2A
100
AcDbProxyObject
 90
      499
 91
      501
 93
      444
310
42D19858D95C185D1D195C9B90F409028333333333333E33F0000000000000F9010790141107004050150841D405064090741402480A0350
1001
ACAD
1000
AcDbSavedByObjectVersion
1070
     0
  0
ACAD_PROXY_OBJECT
  5
2B
102
{ACAD_REACTORS
330
2A
102
}
330
2A
100
AcDbProxyObject
 90
      499
 91
      501
 93
      380
310
41119B185D240901404333333333333E33F0000000000000F9010740A907004050150841D405064090741402480A1B50
1001
ACAD
1000
AcDbSavedByObjectVersion
1070
     0
  0
ACAD_PROXY_OBJECT
  5
2C
102
{ACAD_REACTORS
330
2A
102
}
330
2A
100
AcDbProxyObject
 90
      499
 91
      501
 93
      468
310
43519B185D15DA5D1A115919D95CD0140901404333333333333E33F0000000000000F90107409019070040501600405405064090741402480A1B50
1001
ACAD
1000
AcDbSavedByObjectVersion
1070
     0
  0
ACAD_PROXY_OBJECT
  5
2D
102
{ACAD_REACTORS
330
2A
102
}
330
2A
100
AcDbProxyObject
 90
      499
 91
      501
 93
      404
310
41D1DBDD5C985D5910240902404333333333333E33F0000000000000F9010740A9070040501641D405064090741402480A1B50
1001
ACAD
1000
AcDbSavedByObjectVersion
1070
     0
  0
ACAD_PROXY_OBJECT
  5
2E
102
{ACAD_REACTORS
330
2A
102
}
330
2A
100
AcDbProxyObject
 90
      499
 91
      501
 93
      492
310
4411DBDD5C985D5915DA5D1A115919D95CD0340902404333333333333E33F0000000000000F90107409019070040501600405405064090741402480A1B50
1001
ACAD
1000
AcDbSavedByObjectVersion
1070
     0
  0
ACAD_PROXY_OBJECT
  5
31
102
{ACAD_REACTORS
330
2A
102
}
330
2A
100
AcDbProxyObject
 90
      499
 91
      501
 93
      476
310
41921A5919195B90640502408333333333333E33F0000000000000F901079024090700405020000000000001110200405405064090740C02480A0340
1001
ACAD
1000
AcDbSavedByObjectVersion
1070
     0
  0
ACAD_PROXY_OBJECT
  5
3B
102
{ACAD_REACTORS
330
2A
102
}
330
2A
100
AcDbProxyObject
 90
      499
 91
      501
 93
      428
310
42529A5D1D195C93D999914409028333333333333E33F0000000000000F9010790141107004050150A41D405064090741402480A0350
1001
ACAD
1000
AcDbSavedByObjectVersion
1070
     0
  0
ACAD_PROXY_OBJECT
  5
38
102
{ACAD_REACTORS
330
2A
102
}
330
2A
100
AcDbProxyObject
 90
      499
 91
      501
 93
      444
310
42D31A5B995C185D1D195C9B90E409028333333333333E33F0000000000000F9010790141107004050750841D405064090741402483A0350
1001
ACAD
1000
AcDbSavedByObjectVersion
1070
     0
  0
ACAD_PROXY_OBJECT
  5
3C
102
{ACAD_REACTORS
330
2A
102
}
330
2A
100
AcDbProxyObject
 90
      499
 91
      501
 93
      444
310
42D3DD995C9A185B99D3D999915409028333333333333E33F0000000000000F9010790141107004050150941D405064090741402480A0350
1001
ACAD
1000
AcDbSavedByObjectVersion
1070
     0
  0
ACAD_PROXY_OBJECT
  5
33
102
{ACAD_REACTORS
330
2A
102
}
330
2A
100
AcDbProxyObject
 90
      499
 91
      501
 93
      428
310
425499585B1A5CDD1A58D08409038333333333333E33F0000000000000F9010740A907004050150800405405064090740C02480A1B40
1001
ACAD
1000
AcDbSavedByObjectVersion
1070
     0
  0
ACAD_PROXY_OBJECT
  5
42
102
{ACAD_REACTORS
330
2A
102
}
330
2A
100
AcDbProxyObject
 90
      499
 91
      501
 93
      420
310
4194DA1859195911B40902404333333333333E33F0000000000000F9010740A41107004050150800405405064090840C02480A0B40
1001
ACAD
1000
AcDbSavedByObjectVersion
1070
     0
  0
ACAD_PROXY_OBJECT
  5
41
102
{ACAD_REACTORS
330
2A
102
}
330
2A
100
AcDbProxyObject
 90
      499
 91
      501
 93
      516
310
4454DA18591959081DDA5D1A08195919D95CD1A40902404333333333333E33F0000000000000F901074090142907004050250800405405064090740C02480A0B40
1001
ACAD
1000
AcDbSavedByObjectVersion
1070
     0
  0
ACAD_PROXY_OBJECT
  5
3E
102
{ACAD_REACTORS
330
2A
102
}
330
2A
100
AcDbProxyObject
 90
      499
 91
      501
 93
      532
310
4394DA1859195CC81BD98811DC985E5174090240C333333333333E33F0000000000000F901079024090741D01000000000000111010841D405064090740C02480A0340
1001
ACAD
1000
AcDbSavedByObjectVersion
1070
     0
  0
ACAD_PROXY_OBJECT
  5
3F
102
{ACAD_REACTORS
330
2A
102
}
330
2A
100
AcDbProxyObject
 90
      499
 91
      501
 93
      476
310
41D4DAD95D18DA1E51840502408333333333333E33F0000000000000F901079024090741D01000000000000111010B41D405064090741802480A0340
1001
ACAD
1000
AcDbSavedByObjectVersion
1070
     0
  0
ACAD_PROXY_OBJECT
  5
37
102
{ACAD_REACTORS
330
2A
102
}
330
2A
100
AcDbProxyObject
 90
      499
 91
      501
 93
      412
310
41D51A1A58DAD95B90D409028333333333333E33F0000000000000F9010790141107004050150C41D405064090741402480A0350
1001
ACAD
1000
AcDbSavedByObjectVersion
1070
     0
  0
ACAD_PROXY_OBJECT
  5
30
102
{ACAD_REACTORS
330
2A
102
}
330
2A
100
AcDbProxyObject
 90
      499
 91
      501
 93
      420
310
4255DA5C99599C985B595059028333333333333E33F0000000000000F90107901411070040501600405405064090740C02480A0340
1001
ACAD
1000
AcDbSavedByObjectVersion
1070
     0
  0
ACAD_PROXY_OBJECT
  5
40
102
{ACAD_REACTORS
330
2A
102
}
330
2A
100
AcDbProxyObject
 90
      499
 91
      501
 93
      404
310
41560B54985E51940902404000000000000E03F0000000000000F9010740501907004050150841D405064090740C02480A1B40
1001
ACAD
1000
AcDbSavedByObjectVersion
1070
     0
  0
XRECORD
  5
13D
102
{ACAD_REACTORS
330
134
102
}
330
134
100
AcDbXrecord
 90
        0
  0
XRECORD
  5
153
102
{ACAD_REACTORS
330
134
102
}
330
134
100
AcDbXrecord
1000
DSTYLE
1002
{
1070
   279
 70
     2
1070
   340
340
11
1002
}
  0
XRECORD
  5
13E
102
{ACAD_REACTORS
330
134
102
}
330
134
100
AcDbXrecord
  1
{FED5583E-258C-45D3-B2D1-1DB64ED9825D}
  0
XRECORD
  5
137
102
{ACAD_REACTORS
330
134
102
}
330
134
100
AcDbXrecord
  1

  0
XRECORD
  5
13C
102
{ACAD_REACTORS
330
134
102
}
330
134
100
AcDbXrecord
 90
        4
  0
XRECORD
  5
139
102
{ACAD_REACTORS
330
134
102
}
330
134
100
AcDbXrecord
340
1A
  0
XRECORD
  5
13B
102
{ACAD_REACTORS
330
134
102
}
330
134
100
AcDbXrecord
 90
    10781
  0
XRECORD
  5
13A
102
{ACAD_REACTORS
330
134
102
}
330
134
100
AcDbXrecord
340
19
  0
XRECORD
  5
140
102
{ACAD_REACTORS
330
134
102
}
330
134
100
AcDbXrecord
 40
0.0
  0
XRECORD
  5
143
102
{ACAD_REACTORS
330
134
102
}
330
134
100
AcDbXrecord
340
0
  0
XRECORD
  5
149
102
{ACAD_REACTORS
330
134
102
}
330
134
100
AcDbXrecord
 10
0.0
 20
0.0
 30
0.0
  0
XRECORD
  5
145
102
{ACAD_REACTORS
330
134
102
}
330
134
100
AcDbXrecord
 10
0.0
 20
0.0
 30
0.0
  0
XRECORD
  5
148
102
{ACAD_REACTORS
330
134
102
}
330
134
100
AcDbXrecord
 10
0.0
 20
0.0
 30
0.0
  0
XRECORD
  5
146
102
{ACAD_REACTORS
330
134
102
}
330
134
100
AcDbXrecord
 10
0.0
 20
0.0
 30
0.0
  0
XRECORD
  5
147
102
{ACAD_REACTORS
330
134
102
}
330
134
100
AcDbXrecord
 10
0.0
 20
0.0
 30
0.0
  0
XRECORD
  5
144
102
{ACAD_REACTORS
330
134
102
}
330
134
100
AcDbXrecord
 10
0.0
 20
0.0
 30
0.0
  0
XRECORD
  5
141
102
{ACAD_REACTORS
330
134
102
}
330
134
100
AcDbXrecord
340
0
  0
XRECORD
  5
142
102
{ACAD_REACTORS
330
134
102
}
330
134
100
AcDbXrecord
 70
     0
  0
XRECORD
  5
138
102
{ACAD_REACTORS
330
134
102
}
330
134
100
AcDbXrecord
  1

  0
XRECORD
  5
135
102
{ACAD_REACTORS
330
134
102
}
330
134
100
AcDbXrecord
 90
        1
  0
XRECORD
  5
136
102
{ACAD_REACTORS
330
134
102
}
330
134
100
AcDbXrecord
 90
       70
  0
XRECORD
  5
14C
102
{ACAD_REACTORS
330
134
102
}
330
134
100
AcDbXrecord
340
0
  0
XRECORD
  5
152
102
{ACAD_REACTORS
330
134
102
}
330
134
100
AcDbXrecord
 10
0.0
 20
0.0
 30
0.0
  0
XRECORD
  5
14E
102
{ACAD_REACTORS
330
134
102
}
330
134
100
AcDbXrecord
 10
0.0
 20
0.0
 30
0.0
  0
XRECORD
  5
151
102
{ACAD_REACTORS
330
134
102
}
330
134
100
AcDbXrecord
 10
0.0
 20
0.0
 30
0.0
  0
XRECORD
  5
14F
102
{ACAD_REACTORS
330
134
102
}
330
134
100
AcDbXrecord
 10
0.0
 20
0.0
 30
0.0
  0
XRECORD
  5
150
102
{ACAD_REACTORS
330
134
102
}
330
134
100
AcDbXrecord
 10
0.0
 20
0.0
 30
0.0
  0
XRECORD
  5
14D
102
{ACAD_REACTORS
330
134
102
}
330
134
100
AcDbXrecord
 10
0.0
 20
0.0
 30
0.0
  0
XRECORD
  5
14A
102
{ACAD_REACTORS
330
134
102
}
330
134
100
AcDbXrecord
340
0
  0
XRECORD
  5
14B
102
{ACAD_REACTORS
330
134
102
}
330
134
100
AcDbXrecord
 70
     0
  0
XRECORD
  5
13F
102
{ACAD_REACTORS
330
134
102
}
330
134
100
AcDbXrecord
  1
{FAEB1C32-E019-11D5-929B-00C0DF256EC4}
  0
DICTIONARYVAR
  5
15B
102
{ACAD_REACTORS
330
154
102
}
330
154
100
DictionaryVariables
280
     0
  1
1:1
  0
DICTIONARYVAR
  5
159
102
{ACAD_REACTORS
330
154
102
}
330
154
100
DictionaryVariables
280
     0
  1
2
  0
DICTIONARYVAR
  5
15A
102
{ACAD_REACTORS
330
154
102
}
330
154
100
DictionaryVariables
280
     0
  1
1
  0
DICTIONARYVAR
  5
15C
102
{ACAD_REACTORS
330
154
102
}
330
154
100
DictionaryVariables
280
     0
  1
1
  0
DICTIONARY
  5
15F
330
45
100
AcDbDictionary
280
     1
  3
ACAD_XREC_ROUNDTRIP
360
160
  0
DICTIONARY
  5
15D
330
44
100
AcDbDictionary
280
     1
  3
ACAD_XREC_ROUNDTRIP
360
15E
  0
DICTIONARY
  5
161
330
46
100
AcDbDictionary
280
     1
  3
ACAD_XREC_ROUNDTRIP
360
162
  0
XRECORD
  5
160
102
{ACAD_REACTORS
330
15F
102
}
330
15F
100
AcDbXrecord
102
MATERIAL
148
0.0
149
0.0
149
0.0
 93
        0
 94
      127
282
     0
 72
     1
 77
     1
171
     1
175
     1
179
     1
273
     0
  0
XRECORD
  5
15E
102
{ACAD_REACTORS
330
15D
102
}
330
15D
100
AcDbXrecord
102
MATERIAL
148
0.0
149
0.0
149
0.0
 93
        0
 94
      127
282
     0
 72
     1
 77
     1
171
     1
175
     1
179
     1
273
     0
  0
XRECORD
  5
162
102
{ACAD_REACTORS
330
161
102
}
330
161
100
AcDbXrecord
102
MATERIAL
148
0.0
149
0.0
149
0.0
 93
        0
 94
      127
282
     0
 72
     1
 77
     1
171
     1
175
     1
179
     1
273
     0
  0
ENDSEC
  0
EOF
