  0
SECTION
  2
HEADER
  9
$ACADVER
  1
AC1014
  9
$ACADMAINTVER
 70
     9
  9
$DWGCODEPAGE
  3
ANSI_1252
  9
$INSBASE
 10
0.0
 20
0.0
 30
0.0
  9
$EXTMIN
 10
191.7460816666666
 20
181.8145758333333
 30
0.0
  9
$EXTMAX
 10
411.7450772222222
 20
311.8135397222222
 30
0.0
  9
$LIMMIN
 10
0.0
 20
0.0
  9
$LIMMAX
 10
12.0
 20
9.0
  9
$ORTHOMODE
 70
     0
  9
$REGENMODE
 70
     1
  9
$FILLMODE
 70
     1
  9
$QTEXTMODE
 70
     0
  9
$MIRRTEXT
 70
     1
  9
$DRAGMODE
 70
     2
  9
$LTSCALE
 40
1.0
  9
$OSMODE
 70
    37
  9
$ATTMODE
 70
     1
  9
$TEXTSIZE
 40
0.2
  9
$TRACEWID
 40
0.05
  9
$TEXTSTYLE
  7
STANDARD
  9
$CLAYER
  8
DEFAULT
  9
$CELTYPE
  6
BYLAYER
  9
$CECOLOR
 62
   256
  9
$CELTSCALE
 40
1.0
  9
$DELOBJ
 70
     1
  9
$DISPSILH
 70
     0
  9
$DIMSCALE
 40
1.0
  9
$DIMASZ
 40
0.18
  9
$DIMEXO
 40
0.0625
  9
$DIMDLI
 40
0.38
  9
$DIMRND
 40
0.0
  9
$DIMDLE
 40
0.0
  9
$DIMEXE
 40
0.18
  9
$DIMTP
 40
0.0
  9
$DIMTM
 40
0.0
  9
$DIMTXT
 40
0.18
  9
$DIMCEN
 40
0.09
  9
$DIMTSZ
 40
0.0
  9
$DIMTOL
 70
     0
  9
$DIMLIM
 70
     0
  9
$DIMTIH
 70
     1
  9
$DIMTOH
 70
     1
  9
$DIMSE1
 70
     0
  9
$DIMSE2
 70
     0
  9
$DIMTAD
 70
     0
  9
$DIMZIN
 70
     0
  9
$DIMBLK
  1

  9
$DIMASO
 70
     1
  9
$DIMSHO
 70
     1
  9
$DIMPOST
  1

  9
$DIMAPOST
  1

  9
$DIMALT
 70
     0
  9
$DIMALTD
 70
     2
  9
$DIMALTF
 40
25.4
  9
$DIMLFAC
 40
1.0
  9
$DIMTOFL
 70
     0
  9
$DIMTVP
 40
0.0
  9
$DIMTIX
 70
     0
  9
$DIMSOXD
 70
     0
  9
$DIMSAH
 70
     0
  9
$DIMBLK1
  1

  9
$DIMBLK2
  1

  9
$DIMSTYLE
  2
STANDARD
  9
$DIMCLRD
 70
     0
  9
$DIMCLRE
 70
     0
  9
$DIMCLRT
 70
     0
  9
$DIMTFAC
 40
1.0
  9
$DIMGAP
 40
0.09
  9
$DIMJUST
 70
     0
  9
$DIMSD1
 70
     0
  9
$DIMSD2
 70
     0
  9
$DIMTOLJ
 70
     1
  9
$DIMTZIN
 70
     0
  9
$DIMALTZ
 70
     0
  9
$DIMALTTZ
 70
     0
  9
$DIMFIT
 70
     5
  9
$DIMUPT
 70
     0
  9
$DIMUNIT
 70
     2
  9
$DIMDEC
 70
     4
  9
$DIMTDEC
 70
     4
  9
$DIMALTU
 70
     2
  9
$DIMALTTD
 70
     2
  9
$DIMTXSTY
  7
STANDARD
  9
$DIMAUNIT
 70
     0
  9
$LUNITS
 70
     2
  9
$LUPREC
 70
     3
  9
$SKETCHINC
 40
0.1
  9
$FILLETRAD
 40
0.5
  9
$AUNITS
 70
     0
  9
$AUPREC
 70
     0
  9
$MENU
  1
.
  9
$ELEVATION
 40
0.0
  9
$PELEVATION
 40
0.0
  9
$THICKNESS
 40
0.0
  9
$LIMCHECK
 70
     0
  9
$CHAMFERA
 40
0.0
  9
$CHAMFERB
 40
0.0
  9
$CHAMFERC
 40
0.0
  9
$CHAMFERD
 40
0.0
  9
$SKPOLY
 70
     0
  9
$TDCREATE
 40
2458919.56131213
  9
$TDUPDATE
 40
2458919.561348496
  9
$TDINDWG
 40
0.0000000116
  9
$TDUSRTIMER
 40
0.0000000116
  9
$USRTIMER
 70
     1
  9
$ANGBASE
 50
0.0
  9
$ANGDIR
 70
     0
  9
$PDMODE
 70
     0
  9
$PDSIZE
 40
0.0
  9
$PLINEWID
 40
0.0
  9
$COORDS
 70
     1
  9
$SPLFRAME
 70
     0
  9
$SPLINETYPE
 70
     6
  9
$SPLINESEGS
 70
     8
  9
$ATTDIA
 70
     0
  9
$ATTREQ
 70
     1
  9
$HANDLING
 70
     1
  9
$HANDSEED
  5
203
  9
$SURFTAB1
 70
     6
  9
$SURFTAB2
 70
     6
  9
$SURFTYPE
 70
     6
  9
$SURFU
 70
     6
  9
$SURFV
 70
     6
  9
$UCSNAME
  2

  9
$UCSORG
 10
0.0
 20
0.0
 30
0.0
  9
$UCSXDIR
 10
1.0
 20
0.0
 30
0.0
  9
$UCSYDIR
 10
0.0
 20
1.0
 30
0.0
  9
$PUCSNAME
  2

  9
$PUCSORG
 10
0.0
 20
0.0
 30
0.0
  9
$PUCSXDIR
 10
1.0
 20
0.0
 30
0.0
  9
$PUCSYDIR
 10
0.0
 20
1.0
 30
0.0
  9
$USERI1
 70
     0
  9
$USERI2
 70
     0
  9
$USERI3
 70
     0
  9
$USERI4
 70
     0
  9
$USERI5
 70
     0
  9
$USERR1
 40
0.0
  9
$USERR2
 40
0.0
  9
$USERR3
 40
0.0
  9
$USERR4
 40
0.0
  9
$USERR5
 40
0.0
  9
$WORLDVIEW
 70
     1
  9
$SHADEDGE
 70
     3
  9
$SHADEDIF
 70
    70
  9
$TILEMODE
 70
     1
  9
$MAXACTVP
 70
    64
  9
$PINSBASE
 10
0.0
 20
0.0
 30
0.0
  9
$PLIMCHECK
 70
     0
  9
$PEXTMIN
 10
1.000000000000000E+20
 20
1.000000000000000E+20
 30
1.000000000000000E+20
  9
$PEXTMAX
 10
-1.000000000000000E+20
 20
-1.000000000000000E+20
 30
-1.000000000000000E+20
  9
$PLIMMIN
 10
0.0
 20
0.0
  9
$PLIMMAX
 10
12.0
 20
9.0
  9
$UNITMODE
 70
     0
  9
$VISRETAIN
 70
     1
  9
$PLINEGEN
 70
     0
  9
$PSLTSCALE
 70
     1
  9
$TREEDEPTH
 70
  3020
  9
$PICKSTYLE
 70
     1
  9
$CMLSTYLE
  2
STANDARD
  9
$CMLJUST
 70
     0
  9
$CMLSCALE
 40
1.0
  9
$PROXYGRAPHICS
 70
     1
  9
$MEASUREMENT
 70
     0
  0
ENDSEC
  0
SECTION
  2
CLASSES
  0
CLASS
  1
ACDBDICTIONARYWDFLT
  2
AcDbDictionaryWithDefault
  3
ObjectDBX Classes
 90
        0
280
     0
281
     0
  0
CLASS
  1
VISUALSTYLE
  2
AcDbVisualStyle
  3
ObjectDBX Classes
 90
     4095
280
     0
281
     0
  0
CLASS
  1
MATERIAL
  2
AcDbMaterial
  3
ObjectDBX Classes
 90
     1153
280
     0
281
     0
  0
CLASS
  1
SCALE
  2
AcDbScale
  3
ObjectDBX Classes
 90
     1153
280
     0
281
     0
  0
CLASS
  1
SUN
  2
AcDbSun
  3
SCENEOE
 90
     1153
280
     0
281
     0
  0
CLASS
  1
DICTIONARYVAR
  2
AcDbDictionaryVar
  3
ObjectDBX Classes
 90
        0
280
     0
281
     0
  0
CLASS
  1
XRECORD
  2
AcDbXrecord
  3
ObjectDBX Classes
 90
        0
280
     0
281
     0
  0
CLASS
  1
LWPOLYLINE
  2
AcDbPolyline
  3
ObjectDBX Classes
 90
        0
280
     0
281
     1
  0
CLASS
  1
HATCH
  2
AcDbHatch
  3
ObjectDBX Classes
 90
        0
280
     0
281
     1
  0
CLASS
  1
ACDBPLACEHOLDER
  2
AcDbPlaceHolder
  3
ObjectDBX Classes
 90
        0
280
     0
281
     0
  0
CLASS
  1
LAYOUT
  2
AcDbLayout
  3
ObjectDBX Classes
 90
        0
280
     0
281
     0
  0
ENDSEC
  0
SECTION
  2
TABLES
  0
TABLE
  2
VPORT
  5
8
330
0
100
AcDbSymbolTable
 70
     1
  0
VPORT
  5
29
330
8
100
AcDbSymbolTableRecord
100
AcDbViewportTableRecord
  2
*ACTIVE
 70
     0
 10
0.0
 20
0.0
 11
1.0
 21
1.0
 12
301.7455794444444
 22
246.8140577777777
 13
0.0
 23
0.0
 14
0.5
 24
0.5
 15
0.5
 25
0.5
 16
0.0
 26
0.0
 36
1.0
 17
0.0
 27
0.0
 37
0.0
 40
132.5989431666666
 41
1.692313453694834
 42
50.0
 43
0.0
 44
0.0
 50
0.0
 51
0.0
 71
     0
 72
   100
 73
     1
 74
     3
 75
     0
 76
     0
 77
     0
 78
     0
  0
ENDTAB
  0
TABLE
  2
LTYPE
  5
5
330
0
100
AcDbSymbolTable
 70
     1
  0
LTYPE
  5
14
330
5
100
AcDbSymbolTableRecord
100
AcDbLinetypeTableRecord
  2
BYBLOCK
 70
     0
  3

 72
    65
 73
     0
 40
0.0
  0
LTYPE
  5
15
330
5
100
AcDbSymbolTableRecord
100
AcDbLinetypeTableRecord
  2
BYLAYER
 70
     0
  3

 72
    65
 73
     0
 40
0.0
  0
LTYPE
  5
16
330
5
100
AcDbSymbolTableRecord
100
AcDbLinetypeTableRecord
  2
CONTINUOUS
 70
     0
  3
Solid line
 72
    65
 73
     0
 40
0.0
  0
ENDTAB
  0
TABLE
  2
LAYER
  5
2
330
0
100
AcDbSymbolTable
 70
     2
  0
LAYER
  5
10
330
2
100
AcDbSymbolTableRecord
100
AcDbLayerTableRecord
  2
0
 70
     0
 62
     7
  6
CONTINUOUS
  0
LAYER
  5
6A
330
2
100
AcDbSymbolTableRecord
100
AcDbLayerTableRecord
  2
DEFAULT
 70
     0
 62
     7
  6
CONTINUOUS
  0
ENDTAB
  0
TABLE
  2
STYLE
  5
3
330
0
100
AcDbSymbolTable
 70
     1
  0
STYLE
  5
11
330
3
100
AcDbSymbolTableRecord
100
AcDbTextStyleTableRecord
  2
STANDARD
 70
     0
 40
0.0
 41
1.0
 50
0.0
 71
     0
 42
0.2
  3
txt
  4

  0
ENDTAB
  0
TABLE
  2
VIEW
  5
6
330
0
100
AcDbSymbolTable
 70
     0
  0
ENDTAB
  0
TABLE
  2
UCS
  5
7
330
0
100
AcDbSymbolTable
 70
     0
  0
ENDTAB
  0
TABLE
  2
APPID
  5
9
330
0
100
AcDbSymbolTable
 70
     1
  0
APPID
  5
12
330
9
100
AcDbSymbolTableRecord
100
AcDbRegAppTableRecord
  2
ACAD
 70
     0
  0
ENDTAB
  0
TABLE
  2
DIMSTYLE
  5
A
330
0
100
AcDbSymbolTable
 70
     1
  0
DIMSTYLE
105
27
330
A
100
AcDbSymbolTableRecord
100
AcDbDimStyleTableRecord
  2
STANDARD
 70
     0
  3

  4

  5

  6

  7

 40
1.0
 41
0.18
 42
0.0625
 43
0.38
 44
0.18
 45
0.0
 46
0.0
 47
0.0
 48
0.0
140
0.18
141
0.09
142
0.0
143
25.4
144
1.0
145
0.0
146
1.0
147
0.09
 71
     0
 72
     0
 73
     1
 74
     1
 75
     0
 76
     0
 77
     0
 78
     0
170
     0
171
     2
172
     0
173
     0
174
     0
175
     0
176
     0
177
     0
178
     0
270
     2
271
     4
272
     4
273
     2
274
     2
340
11
275
     0
280
     0
281
     0
282
     0
283
     1
284
     0
285
     0
286
     0
287
     3
288
     0
  0
ENDTAB
  0
TABLE
  2
BLOCK_RECORD
  5
1
330
0
100
AcDbSymbolTable
 70
     1
  0
BLOCK_RECORD
  5
1F
330
1
100
AcDbSymbolTableRecord
100
AcDbBlockTableRecord
  2
*MODEL_SPACE
  0
BLOCK_RECORD
  5
1B
330
1
100
AcDbSymbolTableRecord
100
AcDbBlockTableRecord
  2
*PAPER_SPACE
  0
ENDTAB
  0
ENDSEC
  0
SECTION
  2
BLOCKS
  0
BLOCK
  5
20
330
1F
100
AcDbEntity
  8
0
100
AcDbBlockBegin
  2
*MODEL_SPACE
 70
     0
 10
0.0
 20
0.0
 30
0.0
  3
*MODEL_SPACE
  1

  0
ENDBLK
  5
21
330
1F
100
AcDbEntity
  8
0
100
AcDbBlockEnd
  0
BLOCK
  5
1C
330
1B
100
AcDbEntity
 67
     1
  8
0
100
AcDbBlockBegin
  2
*PAPER_SPACE
 70
     0
 10
0.0
 20
0.0
 30
0.0
  3
*PAPER_SPACE
  1

  0
ENDBLK
  5
1D
330
1B
100
AcDbEntity
 67
     1
  8
0
100
AcDbBlockEnd
  0
ENDSEC
  0
SECTION
  2
ENTITIES
  0
SPLINE
  5
6B
330
1F
100
AcDbEntity
  8
DEFAULT
 62
     7
100
AcDbSpline
210
0.0
220
0.0
230
1.0
 70
    11
 71
     3
 72
    26
 73
    22
 74
     0
 42
0.000000001
 43
0.0000000001
 40
1.0
 40
1.0
 40
1.0
 40
1.0
 40
2.0
 40
2.0
 40
2.0
 40
3.0
 40
3.0
 40
3.0
 40
4.0
 40
4.0
 40
4.0
 40
9.073999999999955
 40
9.073999999999955
 40
9.073999999999955
 40
13.882003743759
 40
13.882003743759
 40
13.882003743759
 40
25.74900374375897
 40
25.74900374375897
 40
25.74900374375897
 40
26.74900374375897
 40
26.74900374375897
 40
26.74900374375897
 40
26.74900374375897
 10
334.4353441666666
 20
256.1201238888889
 30
0.0
 10
334.4346386111111
 20
257.5255905555555
 30
0.0
 10
333.2965775
 20
258.66471
 30
0.0
 10
331.8907580555555
 20
258.66471
 30
0.0
 10
330.4845858333333
 20
258.66471
 30
0.0
 10
329.3454663888888
 20
257.5252377777778
 30
0.0
 10
329.3454663888888
 20
256.1201238888889
 30
0.0
 10
329.3461719444444
 20
255.8244961111111
 30
0.0
 10
329.395913611111
 20
255.5380405555555
 30
0.0
 10
329.4908108333333
 20
255.2720461111111
 30
0.0
 10
328.8941460185185
 20
255.2720461111111
 30
0.0
 10
328.2974812037037
 20
255.2720461111111
 30
0.0
 10
327.7008163888889
 20
255.2720461111111
 30
0.0
 10
327.7015219444444
 20
254.7066609259259
 30
0.0
 10
327.7022275
 20
254.1412757407407
 30
0.0
 10
327.7029330555555
 20
253.5758905555555
 30
0.0
 10
329.0984043518518
 20
253.5758905555555
 30
0.0
 10
330.4938756481481
 20
253.5758905555555
 30
0.0
 10
331.8893469444444
 20
253.5758905555555
 30
0.0
 10
333.2958719444444
 20
253.5744794444444
 30
0.0
 10
334.4353441666666
 20
254.7135988888888
 30
0.0
 10
334.4353441666666
 20
256.1201238888889
 30
0.0
  0
SPLINE
  5
6C
330
1F
100
AcDbEntity
  8
DEFAULT
 62
     7
100
AcDbSpline
210
0.0
220
0.0
230
1.0
 70
    11
 71
     3
 72
    17
 73
    13
 74
     0
 42
0.000000001
 43
0.0000000001
 40
1.0
 40
1.0
 40
1.0
 40
1.0
 40
2.0
 40
2.0
 40
2.0
 40
3.0
 40
3.0
 40
3.0
 40
4.0
 40
4.0
 40
4.0
 40
5.0
 40
5.0
 40
5.0
 40
5.0
 10
331.0426802777777
 20
256.1208294444444
 30
0.0
 10
331.0412691666666
 20
256.5879072222222
 30
0.0
 10
331.4215636111111
 20
256.9685544444444
 30
0.0
 10
331.8900525
 20
256.9689072222222
 30
0.0
 10
332.3592469444444
 20
256.9682016666666
 30
0.0
 10
332.7384830555555
 20
256.5879072222222
 30
0.0
 10
332.739188611111
 20
256.1201238888889
 30
0.0
 10
332.7384830555555
 20
255.6519877777778
 30
0.0
 10
332.3592469444444
 20
255.2720461111111
 30
0.0
 10
331.8900525
 20
255.2720461111111
 30
0.0
 10
331.4222691666666
 20
255.2720461111111
 30
0.0
 10
331.0426802777777
 20
255.6512822222222
 30
0.0
 10
331.0426802777777
 20
256.1208294444444
 30
0.0
  0
SPLINE
  5
6D
330
1F
100
AcDbEntity
  8
DEFAULT
 62
     7
100
AcDbSpline
210
0.0
220
0.0
230
1.0
 70
    11
 71
     3
 72
    29
 73
    25
 74
     0
 42
0.000000001
 43
0.0000000001
 40
0.0
 40
0.0
 40
0.0
 40
0.0
 40
1.0
 40
1.0
 40
1.0
 40
2.0
 40
2.0
 40
2.0
 40
3.0
 40
3.0
 40
3.0
 40
9.803000661472844
 40
9.803000661472844
 40
9.803000661472844
 40
10.80300066147284
 40
10.80300066147284
 40
10.80300066147284
 40
11.80300066147284
 40
11.80300066147284
 40
11.80300066147284
 40
18.61000183673352
 40
18.61000183673352
 40
18.61000183673352
 40
19.61000183673352
 40
19.61000183673352
 40
19.61000183673352
 40
19.61000183673352
 10
331.8901583333333
 20
258.9623486111111
 30
0.0
 10
330.4861027777778
 20
258.9616430555556
 30
0.0
 10
329.3466305555555
 20
260.1011152777778
 30
0.0
 10
329.3462777777777
 20
261.5058763888889
 30
0.0
 10
329.3455722222222
 20
262.9116958333333
 30
0.0
 10
330.4853972222222
 20
264.0515208333333
 30
0.0
 10
331.8894527777778
 20
264.0508152777778
 30
0.0
 10
332.9996444444444
 20
264.0494041666666
 30
0.0
 10
333.9405027777778
 20
263.3431430555555
 30
0.0
 10
334.2908111111111
 20
262.3539541666667
 30
0.0
 10
333.4908287037037
 20
262.3543069444444
 30
0.0
 10
332.6908462962963
 20
262.3546597222222
 30
0.0
 10
331.8908638888889
 20
262.3550125
 30
0.0
 10
331.4227277777778
 20
262.3550125
 30
0.0
 10
331.0420805555556
 20
261.9750708333333
 30
0.0
 10
331.0420805555556
 20
261.5051708333333
 30
0.0
 10
331.0427861111111
 20
261.0377402777778
 30
0.0
 10
331.4213166666667
 20
260.6577986111111
 30
0.0
 10
331.8901583333333
 20
260.6592097222222
 30
0.0
 10
332.6906111111111
 20
260.6587393518518
 30
0.0
 10
333.4910638888889
 20
260.6582689814815
 30
0.0
 10
334.2915166666667
 20
260.6577986111111
 30
0.0
 10
333.9405027777778
 20
259.6693152777777
 30
0.0
 10
332.9989388888889
 20
258.9616430555556
 30
0.0
 10
331.8901583333333
 20
258.9623486111111
 30
0.0
  0
SPLINE
  5
6E
330
1F
100
AcDbEntity
  8
DEFAULT
 62
     7
100
AcDbSpline
210
0.0
220
0.0
230
1.0
 70
    11
 71
     3
 72
    26
 73
    22
 74
     0
 42
0.000000001
 43
0.0000000001
 40
1.0
 40
1.0
 40
1.0
 40
1.0
 40
2.0
 40
2.0
 40
2.0
 40
7.069001578220271
 40
7.069001578220271
 40
7.069001578220271
 40
11.87500168225682
 40
11.87500168225682
 40
11.87500168225682
 40
23.74800206126806
 40
23.74800206126806
 40
23.74800206126806
 40
24.74800206126806
 40
24.74800206126806
 40
24.74800206126806
 40
25.74800206126806
 40
25.74800206126806
 40
25.74800206126806
 40
26.74800206126806
 40
26.74800206126806
 40
26.74800206126806
 40
26.74800206126806
 10
334.4353441666666
 20
266.8929694444444
 30
0.0
 10
334.4349913888888
 20
267.1896555555555
 30
0.0
 10
334.3838386111111
 20
267.4750527777778
 30
0.0
 10
334.2907052777778
 20
267.7396361111111
 30
0.0
 10
334.8867821296296
 20
267.7401064814815
 30
0.0
 10
335.4828589814815
 20
267.7405768518518
 30
0.0
 10
336.0789358333333
 20
267.7410472222222
 30
0.0
 10
336.0790534259259
 20
268.3061972222222
 30
0.0
 10
336.0791710185185
 20
268.8713472222221
 30
0.0
 10
336.0792886111111
 20
269.4364972222222
 30
0.0
 10
334.6831117592592
 20
269.43685
 30
0.0
 10
333.2869349074073
 20
269.4372027777777
 30
0.0
 10
331.8907580555555
 20
269.4375555555555
 30
0.0
 10
330.4852913888888
 20
269.4364972222222
 30
0.0
 10
329.3458191666667
 20
268.2966722222222
 30
0.0
 10
329.3461719444444
 20
266.8926166666666
 30
0.0
 10
329.3461719444444
 20
265.4864444444444
 30
0.0
 10
330.4863497222222
 20
264.3476777777777
 30
0.0
 10
331.8907580555555
 20
264.347325
 30
0.0
 10
333.2965775
 20
264.3487361111111
 30
0.0
 10
334.4349913888888
 20
265.4882083333333
 30
0.0
 10
334.4353441666666
 20
266.8929694444444
 30
0.0
  0
SPLINE
  5
6F
330
1F
100
AcDbEntity
  8
DEFAULT
 62
     7
100
AcDbSpline
210
0.0
220
0.0
230
1.0
 70
    11
 71
     3
 72
    17
 73
    13
 74
     0
 42
0.000000001
 43
0.0000000001
 40
1.0
 40
1.0
 40
1.0
 40
1.0
 40
2.0
 40
2.0
 40
2.0
 40
3.0
 40
3.0
 40
3.0
 40
4.0
 40
4.0
 40
4.0
 40
5.0
 40
5.0
 40
5.0
 40
5.0
 10
331.0426802777777
 20
266.8919111111111
 30
0.0
 10
331.0426802777777
 20
267.3618111111111
 30
0.0
 10
331.4222691666666
 20
267.7410472222222
 30
0.0
 10
331.8907580555555
 20
267.7403416666666
 30
0.0
 10
332.3592469444444
 20
267.7403416666666
 30
0.0
 10
332.7377774999999
 20
267.3604
 30
0.0
 10
332.739188611111
 20
266.8919111111111
 30
0.0
 10
332.739188611111
 20
266.4241277777778
 30
0.0
 10
332.3606580555555
 20
266.0448916666667
 30
0.0
 10
331.8907580555555
 20
266.0448916666667
 30
0.0
 10
331.4226219444444
 20
266.0434805555556
 30
0.0
 10
331.0426802777777
 20
266.4248333333333
 30
0.0
 10
331.0426802777777
 20
266.8919111111111
 30
0.0
  0
SPLINE
  5
70
330
1F
100
AcDbEntity
  8
DEFAULT
 62
     7
100
AcDbSpline
210
0.0
220
0.0
230
1.0
 70
    11
 71
     3
 72
    17
 73
    13
 74
     0
 42
0.000000001
 43
0.0000000001
 40
1.0
 40
1.0
 40
1.0
 40
1.0
 40
2.0
 40
2.0
 40
2.0
 40
3.0
 40
3.0
 40
3.0
 40
4.0
 40
4.0
 40
4.0
 40
5.0
 40
5.0
 40
5.0
 40
5.0
 10
334.4353088888889
 20
272.2779811111111
 30
0.0
 10
334.4353088888889
 20
273.6827422222222
 30
0.0
 10
333.2965422222222
 20
274.8218616666666
 30
0.0
 10
331.8907227777777
 20
274.8218616666666
 30
0.0
 10
330.4845505555555
 20
274.8225672222222
 30
0.0
 10
329.3464894444444
 20
273.6838005555555
 30
0.0
 10
329.3464894444444
 20
272.2772755555555
 30
0.0
 10
329.3461366666667
 20
270.8735727777778
 30
0.0
 10
330.4859616666666
 20
269.733395
 30
0.0
 10
331.8921338888888
 20
269.733395
 30
0.0
 10
333.2965422222222
 20
269.7344533333334
 30
0.0
 10
334.4349561111111
 20
270.8735727777778
 30
0.0
 10
334.4353088888889
 20
272.2779811111111
 30
0.0
  0
SPLINE
  5
71
330
1F
100
AcDbEntity
  8
DEFAULT
 62
     7
100
AcDbSpline
210
0.0
220
0.0
230
1.0
 70
    11
 71
     3
 72
    17
 73
    13
 74
     0
 42
0.000000001
 43
0.0000000001
 40
0.0
 40
0.0
 40
0.0
 40
0.0
 40
1.0
 40
1.0
 40
1.0
 40
2.0
 40
2.0
 40
2.0
 40
3.0
 40
3.0
 40
3.0
 40
4.0
 40
4.0
 40
4.0
 40
4.0
 10
331.0440561111111
 20
272.2772755555555
 30
0.0
 10
331.0433505555555
 20
272.7461172222222
 30
0.0
 10
331.4225866666666
 20
273.1267644444445
 30
0.0
 10
331.8907227777777
 20
273.1260588888888
 30
0.0
 10
332.3592116666666
 20
273.1253533333334
 30
0.0
 10
332.7391533333333
 20
272.74647
 30
0.0
 10
332.7391533333333
 20
272.2772755555555
 30
0.0
 10
332.7391533333333
 20
271.8105505555556
 30
0.0
 10
332.3592116666666
 20
271.4309616666666
 30
0.0
 10
331.8914283333334
 20
271.4309616666666
 30
0.0
 10
331.4215283333333
 20
271.4309616666666
 30
0.0
 10
331.042645
 20
271.8101977777778
 30
0.0
 10
331.0440561111111
 20
272.2772755555555
 30
0.0
  0
SPLINE
  5
72
330
1F
100
AcDbEntity
  8
DEFAULT
 62
     7
100
AcDbSpline
210
0.0
220
0.0
230
1.0
 70
    11
 71
     3
 72
    26
 73
    22
 74
     0
 42
0.000000001
 43
0.0000000001
 40
1.0
 40
1.0
 40
1.0
 40
1.0
 40
2.0
 40
2.0
 40
2.0
 40
3.0
 40
3.0
 40
3.0
 40
4.0
 40
4.0
 40
4.0
 40
11.77000057915054
 40
11.77000057915054
 40
11.77000057915054
 40
19.13100737170275
 40
19.13100737170275
 40
19.13100737170275
 40
37.3050076193092
 40
37.3050076193092
 40
37.3050076193092
 40
38.3050076193092
 40
38.3050076193092
 40
38.3050076193092
 40
38.3050076193092
 10
207.3236194444445
 20
234.9100302777778
 30
0.0
 10
207.3222083333333
 20
237.0626802777778
 30
0.0
 10
205.5787805555556
 20
238.8061080555555
 30
0.0
 10
203.4264833333333
 20
238.8061080555555
 30
0.0
 10
201.2734805555555
 20
238.8061080555555
 30
0.0
 10
199.5293472222222
 20
237.0616219444444
 30
0.0
 10
199.5293472222222
 20
234.9093247222222
 30
0.0
 10
199.5300527777777
 20
234.4567108333333
 30
0.0
 10
199.6066055555556
 20
234.0175024999999
 30
0.0
 10
199.7512444444444
 20
233.6100441666666
 30
0.0
 10
198.83755
 20
233.6103969444444
 30
0.0
 10
197.9238555555555
 20
233.6107497222222
 30
0.0
 10
197.0101611111111
 20
233.6111025
 30
0.0
 10
197.011337037037
 20
232.7455034259259
 30
0.0
 10
197.012512962963
 20
231.8799043518518
 30
0.0
 10
197.0136888888889
 20
231.0143052777778
 30
0.0
 10
199.1508166666667
 20
231.0139525
 30
0.0
 10
201.2879444444444
 20
231.0135997222222
 30
0.0
 10
203.4250722222222
 20
231.0132469444444
 30
0.0
 10
205.578075
 20
231.0111302777778
 30
0.0
 10
207.3236194444445
 20
232.7563219444444
 30
0.0
 10
207.3236194444445
 20
234.9100302777778
 30
0.0
  0
SPLINE
  5
73
330
1F
100
AcDbEntity
  8
DEFAULT
 62
     7
100
AcDbSpline
210
0.0
220
0.0
230
1.0
 70
    11
 71
     3
 72
    17
 73
    13
 74
     0
 42
0.000000001
 43
0.0000000001
 40
1.0
 40
1.0
 40
1.0
 40
1.0
 40
2.0
 40
2.0
 40
2.0
 40
3.0
 40
3.0
 40
3.0
 40
4.0
 40
4.0
 40
4.0
 40
5.0
 40
5.0
 40
5.0
 40
5.0
 10
202.1275555555555
 20
234.9107358333333
 30
0.0
 10
202.1257916666667
 20
235.6265219444444
 30
0.0
 10
202.7082277777778
 20
236.2086052777777
 30
0.0
 10
203.4257777777778
 20
236.2093108333333
 30
0.0
 10
204.1443861111111
 20
236.2078997222222
 30
0.0
 10
204.7243527777778
 20
235.6265219444444
 30
0.0
 10
204.7257638888889
 20
234.9100302777778
 30
0.0
 10
204.7243527777778
 20
234.1928330555555
 30
0.0
 10
204.1443861111111
 20
233.6111025
 30
0.0
 10
203.4257777777778
 20
233.6111025
 30
0.0
 10
202.7089333333333
 20
233.6100441666666
 30
0.0
 10
202.1282611111111
 20
234.1910691666666
 30
0.0
 10
202.1275555555555
 20
234.9107358333333
 30
0.0
  0
SPLINE
  5
74
330
1F
100
AcDbEntity
  8
DEFAULT
 62
     7
100
AcDbSpline
210
0.0
220
0.0
230
1.0
 70
    11
 71
     3
 72
    29
 73
    25
 74
     0
 42
0.000000001
 43
0.0000000001
 40
0.0
 40
0.0
 40
0.0
 40
0.0
 40
1.0
 40
1.0
 40
1.0
 40
2.0
 40
2.0
 40
2.0
 40
3.0
 40
3.0
 40
3.0
 40
13.41800235169872
 40
13.41800235169872
 40
13.41800235169872
 40
14.41800235169872
 40
14.41800235169872
 40
14.41800235169872
 40
15.41800235169872
 40
15.41800235169872
 40
15.41800235169872
 40
25.84200311915838
 40
25.84200311915838
 40
25.84200311915838
 40
26.84200311915838
 40
26.84200311915838
 40
26.84200311915838
 40
26.84200311915838
 10
203.4256366666666
 20
239.2622497222222
 30
0.0
 10
201.2751033333333
 20
239.2608386111111
 30
0.0
 10
199.5306172222222
 20
241.0056775
 30
0.0
 10
199.5299116666666
 20
243.1572691666667
 30
0.0
 10
199.5292061111111
 20
245.3099191666666
 30
0.0
 10
201.2736922222222
 20
247.0554636111111
 30
0.0
 10
203.4249311111111
 20
247.0544052777777
 30
0.0
 10
205.1239088888888
 20
247.0522886111111
 30
0.0
 10
206.5650061111111
 20
245.9706719444444
 30
0.0
 10
207.1015811111111
 20
244.4554913888889
 30
0.0
 10
205.8765014814815
 20
244.456314537037
 30
0.0
 10
204.6514218518518
 20
244.4571376851851
 30
0.0
 10
203.4263422222222
 20
244.4579608333333
 30
0.0
 10
202.7098505555555
 20
244.4572552777778
 30
0.0
 10
202.1267088888889
 20
243.8758775
 30
0.0
 10
202.1267088888889
 20
243.1562108333333
 30
0.0
 10
202.1274144444444
 20
242.4400719444444
 30
0.0
 10
202.7077338888889
 20
241.8583413888889
 30
0.0
 10
203.4256366666666
 20
241.8597525
 30
0.0
 10
204.6514218518518
 20
241.8592821296296
 30
0.0
 10
205.877207037037
 20
241.8588117592593
 30
0.0
 10
207.1029922222222
 20
241.8583413888889
 30
0.0
 10
206.5653588888889
 20
240.3449247222222
 30
0.0
 10
205.1232033333333
 20
239.2608386111111
 30
0.0
 10
203.4256366666666
 20
239.2622497222222
 30
0.0
  0
SPLINE
  5
75
330
1F
100
AcDbEntity
  8
DEFAULT
 62
     7
100
AcDbSpline
210
0.0
220
0.0
230
1.0
 70
    11
 71
     3
 72
    26
 73
    22
 74
     0
 42
0.000000001
 43
0.0000000001
 40
1.0
 40
1.0
 40
1.0
 40
1.0
 40
2.0
 40
2.0
 40
2.0
 40
9.763002318690916
 40
9.763002318690916
 40
9.763002318690916
 40
17.12200259046701
 40
17.12200259046701
 40
17.12200259046701
 40
35.3050032779223
 40
35.3050032779223
 40
35.3050032779223
 40
36.3050032779223
 40
36.3050032779223
 40
36.3050032779223
 40
37.3050032779223
 40
37.3050032779223
 40
37.3050032779223
 40
38.3050032779223
 40
38.3050032779223
 40
38.3050032779223
 40
38.3050032779223
 10
207.3232666666667
 20
251.4062366666666
 30
0.0
 10
207.3229138888889
 20
251.8602616666667
 30
0.0
 10
207.2445972222222
 20
252.2980588888889
 30
0.0
 10
207.1017222222222
 20
252.7034005555555
 30
0.0
 10
208.0145935185185
 20
252.7041061111111
 30
0.0
 10
208.9274648148148
 20
252.7048116666666
 30
0.0
 10
209.8403361111111
 20
252.7055172222222
 30
0.0
 10
209.8405712962963
 20
253.5708811111111
 30
0.0
 10
209.8408064814815
 20
254.436245
 30
0.0
 10
209.8410416666667
 20
255.3016088888889
 30
0.0
 10
207.7028555555555
 20
255.3021968518518
 30
0.0
 10
205.5646694444444
 20
255.3027848148148
 30
0.0
 10
203.4264833333333
 20
255.3033727777778
 30
0.0
 10
201.2738333333333
 20
255.3019616666666
 30
0.0
 10
199.5297
 20
253.55677
 30
0.0
 10
199.5300527777777
 20
251.4055311111111
 30
0.0
 10
199.5300527777777
 20
249.2528811111111
 30
0.0
 10
201.27595
 20
247.5094533333333
 30
0.0
 10
203.4264833333333
 20
247.508395
 30
0.0
 10
205.5787805555556
 20
247.5108644444444
 30
0.0
 10
207.3229138888889
 20
249.2542922222222
 30
0.0
 10
207.3232666666667
 20
251.4062366666666
 30
0.0
  0
SPLINE
  5
76
330
1F
100
AcDbEntity
  8
DEFAULT
 62
     7
100
AcDbSpline
210
0.0
220
0.0
230
1.0
 70
    11
 71
     3
 72
    17
 73
    13
 74
     0
 42
0.000000001
 43
0.0000000001
 40
1.0
 40
1.0
 40
1.0
 40
1.0
 40
2.0
 40
2.0
 40
2.0
 40
3.0
 40
3.0
 40
3.0
 40
4.0
 40
4.0
 40
4.0
 40
5.0
 40
5.0
 40
5.0
 40
5.0
 10
202.1275555555555
 20
251.4048255555555
 30
0.0
 10
202.1282611111111
 20
252.1241394444444
 30
0.0
 10
202.7089333333333
 20
252.7055172222222
 30
0.0
 10
203.4264833333333
 20
252.7041061111111
 30
0.0
 10
204.1443861111111
 20
252.7044588888889
 30
0.0
 10
204.7236472222222
 20
252.1220227777777
 30
0.0
 10
204.7257638888889
 20
251.4048255555555
 30
0.0
 10
204.7257638888889
 20
250.6886866666667
 30
0.0
 10
204.14615
 20
250.1073088888889
 30
0.0
 10
203.4264833333333
 20
250.1073088888889
 30
0.0
 10
202.7096388888889
 20
250.1051922222222
 30
0.0
 10
202.1275555555555
 20
250.689745
 30
0.0
 10
202.1275555555555
 20
251.4048255555555
 30
0.0
  0
SPLINE
  5
77
330
1F
100
AcDbEntity
  8
DEFAULT
 62
     7
100
AcDbSpline
210
0.0
220
0.0
230
1.0
 70
    11
 71
     3
 72
    17
 73
    13
 74
     0
 42
0.000000001
 43
0.0000000001
 40
1.0
 40
1.0
 40
1.0
 40
1.0
 40
2.0
 40
2.0
 40
2.0
 40
3.0
 40
3.0
 40
3.0
 40
4.0
 40
4.0
 40
4.0
 40
5.0
 40
5.0
 40
5.0
 40
5.0
 10
207.3231961111111
 20
259.6530875
 30
0.0
 10
207.3235488888888
 20
261.8043263888889
 30
0.0
 10
205.57871
 20
263.5488125
 30
0.0
 10
203.4271183333333
 20
263.5488125
 30
0.0
 10
201.2727044444444
 20
263.5495180555556
 30
0.0
 10
199.5306877777778
 20
261.8057375
 30
0.0
 10
199.5299822222222
 20
259.6523819444444
 30
0.0
 10
199.5296294444444
 20
257.5025541666666
 30
0.0
 10
201.2751738888888
 20
255.7563041666667
 30
0.0
 10
203.4285294444444
 20
255.7570097222222
 30
0.0
 10
205.57871
 20
255.7573625
 30
0.0
 10
207.3228433333333
 20
257.5018486111111
 30
0.0
 10
207.3231961111111
 20
259.6530875
 30
0.0
  0
SPLINE
  5
78
330
1F
100
AcDbEntity
  8
DEFAULT
 62
     7
100
AcDbSpline
210
0.0
220
0.0
230
1.0
 70
    11
 71
     3
 72
    17
 73
    13
 74
     0
 42
0.000000001
 43
0.0000000001
 40
0.0
 40
0.0
 40
0.0
 40
0.0
 40
1.0
 40
1.0
 40
1.0
 40
2.0
 40
2.0
 40
2.0
 40
3.0
 40
3.0
 40
3.0
 40
4.0
 40
4.0
 40
4.0
 40
4.0
 10
202.1296016666666
 20
259.6523819444444
 30
0.0
 10
202.1288961111111
 20
260.3695791666667
 30
0.0
 10
202.7099211111111
 20
260.9527208333333
 30
0.0
 10
203.4271183333333
 20
260.9520152777778
 30
0.0
 10
204.1436099999999
 20
260.9516625
 30
0.0
 10
204.7256933333333
 20
260.3702847222222
 30
0.0
 10
204.7256933333333
 20
259.6523819444444
 30
0.0
 10
204.7256933333333
 20
258.9373013888888
 30
0.0
 10
204.1436099999999
 20
258.3548652777778
 30
0.0
 10
203.4281766666666
 20
258.3548652777778
 30
0.0
 10
202.70851
 20
258.3548652777778
 30
0.0
 10
202.1281905555555
 20
258.9365958333333
 30
0.0
 10
202.1296016666666
 20
259.6523819444444
 30
0.0
  0
POLYLINE
  5
79
330
1F
100
AcDbEntity
  8
DEFAULT
 62
     7
100
AcDb2dPolyline
 66
     1
 10
0.0
 20
0.0
 30
0.0
  0
VERTEX
  5
7A
330
79
100
AcDbEntity
  8
DEFAULT
 62
     7
100
AcDbVertex
100
AcDb2dVertex
 10
286.0473211111111
 20
194.8322169444444
 30
0.0
  0
VERTEX
  5
7B
330
79
100
AcDbEntity
  8
DEFAULT
 62
     7
100
AcDbVertex
100
AcDb2dVertex
 10
286.0473211111111
 20
197.0148530555555
 30
0.0
  0
SEQEND
  5
7C
330
79
100
AcDbEntity
  8
DEFAULT
 62
     7
  0
POLYLINE
  5
7D
330
1F
100
AcDbEntity
  8
DEFAULT
 62
     7
100
AcDb2dPolyline
 66
     1
 10
0.0
 20
0.0
 30
0.0
  0
VERTEX
  5
7E
330
7D
100
AcDbEntity
  8
DEFAULT
 62
     7
100
AcDbVertex
100
AcDb2dVertex
 10
286.7087794444444
 20
194.8322169444444
 30
0.0
  0
VERTEX
  5
7F
330
7D
100
AcDbEntity
  8
DEFAULT
 62
     7
100
AcDbVertex
100
AcDb2dVertex
 10
286.7087794444444
 20
197.0148530555555
 30
0.0
  0
SEQEND
  5
80
330
7D
100
AcDbEntity
  8
DEFAULT
 62
     7
  0
POLYLINE
  5
81
330
1F
100
AcDbEntity
  8
DEFAULT
 62
     7
100
AcDb2dPolyline
 66
     1
 10
0.0
 20
0.0
 30
0.0
  0
VERTEX
  5
82
330
81
100
AcDbEntity
  8
DEFAULT
 62
     7
100
AcDbVertex
100
AcDb2dVertex
 10
287.3702377777777
 20
194.8322169444444
 30
0.0
  0
VERTEX
  5
83
330
81
100
AcDbEntity
  8
DEFAULT
 62
     7
100
AcDbVertex
100
AcDb2dVertex
 10
287.3702377777777
 20
197.0148530555555
 30
0.0
  0
SEQEND
  5
84
330
81
100
AcDbEntity
  8
DEFAULT
 62
     7
  0
POLYLINE
  5
85
330
1F
100
AcDbEntity
  8
DEFAULT
 62
     1
100
AcDb2dPolyline
 66
     1
 10
0.0
 20
0.0
 30
0.0
  0
VERTEX
  5
86
330
85
100
AcDbEntity
  8
DEFAULT
 62
     1
100
AcDbVertex
100
AcDb2dVertex
 10
295.5640308333333
 20
189.4713
 30
0.0
  0
VERTEX
  5
87
330
85
100
AcDbEntity
  8
DEFAULT
 62
     1
100
AcDbVertex
100
AcDb2dVertex
 10
293.7863836111111
 20
189.4713
 30
0.0
  0
SEQEND
  5
88
330
85
100
AcDbEntity
  8
DEFAULT
 62
     1
  0
POLYLINE
  5
89
330
1F
100
AcDbEntity
  8
DEFAULT
 62
     1
100
AcDb2dPolyline
 66
     1
 10
0.0
 20
0.0
 30
0.0
  0
VERTEX
  5
8A
330
89
100
AcDbEntity
  8
DEFAULT
 62
     1
100
AcDbVertex
100
AcDb2dVertex
 10
293.4363575
 20
189.4713
 30
0.0
  0
VERTEX
  5
8B
330
89
100
AcDbEntity
  8
DEFAULT
 62
     1
100
AcDbVertex
100
AcDb2dVertex
 10
291.6587102777777
 20
189.4713
 30
0.0
  0
SEQEND
  5
8C
330
89
100
AcDbEntity
  8
DEFAULT
 62
     1
  0
POLYLINE
  5
8D
330
1F
100
AcDbEntity
  8
DEFAULT
 62
     1
100
AcDb2dPolyline
 66
     1
 10
0.0
 20
0.0
 30
0.0
  0
VERTEX
  5
8E
330
8D
100
AcDbEntity
  8
DEFAULT
 62
     1
100
AcDbVertex
100
AcDb2dVertex
 10
288.6600638888889
 20
205.7872722222222
 30
0.0
  0
VERTEX
  5
8F
330
8D
100
AcDbEntity
  8
DEFAULT
 62
     1
100
AcDbVertex
100
AcDb2dVertex
 10
286.8824166666666
 20
205.7872722222222
 30
0.0
  0
SEQEND
  5
90
330
8D
100
AcDbEntity
  8
DEFAULT
 62
     1
  0
POLYLINE
  5
91
330
1F
100
AcDbEntity
  8
DEFAULT
 62
     1
100
AcDb2dPolyline
 66
     1
 10
0.0
 20
0.0
 30
0.0
  0
VERTEX
  5
92
330
91
100
AcDbEntity
  8
DEFAULT
 62
     1
100
AcDbVertex
100
AcDb2dVertex
 10
286.5323905555555
 20
205.7872722222222
 30
0.0
  0
VERTEX
  5
93
330
91
100
AcDbEntity
  8
DEFAULT
 62
     1
100
AcDbVertex
100
AcDb2dVertex
 10
284.7547433333333
 20
205.7872722222222
 30
0.0
  0
SEQEND
  5
94
330
91
100
AcDbEntity
  8
DEFAULT
 62
     1
  0
POLYLINE
  5
95
330
1F
100
AcDbEntity
  8
DEFAULT
 62
     1
100
AcDb2dPolyline
 66
     1
 10
0.0
 20
0.0
 30
0.0
  0
VERTEX
  5
96
330
95
100
AcDbEntity
  8
DEFAULT
 62
     1
100
AcDbVertex
100
AcDb2dVertex
 10
281.7636816666666
 20
189.4713
 30
0.0
  0
VERTEX
  5
97
330
95
100
AcDbEntity
  8
DEFAULT
 62
     1
100
AcDbVertex
100
AcDb2dVertex
 10
279.9860344444444
 20
189.4713
 30
0.0
  0
SEQEND
  5
98
330
95
100
AcDbEntity
  8
DEFAULT
 62
     1
  0
POLYLINE
  5
99
330
1F
100
AcDbEntity
  8
DEFAULT
 62
     1
100
AcDb2dPolyline
 66
     1
 10
0.0
 20
0.0
 30
0.0
  0
VERTEX
  5
9A
330
99
100
AcDbEntity
  8
DEFAULT
 62
     1
100
AcDbVertex
100
AcDb2dVertex
 10
279.6359730555556
 20
189.4713
 30
0.0
  0
VERTEX
  5
9B
330
99
100
AcDbEntity
  8
DEFAULT
 62
     1
100
AcDbVertex
100
AcDb2dVertex
 10
277.8583258333333
 20
189.4713
 30
0.0
  0
SEQEND
  5
9C
330
99
100
AcDbEntity
  8
DEFAULT
 62
     1
  0
SPLINE
  5
9D
330
1F
100
AcDbEntity
  8
DEFAULT
 62
     1
100
AcDbSpline
210
0.0
220
0.0
230
1.0
 70
     8
 71
     3
 72
    86
 73
    82
 74
     0
 42
0.000000001
 43
0.0000000001
 40
0.0
 40
0.0
 40
0.0
 40
0.0
 40
14.029
 40
14.029
 40
14.029
 40
15.029
 40
15.029
 40
15.029
 40
16.029
 40
16.029
 40
16.029
 40
27.3180000000001
 40
27.3180000000001
 40
27.3180000000001
 40
35.8180000000001
 40
35.8180000000001
 40
35.8180000000001
 40
47.1070000000002
 40
47.1070000000002
 40
47.1070000000002
 40
48.1070000000002
 40
48.1070000000002
 40
48.1070000000002
 40
49.1070000000002
 40
49.1070000000002
 40
49.1070000000002
 40
50.1070000000002
 40
50.1070000000002
 40
50.1070000000002
 40
51.1070000000002
 40
51.1070000000002
 40
51.1070000000002
 40
52.1070000000002
 40
52.1070000000002
 40
52.1070000000002
 40
53.1070000000002
 40
53.1070000000002
 40
53.1070000000002
 40
58.76700000000028
 40
58.76700000000028
 40
58.76700000000028
 40
67.26700000000028
 40
67.26700000000028
 40
67.26700000000028
 40
72.92700000000036
 40
72.92700000000036
 40
72.92700000000036
 40
73.92700000000036
 40
73.92700000000036
 40
73.92700000000036
 40
74.92700000000036
 40
74.92700000000036
 40
74.92700000000036
 40
75.92700000000036
 40
75.92700000000036
 40
75.92700000000036
 40
76.92700000000036
 40
76.92700000000036
 40
76.92700000000036
 40
77.92700000000036
 40
77.92700000000036
 40
77.92700000000036
 40
78.92700000000036
 40
78.92700000000036
 40
78.92700000000036
 40
90.21600000000046
 40
90.21600000000046
 40
90.21600000000046
 40
98.71600000000046
 40
98.71600000000046
 40
98.71600000000046
 40
110.0050000000006
 40
110.0050000000006
 40
110.0050000000006
 40
111.0050000000006
 40
111.0050000000006
 40
111.0050000000006
 40
112.0050000000006
 40
112.0050000000006
 40
112.0050000000006
 40
125.0360000000005
 40
125.0360000000005
 40
125.0360000000005
 40
125.0360000000005
 10
286.7094497222222
 20
189.4713
 30
0.0
 10
288.3591562037037
 20
189.4713
 30
0.0
 10
290.0088626851852
 20
189.4713
 30
0.0
 10
291.6585691666666
 20
189.4713
 30
0.0
 10
291.7150136111111
 20
189.4713
 30
0.0
 10
292.159513611111
 20
190.5896055555555
 30
0.0
 10
292.159513611111
 20
191.9724944444444
 30
0.0
 10
292.159513611111
 20
193.3553833333333
 30
0.0
 10
292.1101247222222
 20
194.1314944444444
 30
0.0
 10
292.1101247222222
 20
194.4736888888888
 30
0.0
 10
292.1101247222222
 20
195.8011916666666
 30
0.0
 10
292.1101247222222
 20
197.1286944444444
 30
0.0
 10
292.1101247222222
 20
198.4561972222222
 30
0.0
 10
293.1096617592592
 20
198.4561972222222
 30
0.0
 10
294.1091987962963
 20
198.4561972222222
 30
0.0
 10
295.1087358333333
 20
198.4561972222222
 30
0.0
 10
295.1087358333333
 20
197.1286944444444
 30
0.0
 10
295.1087358333333
 20
195.8011916666666
 30
0.0
 10
295.1087358333333
 20
194.4736888888888
 30
0.0
 10
295.1087358333333
 20
194.1314944444444
 30
0.0
 10
295.0596997222221
 20
193.3553833333333
 30
0.0
 10
295.0596997222221
 20
191.9724944444444
 30
0.0
 10
295.0596997222221
 20
190.5896055555555
 30
0.0
 10
295.5109024999999
 20
189.4713
 30
0.0
 10
295.5641719444444
 20
189.4713
 30
0.0
 10
300.4078108333333
 20
189.4713
 30
0.0
 10
300.4078108333333
 20
189.4713
 30
0.0
 10
300.4078108333333
 20
195.0945777777778
 30
0.0
 10
300.4078108333333
 20
198.8693
 30
0.0
 10
299.0524386111111
 20
205.25105
 30
0.0
 10
288.6599580555555
 20
205.7872722222222
 30
0.0
 10
288.6035136111111
 20
205.7872722222222
 30
0.0
 10
288.1590136111111
 20
204.6689666666666
 30
0.0
 10
288.1590136111111
 20
203.2860777777777
 30
0.0
 10
288.1590136111111
 20
201.9031888888888
 30
0.0
 10
288.2087552777778
 20
201.1270777777777
 30
0.0
 10
288.2087552777778
 20
200.7848833333333
 30
0.0
 10
288.2087552777778
 20
200.1193092592592
 30
0.0
 10
288.2087552777778
 20
199.4537351851851
 30
0.0
 10
288.2087552777778
 20
198.7881611111111
 30
0.0
 10
287.2092182407407
 20
198.7881611111111
 30
0.0
 10
286.2096812037037
 20
198.7881611111111
 30
0.0
 10
285.2101441666666
 20
198.7881611111111
 30
0.0
 10
285.2101441666666
 20
199.4537351851851
 30
0.0
 10
285.2101441666666
 20
200.1193092592592
 30
0.0
 10
285.2101441666666
 20
200.7848833333333
 30
0.0
 10
285.2101441666666
 20
201.1270777777777
 30
0.0
 10
285.2556525
 20
201.9031888888888
 30
0.0
 10
285.2556525
 20
203.2860777777777
 30
0.0
 10
285.2556525
 20
204.6689666666666
 30
0.0
 10
284.8076247222222
 20
205.7872722222222
 30
0.0
 10
284.7547080555555
 20
205.7872722222222
 30
0.0
 10
274.3548191666666
 20
205.25105
 30
0.0
 10
273.0075608333333
 20
198.8693
 30
0.0
 10
273.0075608333333
 20
195.0945777777778
 30
0.0
 10
273.0075608333333
 20
189.4713
 30
0.0
 10
273.0075608333333
 20
189.4713
 30
0.0
 10
277.8582552777777
 20
189.4713
 30
0.0
 10
277.9139941666666
 20
189.4713
 30
0.0
 10
278.3591997222222
 20
190.5896055555555
 30
0.0
 10
278.3591997222222
 20
191.9724944444444
 30
0.0
 10
278.3591997222222
 20
193.3553833333333
 30
0.0
 10
278.3094580555555
 20
194.1314944444444
 30
0.0
 10
278.3094580555555
 20
194.4736888888888
 30
0.0
 10
278.3094580555555
 20
195.8011916666666
 30
0.0
 10
278.3094580555555
 20
197.1286944444444
 30
0.0
 10
278.3094580555555
 20
198.4561972222222
 30
0.0
 10
279.3089950925926
 20
198.4561972222222
 30
0.0
 10
280.3085321296296
 20
198.4561972222222
 30
0.0
 10
281.3080691666666
 20
198.4561972222222
 30
0.0
 10
281.3080691666666
 20
197.1286944444444
 30
0.0
 10
281.3080691666666
 20
195.8011916666666
 30
0.0
 10
281.3080691666666
 20
194.4736888888888
 30
0.0
 10
281.3080691666666
 20
194.1314944444444
 30
0.0
 10
281.2622080555555
 20
193.3553833333333
 30
0.0
 10
281.2622080555555
 20
191.9724944444444
 30
0.0
 10
281.2622080555555
 20
190.5896055555555
 30
0.0
 10
281.7105886111111
 20
189.4713
 30
0.0
 10
281.7631525
 20
189.4713
 30
0.0
 10
283.295501574074
 20
189.4713
 30
0.0
 10
284.8278506481481
 20
189.4713
 30
0.0
 10
286.3601997222222
 20
189.4713
 30
0.0
  0
POLYLINE
  5
9E
330
1F
100
AcDbEntity
  8
DEFAULT
 62
     7
100
AcDb2dPolyline
 66
     1
 10
0.0
 20
0.0
 30
0.0
  0
VERTEX
  5
9F
330
9E
100
AcDbEntity
  8
DEFAULT
 62
     7
100
AcDbVertex
100
AcDb2dVertex
 10
339.7539277777777
 20
205.5612827777778
 30
0.0
  0
VERTEX
  5
A0
330
9E
100
AcDbEntity
  8
DEFAULT
 62
     7
100
AcDbVertex
100
AcDb2dVertex
 10
337.5712916666666
 20
205.5612827777778
 30
0.0
  0
SEQEND
  5
A1
330
9E
100
AcDbEntity
  8
DEFAULT
 62
     7
  0
POLYLINE
  5
A2
330
1F
100
AcDbEntity
  8
DEFAULT
 62
     7
100
AcDb2dPolyline
 66
     1
 10
0.0
 20
0.0
 30
0.0
  0
VERTEX
  5
A3
330
A2
100
AcDbEntity
  8
DEFAULT
 62
     7
100
AcDbVertex
100
AcDb2dVertex
 10
339.7539277777777
 20
206.8841994444444
 30
0.0
  0
VERTEX
  5
A4
330
A2
100
AcDbEntity
  8
DEFAULT
 62
     7
100
AcDbVertex
100
AcDb2dVertex
 10
337.5712916666666
 20
206.8841994444444
 30
0.0
  0
SEQEND
  5
A5
330
A2
100
AcDbEntity
  8
DEFAULT
 62
     7
  0
POLYLINE
  5
A6
330
1F
100
AcDbEntity
  8
DEFAULT
 62
     7
100
AcDb2dPolyline
 66
     1
 10
0.0
 20
0.0
 30
0.0
  0
VERTEX
  5
A7
330
A6
100
AcDbEntity
  8
DEFAULT
 62
     7
100
AcDbVertex
100
AcDb2dVertex
 10
322.8922788888889
 20
206.2227411111111
 30
0.0
  0
VERTEX
  5
A8
330
A6
100
AcDbEntity
  8
DEFAULT
 62
     7
100
AcDbVertex
100
AcDb2dVertex
 10
320.7096427777777
 20
206.2227411111111
 30
0.0
  0
SEQEND
  5
A9
330
A6
100
AcDbEntity
  8
DEFAULT
 62
     7
  0
POLYLINE
  5
AA
330
1F
100
AcDbEntity
  8
DEFAULT
 62
     1
100
AcDb2dPolyline
 66
     1
 10
0.0
 20
0.0
 30
0.0
  0
VERTEX
  5
AB
330
AA
100
AcDbEntity
  8
DEFAULT
 62
     1
100
AcDbVertex
100
AcDb2dVertex
 10
331.2390363888888
 20
197.3688655555555
 30
0.0
  0
VERTEX
  5
AC
330
AA
100
AcDbEntity
  8
DEFAULT
 62
     1
100
AcDbVertex
100
AcDb2dVertex
 10
331.2390363888888
 20
194.475735
 30
0.0
  0
SEQEND
  5
AD
330
AA
100
AcDbEntity
  8
DEFAULT
 62
     1
  0
SPLINE
  5
AE
330
1F
100
AcDbEntity
  8
DEFAULT
 62
     1
100
AcDbSpline
210
0.0
220
0.0
230
1.0
 70
     8
 71
     3
 72
    26
 73
    22
 74
     0
 42
0.000000001
 43
0.0000000001
 40
0.0
 40
0.0
 40
0.0
 40
0.0
 40
4.25
 40
4.25
 40
4.25
 40
9.919999999999959
 40
9.919999999999959
 40
9.919999999999959
 40
10.91999999999996
 40
10.91999999999996
 40
10.91999999999996
 40
11.91999999999996
 40
11.91999999999996
 40
11.91999999999996
 40
12.91999999999996
 40
12.91999999999996
 40
12.91999999999996
 40
14.19999999999993
 40
14.19999999999993
 40
14.19999999999993
 40
15.19999999999993
 40
15.19999999999993
 40
15.19999999999993
 40
15.19999999999993
 10
318.9366169444444
 20
206.2234466666666
 30
0.0
 10
318.9366169444444
 20
205.7236781481481
 30
0.0
 10
318.9366169444444
 20
205.2239096296296
 30
0.0
 10
318.9366169444444
 20
204.7241411111111
 30
0.0
 10
318.2698669444445
 20
204.7241411111111
 30
0.0
 10
317.6031169444445
 20
204.7241411111111
 30
0.0
 10
316.9363669444444
 20
204.7241411111111
 30
0.0
 10
316.5945252777777
 20
204.7241411111111
 30
0.0
 10
315.8180613888889
 20
204.770355
 30
0.0
 10
314.4351725
 20
204.770355
 30
0.0
 10
313.0522836111111
 20
204.770355
 30
0.0
 10
311.9339780555555
 20
204.3223272222222
 30
0.0
 10
311.9339780555555
 20
204.2694105555555
 30
0.0
 10
312.3573113888889
 20
191.0120216666666
 30
0.0
 10
318.2977363888888
 20
190.7576688888888
 30
0.0
 10
322.1507752777778
 20
190.7576688888888
 30
0.0
 10
322.3012937962962
 20
190.7576688888888
 30
0.0
 10
322.4518123148148
 20
190.7576688888888
 30
0.0
 10
322.6023308333333
 20
190.7576688888888
 30
0.0
 10
329.7280891666667
 20
190.7576688888888
 30
0.0
 10
331.0192558333333
 20
190.7576688888888
 30
0.0
 10
331.2383308333333
 20
194.4762994444444
 30
0.0
  0
SPLINE
  5
AF
330
1F
100
AcDbEntity
  8
DEFAULT
 62
     1
100
AcDbSpline
210
0.0
220
0.0
230
1.0
 70
     8
 71
     3
 72
    23
 73
    19
 74
     0
 42
0.000000001
 43
0.0000000001
 40
0.0
 40
0.0
 40
0.0
 40
0.0
 40
3.259999999999991
 40
3.259999999999991
 40
3.259999999999991
 40
8.92999999999995
 40
8.92999999999995
 40
8.92999999999995
 40
9.92999999999995
 40
9.92999999999995
 40
9.92999999999995
 40
10.92999999999995
 40
10.92999999999995
 40
10.92999999999995
 40
11.92999999999995
 40
11.92999999999995
 40
11.92999999999995
 40
12.92999999999995
 40
12.92999999999995
 40
12.92999999999995
 40
12.92999999999995
 10
318.9366169444444
 20
206.5727672222222
 30
0.0
 10
318.9366169444444
 20
206.9561190740741
 30
0.0
 10
318.9366169444444
 20
207.3394709259259
 30
0.0
 10
318.9366169444444
 20
207.7228227777778
 30
0.0
 10
318.2698669444445
 20
207.7228227777778
 30
0.0
 10
317.6031169444445
 20
207.7228227777778
 30
0.0
 10
316.9363669444444
 20
207.7228227777778
 30
0.0
 10
316.5945252777777
 20
207.7228227777778
 30
0.0
 10
315.8180613888889
 20
207.6737866666666
 30
0.0
 10
314.4351725
 20
207.6737866666666
 30
0.0
 10
313.0522836111111
 20
207.6737866666666
 30
0.0
 10
311.9339780555555
 20
208.1182866666666
 30
0.0
 10
311.9339780555555
 20
208.1747311111111
 30
0.0
 10
312.3749502777778
 20
221.9609338888889
 30
0.0
 10
318.7817475
 20
221.6854144444444
 30
0.0
 10
322.6023308333333
 20
221.6854144444444
 30
0.0
 10
329.7280891666667
 20
221.6854144444444
 30
0.0
 10
331.0192558333333
 20
221.6854144444444
 30
0.0
 10
331.2383308333333
 20
217.9674894444444
 30
0.0
  0
SPLINE
  5
B0
330
1F
100
AcDbEntity
  8
DEFAULT
 62
     1
100
AcDbSpline
210
0.0
220
0.0
230
1.0
 70
     8
 71
     3
 72
    23
 73
    19
 74
     0
 42
0.000000001
 43
0.0000000001
 40
0.0
 40
0.0
 40
0.0
 40
0.0
 40
1.0
 40
1.0
 40
1.0
 40
2.0
 40
2.0
 40
2.0
 40
3.0
 40
3.0
 40
3.0
 40
4.0
 40
4.0
 40
4.0
 40
9.670000000000073
 40
9.670000000000073
 40
9.670000000000073
 40
12.93000000000006
 40
12.93000000000006
 40
12.93000000000006
 40
12.93000000000006
 10
331.2383661111111
 20
217.9674188888889
 30
0.0
 10
331.4814299999999
 20
220.6308911111111
 30
0.0
 10
332.6812272222222
 20
220.6308911111111
 30
0.0
 10
337.8667077777777
 20
220.6308911111111
 30
0.0
 10
341.6661244444444
 20
220.6308911111111
 30
0.0
 10
348.0305883333333
 20
220.2287244444444
 30
0.0
 10
348.528005
 20
208.1746605555555
 30
0.0
 10
348.528005
 20
208.1217438888889
 30
0.0
 10
347.4096994444444
 20
207.6737161111111
 30
0.0
 10
346.0268105555555
 20
207.6737161111111
 30
0.0
 10
344.6439216666666
 20
207.6737161111111
 30
0.0
 10
343.8674577777778
 20
207.7227522222222
 30
0.0
 10
343.5256161111111
 20
207.7227522222222
 30
0.0
 10
342.8588661111111
 20
207.7227522222222
 30
0.0
 10
342.1921161111111
 20
207.7227522222222
 30
0.0
 10
341.5253661111111
 20
207.7227522222222
 30
0.0
 10
341.5253661111111
 20
207.3394003703704
 30
0.0
 10
341.5253661111111
 20
206.9560485185185
 30
0.0
 10
341.5253661111111
 20
206.5726966666667
 30
0.0
  0
SPLINE
  5
B1
330
1F
100
AcDbEntity
  8
DEFAULT
 62
     1
100
AcDbSpline
210
0.0
220
0.0
230
1.0
 70
     8
 71
     3
 72
    23
 73
    19
 74
     0
 42
0.000000001
 43
0.0000000001
 40
0.0
 40
0.0
 40
0.0
 40
0.0
 40
4.25
 40
4.25
 40
4.25
 40
9.919999999999959
 40
9.919999999999959
 40
9.919999999999959
 40
10.91999999999996
 40
10.91999999999996
 40
10.91999999999996
 40
11.91999999999996
 40
11.91999999999996
 40
11.91999999999996
 40
12.92999999999995
 40
12.92999999999995
 40
12.92999999999995
 40
13.92999999999995
 40
13.92999999999995
 40
13.92999999999995
 40
13.92999999999995
 10
341.5254013888889
 20
206.2234466666666
 30
0.0
 10
341.5254013888889
 20
205.7236781481481
 30
0.0
 10
341.5254013888889
 20
205.2239096296296
 30
0.0
 10
341.5254013888889
 20
204.7241411111111
 30
0.0
 10
342.1921513888889
 20
204.7241411111111
 30
0.0
 10
342.8589013888889
 20
204.7241411111111
 30
0.0
 10
343.5256513888889
 20
204.7241411111111
 30
0.0
 10
343.8674930555555
 20
204.7241411111111
 30
0.0
 10
344.6439569444444
 20
204.7738827777777
 30
0.0
 10
346.0268458333333
 20
204.7738827777777
 30
0.0
 10
347.4097347222222
 20
204.7738827777777
 30
0.0
 10
348.5280402777778
 20
204.325855
 30
0.0
 10
348.5280402777778
 20
204.2694105555555
 30
0.0
 10
348.0302708333333
 20
192.2185216666666
 30
0.0
 10
341.6658069444445
 20
191.8160022222222
 30
0.0
 10
337.8667430555556
 20
191.8124744444444
 30
0.0
 10
332.6812624999999
 20
191.8124744444444
 30
0.0
 10
331.4814652777778
 20
191.8124744444444
 30
0.0
 10
331.2384013888889
 20
194.4762994444444
 30
0.0
  0
POLYLINE
  5
B2
330
1F
100
AcDbEntity
  8
DEFAULT
 62
     1
100
AcDb2dPolyline
 66
     1
 10
0.0
 20
0.0
 30
0.0
  0
VERTEX
  5
B3
330
B2
100
AcDbEntity
  8
DEFAULT
 62
     1
100
AcDbVertex
100
AcDb2dVertex
 10
331.2390363888888
 20
215.0745705555555
 30
0.0
  0
VERTEX
  5
B4
330
B2
100
AcDbEntity
  8
DEFAULT
 62
     1
100
AcDbVertex
100
AcDb2dVertex
 10
331.2390363888888
 20
217.9669955555555
 30
0.0
  0
SEQEND
  5
B5
330
B2
100
AcDbEntity
  8
DEFAULT
 62
     1
  0
SPLINE
  5
B6
330
1F
100
AcDbEntity
  8
DEFAULT
 62
     1
100
AcDbSpline
210
0.0
220
0.0
230
1.0
 70
     8
 71
     3
 72
    17
 73
    13
 74
     0
 42
0.000000001
 43
0.0000000001
 40
0.0
 40
0.0
 40
0.0
 40
0.0
 40
3.75
 40
3.75
 40
3.75
 40
23.60000000000002
 40
23.60000000000002
 40
23.60000000000002
 40
24.60000000000002
 40
24.60000000000002
 40
24.60000000000002
 40
25.60000000000002
 40
25.60000000000002
 40
25.60000000000002
 40
25.60000000000002
 10
319.2328797222222
 20
213.2965705555555
 30
0.0
 10
319.2328797222222
 20
213.7375427777777
 30
0.0
 10
319.2328797222222
 20
214.178515
 30
0.0
 10
319.2328797222222
 20
214.6194872222221
 30
0.0
 10
321.5670926851852
 20
214.6194872222221
 30
0.0
 10
323.9013056481481
 20
214.6194872222221
 30
0.0
 10
326.2355186111111
 20
214.6194872222222
 30
0.0
 10
326.5777130555555
 20
214.6194872222222
 30
0.0
 10
327.3541769444444
 20
214.5732733333333
 30
0.0
 10
328.7370658333333
 20
214.5732733333333
 30
0.0
 10
330.1199547222222
 20
214.5732733333333
 30
0.0
 10
331.2382602777777
 20
215.0223594444444
 30
0.0
 10
331.2382602777777
 20
215.0745705555555
 30
0.0
  0
SPLINE
  5
B7
330
1F
100
AcDbEntity
  8
DEFAULT
 62
     1
100
AcDbSpline
210
0.0
220
0.0
230
1.0
 70
     8
 71
     3
 72
    17
 73
    13
 74
     0
 42
0.000000001
 43
0.0000000001
 40
0.0
 40
0.0
 40
0.0
 40
0.0
 40
3.759999999999991
 40
3.759999999999991
 40
3.759999999999991
 40
23.61000000000001
 40
23.61000000000001
 40
23.61000000000001
 40
24.61000000000001
 40
24.61000000000001
 40
24.61000000000001
 40
25.61000000000001
 40
25.61000000000001
 40
25.61000000000001
 40
25.61000000000001
 10
319.2328797222222
 20
212.9475675
 30
0.0
 10
319.2328797222222
 20
212.5054193518518
 30
0.0
 10
319.2328797222222
 20
212.0632712037037
 30
0.0
 10
319.2328797222222
 20
211.6211230555556
 30
0.0
 10
321.5670926851852
 20
211.6211230555556
 30
0.0
 10
323.9013056481481
 20
211.6211230555556
 30
0.0
 10
326.2355186111111
 20
211.6211230555555
 30
0.0
 10
326.5777130555555
 20
211.6211230555555
 30
0.0
 10
327.3541769444444
 20
211.6708647222222
 30
0.0
 10
328.7370658333333
 20
211.6708647222222
 30
0.0
 10
330.1199547222222
 20
211.6708647222222
 30
0.0
 10
331.2382602777777
 20
211.2263647222222
 30
0.0
 10
331.2382602777777
 20
211.1699202777777
 30
0.0
  0
SPLINE
  5
B8
330
1F
100
AcDbEntity
  8
DEFAULT
 62
     1
100
AcDbSpline
210
0.0
220
0.0
230
1.0
 70
     8
 71
     3
 72
    17
 73
    13
 74
     0
 42
0.000000001
 43
0.0000000001
 40
0.0
 40
0.0
 40
0.0
 40
0.0
 40
4.25
 40
4.25
 40
4.25
 40
24.10000000000002
 40
24.10000000000002
 40
24.10000000000002
 40
25.10000000000002
 40
25.10000000000002
 40
25.10000000000002
 40
26.10000000000002
 40
26.10000000000002
 40
26.10000000000002
 40
26.10000000000002
 10
319.2328797222222
 20
199.3236072222222
 30
0.0
 10
319.2328797222222
 20
199.8233757407407
 30
0.0
 10
319.2328797222222
 20
200.3231442592592
 30
0.0
 10
319.2328797222222
 20
200.8229127777778
 30
0.0
 10
321.5670926851852
 20
200.8229127777778
 30
0.0
 10
323.9013056481481
 20
200.8229127777778
 30
0.0
 10
326.2355186111111
 20
200.8229127777778
 30
0.0
 10
326.5777130555555
 20
200.8229127777778
 30
0.0
 10
327.3541769444444
 20
200.7731711111111
 30
0.0
 10
328.7370658333333
 20
200.7731711111111
 30
0.0
 10
330.1199547222222
 20
200.7731711111111
 30
0.0
 10
331.2382602777777
 20
201.2211988888889
 30
0.0
 10
331.2382602777777
 20
201.2741155555555
 30
0.0
  0
SPLINE
  5
B9
330
1F
100
AcDbEntity
  8
DEFAULT
 62
     1
100
AcDbSpline
210
0.0
220
0.0
230
1.0
 70
     8
 71
     3
 72
    17
 73
    13
 74
     0
 42
0.000000001
 43
0.0000000001
 40
0.0
 40
0.0
 40
0.0
 40
0.0
 40
3.25
 40
3.25
 40
3.25
 40
23.10000000000002
 40
23.10000000000002
 40
23.10000000000002
 40
24.10000000000002
 40
24.10000000000002
 40
24.10000000000002
 40
25.10000000000002
 40
25.10000000000002
 40
25.10000000000002
 40
25.10000000000002
 10
319.2328797222222
 20
198.9708294444444
 30
0.0
 10
319.2328797222222
 20
198.5886535185185
 30
0.0
 10
319.2328797222222
 20
198.2064775925926
 30
0.0
 10
319.2328797222222
 20
197.8243016666667
 30
0.0
 10
321.5670926851852
 20
197.8243016666667
 30
0.0
 10
323.9013056481481
 20
197.8243016666667
 30
0.0
 10
326.2355186111111
 20
197.8243016666667
 30
0.0
 10
326.5777130555555
 20
197.8243016666667
 30
0.0
 10
327.3541769444444
 20
197.8733377777777
 30
0.0
 10
328.7370658333333
 20
197.8733377777777
 30
0.0
 10
330.1199547222222
 20
197.8733377777777
 30
0.0
 10
331.2382602777777
 20
197.42531
 30
0.0
 10
331.2382602777777
 20
197.3688655555555
 30
0.0
  0
SPLINE
  5
BA
330
1F
100
AcDbEntity
  8
DEFAULT
 62
     1
100
AcDbSpline
210
0.0
220
0.0
230
1.0
 70
     8
 71
     3
 72
    17
 73
    13
 74
     0
 42
0.000000001
 43
0.0000000001
 40
0.0
 40
0.0
 40
0.0
 40
0.0
 40
3.25
 40
3.25
 40
3.25
 40
17.41999999999996
 40
17.41999999999996
 40
17.41999999999996
 40
18.41999999999996
 40
18.41999999999996
 40
18.41999999999996
 40
19.41999999999996
 40
19.41999999999996
 40
19.41999999999996
 40
19.41999999999996
 10
341.239475
 20
198.9708294444444
 30
0.0
 10
341.239475
 20
198.5886535185185
 30
0.0
 10
341.239475
 20
198.2064775925926
 30
0.0
 10
341.239475
 20
197.8243016666667
 30
0.0
 10
339.5731879629629
 20
197.8243016666667
 30
0.0
 10
337.906900925926
 20
197.8243016666667
 30
0.0
 10
336.2406138888889
 20
197.8243016666667
 30
0.0
 10
335.8980666666666
 20
197.8243016666667
 30
0.0
 10
335.1223083333333
 20
197.86981
 30
0.0
 10
333.7394194444444
 20
197.86981
 30
0.0
 10
332.3565305555555
 20
197.86981
 30
0.0
 10
331.2382249999999
 20
197.4217822222222
 30
0.0
 10
331.2382249999999
 20
197.3688655555555
 30
0.0
  0
SPLINE
  5
BB
330
1F
100
AcDbEntity
  8
DEFAULT
 62
     1
100
AcDbSpline
210
0.0
220
0.0
230
1.0
 70
     8
 71
     3
 72
    17
 73
    13
 74
     0
 42
0.000000001
 43
0.0000000001
 40
0.0
 40
0.0
 40
0.0
 40
0.0
 40
1.0
 40
1.0
 40
1.0
 40
2.0
 40
2.0
 40
2.0
 40
16.17000000000007
 40
16.17000000000007
 40
16.17000000000007
 40
19.92000000000007
 40
19.92000000000007
 40
19.92000000000007
 40
19.92000000000007
 10
331.2383661111111
 20
215.0745705555555
 30
0.0
 10
331.2383661111111
 20
215.0188316666666
 30
0.0
 10
332.3566716666666
 20
214.5732733333333
 30
0.0
 10
333.7395605555556
 20
214.5732733333333
 30
0.0
 10
335.1224494444444
 20
214.5732733333333
 30
0.0
 10
335.8982077777777
 20
214.6194872222222
 30
0.0
 10
336.240755
 20
214.6194872222222
 30
0.0
 10
337.907042037037
 20
214.6194872222222
 30
0.0
 10
339.573329074074
 20
214.6194872222222
 30
0.0
 10
341.2396161111111
 20
214.6194872222222
 30
0.0
 10
341.2396161111111
 20
214.178515
 30
0.0
 10
341.2396161111111
 20
213.7375427777778
 30
0.0
 10
341.2396161111111
 20
213.2965705555555
 30
0.0
  0
SPLINE
  5
BC
330
1F
100
AcDbEntity
  8
DEFAULT
 62
     1
100
AcDbSpline
210
0.0
220
0.0
230
1.0
 70
     8
 71
     3
 72
    32
 73
    28
 74
     0
 42
0.000000001
 43
0.0000000001
 40
0.0
 40
0.0
 40
0.0
 40
0.0
 40
4.25
 40
4.25
 40
4.25
 40
18.41999999999996
 40
18.41999999999996
 40
18.41999999999996
 40
19.41999999999996
 40
19.41999999999996
 40
19.41999999999996
 40
20.41999999999996
 40
20.41999999999996
 40
20.41999999999996
 40
48.471
 40
48.471
 40
48.471
 40
49.471
 40
49.471
 40
49.471
 40
50.471
 40
50.471
 40
50.471
 40
64.64099999999996
 40
64.64099999999996
 40
64.64099999999996
 40
68.40099999999995
 40
68.40099999999995
 40
68.40099999999995
 40
68.40099999999995
 10
341.239475
 20
199.3236072222222
 30
0.0
 10
341.239475
 20
199.8233757407407
 30
0.0
 10
341.239475
 20
200.3231442592592
 30
0.0
 10
341.239475
 20
200.8229127777778
 30
0.0
 10
339.5731879629629
 20
200.8229127777778
 30
0.0
 10
337.906900925926
 20
200.8229127777778
 30
0.0
 10
336.2406138888889
 20
200.8229127777778
 30
0.0
 10
335.8980666666666
 20
200.8229127777778
 30
0.0
 10
335.1223083333333
 20
200.7731711111111
 30
0.0
 10
333.7394194444444
 20
200.7731711111111
 30
0.0
 10
332.3565305555555
 20
200.7731711111111
 30
0.0
 10
331.2382249999999
 20
201.2176711111111
 30
0.0
 10
331.2382249999999
 20
201.2741155555555
 30
0.0
 10
331.2382249999999
 20
204.5727053703704
 30
0.0
 10
331.2382249999999
 20
207.8712951851852
 30
0.0
 10
331.2382249999999
 20
211.169885
 30
0.0
 10
331.2382249999999
 20
211.2224488888889
 30
0.0
 10
332.3565305555555
 20
211.6708294444444
 30
0.0
 10
333.7394194444444
 20
211.6708294444444
 30
0.0
 10
335.1223083333333
 20
211.6708294444444
 30
0.0
 10
335.8980666666666
 20
211.6210877777778
 30
0.0
 10
336.2406138888889
 20
211.6210877777778
 30
0.0
 10
337.9069009259259
 20
211.6210877777778
 30
0.0
 10
339.5731879629629
 20
211.6210877777778
 30
0.0
 10
341.239475
 20
211.6210877777778
 30
0.0
 10
341.239475
 20
212.0632359259259
 30
0.0
 10
341.239475
 20
212.5053840740741
 30
0.0
 10
341.239475
 20
212.9475322222222
 30
0.0
  0
SPLINE
  5
BD
330
1F
100
AcDbEntity
  8
DEFAULT
 62
     1
100
AcDbSpline
210
0.0
220
0.0
230
1.0
 70
     8
 71
     3
 72
    11
 73
     7
 74
     0
 42
0.000000001
 43
0.0000000001
 40
0.0
 40
0.0
 40
0.0
 40
0.0
 40
1.0
 40
1.0
 40
1.0
 40
2.0
 40
2.0
 40
2.0
 40
2.0
 10
379.2595355555555
 20
279.5622777777778
 30
0.0
 10
379.2595355555555
 20
278.9170472222222
 30
0.0
 10
378.8612494444444
 20
278.9025833333333
 30
0.0
 10
378.6848605555555
 20
278.4259805555556
 30
0.0
 10
378.8503133333332
 20
277.4138611111111
 30
0.0
 10
379.2595355555555
 20
277.3468333333333
 30
0.0
 10
379.2595355555555
 20
276.063075
 30
0.0
  0
POLYLINE
  5
BE
330
1F
100
AcDbEntity
  8
DEFAULT
 62
     1
100
AcDb2dPolyline
 66
     1
 10
0.0
 20
0.0
 30
0.0
  0
VERTEX
  5
BF
330
BE
100
AcDbEntity
  8
DEFAULT
 62
     1
100
AcDbVertex
100
AcDb2dVertex
 10
379.2581597222222
 20
274.6233888888889
 30
0.0
  0
VERTEX
  5
C0
330
BE
100
AcDbEntity
  8
DEFAULT
 62
     1
100
AcDbVertex
100
AcDb2dVertex
 10
375.4940208333333
 20
277.3471861111111
 30
0.0
  0
VERTEX
  5
C1
330
BE
100
AcDbEntity
  8
DEFAULT
 62
     1
100
AcDbVertex
100
AcDb2dVertex
 10
374.7355486111111
 20
276.51075
 30
0.0
  0
SEQEND
  5
C2
330
BE
100
AcDbEntity
  8
DEFAULT
 62
     1
  0
POLYLINE
  5
C3
330
1F
100
AcDbEntity
  8
DEFAULT
 62
     1
100
AcDb2dPolyline
 66
     1
 10
0.0
 20
0.0
 30
0.0
  0
VERTEX
  5
C4
330
C3
100
AcDbEntity
  8
DEFAULT
 62
     1
100
AcDbVertex
100
AcDb2dVertex
 10
379.2581597222221
 20
269.5684008333333
 30
0.0
  0
VERTEX
  5
C5
330
C3
100
AcDbEntity
  8
DEFAULT
 62
     1
100
AcDbVertex
100
AcDb2dVertex
 10
373.6772152777777
 20
275.3507813888888
 30
0.0
  0
VERTEX
  5
C6
330
C3
100
AcDbEntity
  8
DEFAULT
 62
     1
100
AcDbVertex
100
AcDb2dVertex
 10
374.4991874999999
 20
276.2535397222222
 30
0.0
  0
SEQEND
  5
C7
330
C3
100
AcDbEntity
  8
DEFAULT
 62
     1
  0
SPLINE
  5
C8
330
1F
100
AcDbEntity
  8
DEFAULT
 62
     1
100
AcDbSpline
210
0.0
220
0.0
230
1.0
 70
     8
 71
     3
 72
     8
 73
     4
 74
     0
 42
0.000000001
 43
0.0000000001
 40
0.0
 40
0.0
 40
0.0
 40
0.0
 40
1.0
 40
1.0
 40
1.0
 40
1.0
 10
378.6339194444444
 20
267.4200547222222
 30
0.0
 10
378.9831694444444
 20
267.6913408333333
 30
0.0
 10
379.258336111111
 20
267.9668602777778
 30
0.0
 10
379.258336111111
 20
268.6547769444444
 30
0.0
  0
SPLINE
  5
C9
330
1F
100
AcDbEntity
  8
DEFAULT
 62
     1
100
AcDbSpline
210
0.0
220
0.0
230
1.0
 70
     8
 71
     3
 72
    11
 73
     7
 74
     0
 42
0.000000001
 43
0.0000000001
 40
0.0
 40
0.0
 40
0.0
 40
0.0
 40
1.0
 40
1.0
 40
1.0
 40
2.0
 40
2.0
 40
2.0
 40
2.0
 10
379.2581597222222
 20
261.747
 30
0.0
 10
379.2581597222222
 20
263.8636666666666
 30
0.0
 10
378.2562708333333
 20
264.3229833333334
 30
0.0
 10
377.5969291666666
 20
266.2202222222222
 30
0.0
 10
377.8050680555555
 20
266.7144638888889
 30
0.0
 10
378.0834097222222
 20
266.98575
 30
0.0
 10
378.3554013888889
 20
267.204825
 30
0.0
  0
POLYLINE
  5
CA
330
1F
100
AcDbEntity
  8
DEFAULT
 62
     1
100
AcDb2dPolyline
 66
     1
 10
0.0
 20
0.0
 30
0.0
  0
VERTEX
  5
CB
330
CA
100
AcDbEntity
  8
DEFAULT
 62
     1
100
AcDbVertex
100
AcDb2dVertex
 10
379.2581597222221
 20
260.0117213888888
 30
0.0
  0
VERTEX
  5
CC
330
CA
100
AcDbEntity
  8
DEFAULT
 62
     1
100
AcDbVertex
100
AcDb2dVertex
 10
375.2541319444443
 20
262.4278963888888
 30
0.0
  0
VERTEX
  5
CD
330
CA
100
AcDbEntity
  8
DEFAULT
 62
     1
100
AcDbVertex
100
AcDb2dVertex
 10
374.4572069444445
 20
261.5533602777778
 30
0.0
  0
SEQEND
  5
CE
330
CA
100
AcDbEntity
  8
DEFAULT
 62
     1
  0
POLYLINE
  5
CF
330
1F
100
AcDbEntity
  8
DEFAULT
 62
     1
100
AcDb2dPolyline
 66
     1
 10
0.0
 20
0.0
 30
0.0
  0
VERTEX
  5
D0
330
CF
100
AcDbEntity
  8
DEFAULT
 62
     1
100
AcDbVertex
100
AcDb2dVertex
 10
379.2581597222221
 20
254.2225674999999
 30
0.0
  0
VERTEX
  5
D1
330
CF
100
AcDbEntity
  8
DEFAULT
 62
     1
100
AcDbVertex
100
AcDb2dVertex
 10
373.4373263888888
 20
260.4349841666666
 30
0.0
  0
VERTEX
  5
D2
330
CF
100
AcDbEntity
  8
DEFAULT
 62
     1
100
AcDbVertex
100
AcDb2dVertex
 10
374.2208458333333
 20
261.2957619444444
 30
0.0
  0
SEQEND
  5
D3
330
CF
100
AcDbEntity
  8
DEFAULT
 62
     1
  0
SPLINE
  5
D4
330
1F
100
AcDbEntity
  8
DEFAULT
 62
     1
100
AcDbSpline
210
0.0
220
0.0
230
1.0
 70
     8
 71
     3
 72
    11
 73
     7
 74
     0
 42
0.000000001
 43
0.0000000001
 40
0.0
 40
0.0
 40
0.0
 40
0.0
 40
1.0
 40
1.0
 40
1.0
 40
2.0
 40
2.0
 40
2.0
 40
2.0
 10
379.2595355555555
 20
253.2207491666666
 30
0.0
 10
379.2595355555555
 20
252.1059713888889
 30
0.0
 10
377.4956466666666
 20
250.6274797222222
 30
0.0
 10
376.6034716666666
 20
248.5633769444444
 30
0.0
 10
377.8766466666666
 20
246.1651936111111
 30
0.0
 10
379.2595355555555
 20
245.2402102777778
 30
0.0
 10
379.2595355555555
 20
243.3429713888889
 30
0.0
  0
POLYLINE
  5
D5
330
1F
100
AcDbEntity
  8
DEFAULT
 62
     1
100
AcDb2dPolyline
 66
     1
 10
0.0
 20
0.0
 30
0.0
  0
VERTEX
  5
D6
330
D5
100
AcDbEntity
  8
DEFAULT
 62
     1
100
AcDbVertex
100
AcDb2dVertex
 10
379.2581597222222
 20
239.9915825
 30
0.0
  0
VERTEX
  5
D7
330
D5
100
AcDbEntity
  8
DEFAULT
 62
     1
100
AcDbVertex
100
AcDb2dVertex
 10
375.5437625
 20
242.3022769444445
 30
0.0
  0
VERTEX
  5
D8
330
D5
100
AcDbEntity
  8
DEFAULT
 62
     1
100
AcDbVertex
100
AcDb2dVertex
 10
374.8029291666667
 20
241.4873602777778
 30
0.0
  0
SEQEND
  5
D9
330
D5
100
AcDbEntity
  8
DEFAULT
 62
     1
  0
POLYLINE
  5
DA
330
1F
100
AcDbEntity
  8
DEFAULT
 62
     1
100
AcDb2dPolyline
 66
     1
 10
0.0
 20
0.0
 30
0.0
  0
VERTEX
  5
DB
330
DA
100
AcDbEntity
  8
DEFAULT
 62
     1
100
AcDbVertex
100
AcDb2dVertex
 10
379.2581597222222
 20
234.3853791666666
 30
0.0
  0
VERTEX
  5
DC
330
DA
100
AcDbEntity
  8
DEFAULT
 62
     1
100
AcDbVertex
100
AcDb2dVertex
 10
373.7266041666666
 20
240.3053430555555
 30
0.0
  0
VERTEX
  5
DD
330
DA
100
AcDbEntity
  8
DEFAULT
 62
     1
100
AcDbVertex
100
AcDb2dVertex
 10
374.5665680555555
 20
241.2296208333333
 30
0.0
  0
SEQEND
  5
DE
330
DA
100
AcDbEntity
  8
DEFAULT
 62
     1
  0
SPLINE
  5
DF
330
1F
100
AcDbEntity
  8
DEFAULT
 62
     1
100
AcDbSpline
210
0.0
220
0.0
230
1.0
 70
     8
 71
     3
 72
     8
 73
     4
 74
     0
 42
0.000000001
 43
0.0000000001
 40
0.0
 40
0.0
 40
0.0
 40
0.0
 40
1.0
 40
1.0
 40
1.0
 40
1.0
 10
379.2581597222222
 20
232.3996283333333
 30
0.0
 10
379.2581597222222
 20
231.3310644444444
 30
0.0
 10
378.7787347222222
 20
229.9517033333333
 30
0.0
 10
377.9705208333332
 20
228.4347588888888
 30
0.0
  0
SPLINE
  5
E0
330
1F
100
AcDbEntity
  8
DEFAULT
 62
     1
100
AcDbSpline
210
0.0
220
0.0
230
1.0
 70
     8
 71
     3
 72
    11
 73
     7
 74
     0
 42
0.000000001
 43
0.0000000001
 40
0.0
 40
0.0
 40
0.0
 40
0.0
 40
1.0
 40
1.0
 40
1.0
 40
2.0
 40
2.0
 40
2.0
 40
2.0
 10
379.2581597222222
 20
220.1406005555555
 30
0.0
 10
379.2581597222222
 20
222.6315644444444
 30
0.0
 10
378.3942069444444
 20
223.6930727777778
 30
0.0
 10
376.5283652777777
 20
226.0679727777778
 30
0.0
 10
377.0042625
 20
226.7689422222222
 30
0.0
 10
377.434298611111
 20
227.4575644444444
 30
0.0
 10
377.8015402777778
 20
228.1236088888889
 30
0.0
  0
POLYLINE
  5
E1
330
1F
100
AcDbEntity
  8
DEFAULT
 62
     1
100
AcDb2dPolyline
 66
     1
 10
0.0
 20
0.0
 30
0.0
  0
VERTEX
  5
E2
330
E1
100
AcDbEntity
  8
DEFAULT
 62
     1
100
AcDbVertex
100
AcDb2dVertex
 10
379.2581597222221
 20
217.4351477777777
 30
0.0
  0
VERTEX
  5
E3
330
E1
100
AcDbEntity
  8
DEFAULT
 62
     1
100
AcDbVertex
100
AcDb2dVertex
 10
376.2348541666667
 20
219.2939338888888
 30
0.0
  0
VERTEX
  5
E4
330
E1
100
AcDbEntity
  8
DEFAULT
 62
     1
100
AcDbVertex
100
AcDb2dVertex
 10
375.4128819444444
 20
218.39047
 30
0.0
  0
SEQEND
  5
E5
330
E1
100
AcDbEntity
  8
DEFAULT
 62
     1
  0
POLYLINE
  5
E6
330
1F
100
AcDbEntity
  8
DEFAULT
 62
     1
100
AcDb2dPolyline
 66
     1
 10
0.0
 20
0.0
 30
0.0
  0
VERTEX
  5
E7
330
E6
100
AcDbEntity
  8
DEFAULT
 62
     1
100
AcDbVertex
100
AcDb2dVertex
 10
379.2581597222222
 20
211.9884705555555
 30
0.0
  0
VERTEX
  5
E8
330
E6
100
AcDbEntity
  8
DEFAULT
 62
     1
100
AcDbVertex
100
AcDb2dVertex
 10
374.4184013888888
 20
217.2970705555555
 30
0.0
  0
VERTEX
  5
E9
330
E6
100
AcDbEntity
  8
DEFAULT
 62
     1
100
AcDbVertex
100
AcDb2dVertex
 10
375.1765208333333
 20
218.1303316666666
 30
0.0
  0
SEQEND
  5
EA
330
E6
100
AcDbEntity
  8
DEFAULT
 62
     1
  0
SPLINE
  5
EB
330
1F
100
AcDbEntity
  8
DEFAULT
 62
     1
100
AcDbSpline
210
0.0
220
0.0
230
1.0
 70
     8
 71
     3
 72
    11
 73
     7
 74
     0
 42
0.000000001
 43
0.0000000001
 40
0.0
 40
0.0
 40
0.0
 40
0.0
 40
1.0
 40
1.0
 40
1.0
 40
2.0
 40
2.0
 40
2.0
 40
2.0
 10
379.2581597222222
 20
204.0082491666666
 30
0.0
 10
379.2581597222222
 20
198.6668408333333
 30
0.0
 10
375.0601041666666
 20
194.3453130555556
 30
0.0
 10
369.8742708333334
 20
194.3453130555556
 30
0.0
 10
368.5908652777777
 20
194.2786380555555
 30
0.0
 10
368.3573263888889
 20
194.8995269444444
 30
0.0
 10
368.0437069444444
 20
195.4181102777778
 30
0.0
  0
SPLINE
  5
EC
330
1F
100
AcDbEntity
  8
DEFAULT
 62
     1
100
AcDbSpline
210
0.0
220
0.0
230
1.0
 70
     8
 71
     3
 72
    14
 73
    10
 74
     0
 42
0.000000001
 43
0.0000000001
 40
0.0
 40
0.0
 40
0.0
 40
0.0
 40
3.758829871116771
 40
3.758829871116771
 40
3.758829871116771
 40
14.33924314281848
 40
14.33924314281848
 40
14.33924314281848
 40
15.33924314281848
 40
15.33924314281848
 40
15.33924314281848
 40
15.33924314281848
 10
375.2225583333333
 20
287.3981425
 30
0.0
 10
375.5201851851852
 20
287.7249323148148
 30
0.0
 10
375.817812037037
 20
288.0517221296296
 30
0.0
 10
376.1154388888888
 20
288.3785119444444
 30
0.0
 10
377.1629537037036
 20
287.7071758333333
 30
0.0
 10
378.2104685185184
 20
287.0358397222222
 30
0.0
 10
379.2579833333334
 20
286.3645036111111
 30
0.0
 10
379.2555138888889
 20
287.1649563888889
 30
0.0
 10
379.2230583333333
 20
287.9089647222222
 30
0.0
 10
379.1528555555556
 20
288.6007619444445
 30
0.0
  0
POLYLINE
  5
ED
330
1F
100
AcDbEntity
  8
DEFAULT
 62
     1
100
AcDb2dPolyline
 66
     1
 10
0.0
 20
0.0
 30
0.0
  0
VERTEX
  5
EE
330
ED
100
AcDbEntity
  8
DEFAULT
 62
     1
100
AcDbVertex
100
AcDb2dVertex
 10
379.2581597222221
 20
281.1818099999999
 30
0.0
  0
VERTEX
  5
EF
330
ED
100
AcDbEntity
  8
DEFAULT
 62
     1
100
AcDbVertex
100
AcDb2dVertex
 10
374.2984569444444
 20
286.3817544444443
 30
0.0
  0
VERTEX
  5
F0
330
ED
100
AcDbEntity
  8
DEFAULT
 62
     1
100
AcDbVertex
100
AcDb2dVertex
 10
374.9863736111111
 20
287.1402266666666
 30
0.0
  0
SEQEND
  5
F1
330
ED
100
AcDbEntity
  8
DEFAULT
 62
     1
  0
SPLINE
  5
F2
330
1F
100
AcDbEntity
  8
DEFAULT
 62
     1
100
AcDbSpline
210
0.0
220
0.0
230
1.0
 70
     8
 71
     3
 72
    86
 73
    82
 74
     0
 42
0.000000001
 43
0.0000000001
 40
0.0
 40
0.0
 40
0.0
 40
0.0
 40
1.0
 40
1.0
 40
1.0
 40
2.0
 40
2.0
 40
2.0
 40
3.0
 40
3.0
 40
3.0
 40
4.0
 40
4.0
 40
4.0
 40
5.0
 40
5.0
 40
5.0
 40
6.0
 40
6.0
 40
6.0
 40
7.0
 40
7.0
 40
7.0
 40
8.0
 40
8.0
 40
8.0
 40
9.0
 40
9.0
 40
9.0
 40
10.0
 40
10.0
 40
10.0
 40
24.16756859873977
 40
24.16756859873977
 40
24.16756859873977
 40
32.66544839313561
 40
32.66544839313561
 40
32.66544839313561
 40
46.83218425571174
 40
46.83218425571174
 40
46.83218425571174
 40
47.83218425571174
 40
47.83218425571174
 40
47.83218425571174
 40
48.83218425571174
 40
48.83218425571174
 40
48.83218425571174
 40
48.86218425571171
 40
48.86218425571171
 40
48.86218425571171
 40
49.86218425571171
 40
49.86218425571171
 40
49.86218425571171
 40
50.86218425571171
 40
50.86218425571171
 40
50.86218425571171
 40
51.86218425571171
 40
51.86218425571171
 40
51.86218425571171
 40
52.86218425571171
 40
52.86218425571171
 40
52.86218425571171
 40
53.86218425571171
 40
53.86218425571171
 40
53.86218425571171
 40
59.52489049919635
 40
59.52489049919635
 40
59.52489049919635
 40
68.01908263264856
 40
68.01908263264856
 40
68.01908263264856
 40
73.68251286529024
 40
73.68251286529024
 40
73.68251286529024
 40
74.68251286529024
 40
74.68251286529024
 40
74.68251286529024
 40
75.68251286529024
 40
75.68251286529024
 40
75.68251286529024
 40
76.68251286529024
 40
76.68251286529024
 40
76.68251286529024
 40
76.68251286529024
 10
379.1141558333333
 20
288.9505058333333
 30
0.0
 10
378.7261002777777
 20
292.1710141666667
 30
0.0
 10
377.5439419444444
 20
294.1465697222222
 30
0.0
 10
375.2893391666666
 20
294.8485975
 30
0.0
 10
375.0000613888888
 20
294.9403197222222
 30
0.0
 10
374.3689419444444
 20
294.9794780555555
 30
0.0
 10
374.0973030555555
 20
294.9611336111111
 30
0.0
 10
371.8892669444444
 20
294.8231975
 30
0.0
 10
369.9592197222221
 20
289.9763836111111
 30
0.0
 10
368.7738863888889
 20
286.1946058333333
 30
0.0
 10
368.1600530555555
 20
283.6796530555555
 30
0.0
 10
368.0898502777777
 20
281.3657836111111
 30
0.0
 10
366.9673113888888
 20
279.4209197222222
 30
0.0
 10
368.1851002777777
 20
276.3341141666667
 30
0.0
 10
368.103608611111
 20
272.3089197222222
 30
0.0
 10
367.4435613888888
 20
268.0374863888889
 30
0.0
 10
366.7524697222222
 20
263.5857836111111
 30
0.0
 10
366.2268308333333
 20
259.6801808333333
 30
0.0
 10
364.0046836111111
 20
257.0939669444444
 30
0.0
 10
365.8849891666666
 20
254.0491419444444
 30
0.0
 10
366.1950808333332
 20
251.7991252777778
 30
0.0
 10
365.7188308333332
 20
244.5640058333333
 30
0.0
 10
364.579358611111
 20
234.2304391666667
 30
0.0
 10
361.3898947222222
 20
226.2474308333333
 30
0.0
 10
358.0949502777777
 20
226.0950308333333
 30
0.0
 10
358.0385058333333
 20
226.0886808333333
 30
0.0
 10
357.6899613888888
 20
224.9382725
 30
0.0
 10
357.8021447222221
 20
223.5589113888889
 30
0.0
 10
357.915033611111
 20
222.1827252777778
 30
0.0
 10
358.0282752777777
 20
221.4143752777778
 30
0.0
 10
358.0564974999999
 20
221.0721808333333
 30
0.0
 10
358.1929049074074
 20
219.4117734259259
 30
0.0
 10
358.3293123148148
 20
217.7513660185185
 30
0.0
 10
358.4657197222222
 20
216.0909586111111
 30
0.0
 10
357.4698280555555
 20
216.0086437962963
 30
0.0
 10
356.4739363888888
 20
215.9263289814815
 30
0.0
 10
355.4780447222221
 20
215.8440141666667
 30
0.0
 10
355.3414021296296
 20
217.5043039814815
 30
0.0
 10
355.204759537037
 20
219.1645937962963
 30
0.0
 10
355.0681169444444
 20
220.8248836111111
 30
0.0
 10
355.0398947222222
 20
221.1670780555555
 30
0.0
 10
355.0226086111111
 20
221.9435419444444
 30
0.0
 10
354.9097197222222
 20
223.3229030555556
 30
0.0
 10
354.7964780555555
 20
224.6948558333333
 30
0.0
 10
354.2570808333332
 20
225.7747086111111
 30
0.0
 10
354.2041641666666
 20
225.7747086111111
 30
0.0
 10
354.2006363888888
 20
225.7747086111111
 30
0.0
 10
354.197108611111
 20
225.7747086111111
 30
0.0
 10
354.1935808333333
 20
225.7747086111111
 30
0.0
 10
354.1226725
 20
225.7637725
 30
0.0
 10
354.0559974999999
 20
225.7605975
 30
0.0
 10
353.9924975
 20
225.7605975
 30
0.0
 10
351.7103780555555
 20
225.4713197222222
 30
0.0
 10
352.1051363888888
 20
220.1796530555555
 30
0.0
 10
352.0412836111111
 20
218.0174780555556
 30
0.0
 10
351.7347197222222
 20
207.9700141666667
 30
0.0
 10
359.2594697222222
 20
192.9589669444445
 30
0.0
 10
363.687183611111
 20
194.6099669444444
 30
0.0
 10
363.7358669444444
 20
194.6314863888889
 30
0.0
 10
363.7468030555555
 20
195.8344586111111
 30
0.0
 10
363.2493863888888
 20
197.1220975
 30
0.0
 10
362.7484419444444
 20
198.4132641666666
 30
0.0
 10
362.4200058333333
 20
199.1188197222222
 30
0.0
 10
362.296533611111
 20
199.4402002777778
 30
0.0
 10
362.0555863888888
 20
200.0609715740741
 30
0.0
 10
361.8146391666666
 20
200.6817428703704
 30
0.0
 10
361.5736919444444
 20
201.3025141666667
 30
0.0
 10
362.5050252777777
 20
201.6635234259259
 30
0.0
 10
363.4363586111111
 20
202.0245326851852
 30
0.0
 10
364.3676919444444
 20
202.3855419444444
 30
0.0
 10
364.6088743518519
 20
201.7647706481481
 30
0.0
 10
364.8500567592592
 20
201.1439993518519
 30
0.0
 10
365.0912391666666
 20
200.5232280555556
 30
0.0
 10
365.2178863888888
 20
200.2022002777778
 30
0.0
 10
365.4510725
 20
199.4648947222222
 30
0.0
 10
365.9516641666667
 20
198.1737280555556
 30
0.0
 10
366.452608611111
 20
196.8857363888889
 30
0.0
 10
367.2745808333333
 20
196.0037919444444
 30
0.0
 10
367.3236169444444
 20
196.0253113888889
 30
0.0
 10
367.5532752777777
 20
195.9653391666667
 30
0.0
 10
367.7088502777777
 20
195.8489225
 30
0.0
 10
367.8354974999999
 20
195.7042836111111
 30
0.0
  0
SPLINE
  5
F3
330
1F
100
AcDbEntity
  8
DEFAULT
 62
     1
100
AcDbSpline
210
0.0
220
0.0
230
1.0
 70
     8
 71
     3
 72
    29
 73
    25
 74
     0
 42
0.000000001
 43
0.0000000001
 40
0.0
 40
0.0
 40
0.0
 40
0.0
 40
3.417783199677656
 40
3.417783199677656
 40
3.417783199677656
 40
26.37828023262543
 40
26.37828023262543
 40
26.37828023262543
 40
32.00628023262536
 40
32.00628023262536
 40
32.00628023262536
 40
33.00628023262536
 40
33.00628023262536
 40
33.00628023262536
 40
34.00628023262536
 40
34.00628023262536
 40
34.00628023262536
 40
41.67528023262534
 40
41.67528023262534
 40
41.67528023262534
 40
51.72642066543206
 40
51.72642066543206
 40
51.72642066543206
 40
55.18866863459881
 40
55.18866863459881
 40
55.18866863459881
 40
55.18866863459881
 10
383.9751866666667
 20
241.1976944444444
 30
0.0
 10
384.2455320370371
 20
240.9003027777777
 30
0.0
 10
384.5158774074075
 20
240.6029111111111
 30
0.0
 10
384.7862227777778
 20
240.3055194444445
 30
0.0
 10
382.9435468518518
 20
238.3320805555555
 30
0.0
 10
381.1008709259258
 20
236.3586416666666
 30
0.0
 10
379.2581949999999
 20
234.3852027777777
 30
0.0
 10
379.2581949999999
 20
233.7233916666667
 30
0.0
 10
379.2581949999999
 20
233.0615805555556
 30
0.0
 10
379.2581949999999
 20
232.3997694444444
 30
0.0
 10
379.2581949999999
 20
230.79075
 30
0.0
 10
380.3412227777778
 20
228.4842888888889
 30
0.0
 10
381.9851672222222
 20
226.0677611111111
 30
0.0
 10
380.1193255555555
 20
223.6932138888889
 30
0.0
 10
379.2581949999999
 20
222.6313527777777
 30
0.0
 10
379.2581949999999
 20
220.1407416666667
 30
0.0
 10
379.2581949999999
 20
219.2389240740741
 30
0.0
 10
379.2581949999999
 20
218.3371064814815
 30
0.0
 10
379.2581949999999
 20
217.4352888888889
 30
0.0
 10
380.2647875925925
 20
218.0547666666667
 30
0.0
 10
381.2713801851853
 20
218.6742444444444
 30
0.0
 10
382.2779727777778
 20
219.2937222222222
 30
0.0
 10
382.5520811111111
 20
218.9926851851852
 30
0.0
 10
382.8261894444444
 20
218.6916481481481
 30
0.0
 10
383.1002977777778
 20
218.3906111111111
 30
0.0
  0
SPLINE
  5
F4
330
1F
100
AcDbEntity
  8
DEFAULT
 62
     1
100
AcDbSpline
210
0.0
220
0.0
230
1.0
 70
     8
 71
     3
 72
    17
 73
    13
 74
     0
 42
0.000000001
 43
0.0000000001
 40
0.0
 40
0.0
 40
0.0
 40
0.0
 40
3.180400760910438
 40
3.180400760910438
 40
3.180400760910438
 40
27.30779492190532
 40
27.30779492190532
 40
27.30779492190532
 40
30.14779492190524
 40
30.14779492190524
 40
30.14779492190524
 40
31.14779492190524
 40
31.14779492190524
 40
31.14779492190524
 40
31.14779492190524
 10
384.3203797222223
 20
261.2640119444444
 30
0.0
 10
384.5723806481482
 20
260.9876693518518
 30
0.0
 10
384.8243815740742
 20
260.7113267592593
 30
0.0
 10
385.0763825000001
 20
260.4349841666667
 30
0.0
 10
383.1369278703705
 20
258.3641786111111
 30
0.0
 10
381.1974732407407
 20
256.2933730555555
 30
0.0
 10
379.2580186111111
 20
254.2225675
 30
0.0
 10
379.2580186111111
 20
253.888604537037
 30
0.0
 10
379.2580186111111
 20
253.5546415740741
 30
0.0
 10
379.2580186111111
 20
253.2206786111111
 30
0.0
 10
379.2580186111111
 20
252.4900758333333
 30
0.0
 10
380.0133158333333
 20
251.6014286111111
 30
0.0
 10
380.7897797222222
 20
250.4975869444444
 30
0.0
  0
SPLINE
  5
F5
330
1F
100
AcDbEntity
  8
DEFAULT
 62
     1
100
AcDbSpline
210
0.0
220
0.0
230
1.0
 70
     8
 71
     3
 72
    14
 73
    10
 74
     0
 42
0.000000001
 43
0.0000000001
 40
0.0
 40
0.0
 40
0.0
 40
0.0
 40
3.716517186829626
 40
3.716517186829626
 40
3.716517186829626
 40
14.29019587496813
 40
14.29019587496813
 40
14.29019587496813
 40
15.29019587496813
 40
15.29019587496813
 40
15.29019587496813
 40
15.29019587496813
 10
383.2799674999999
 20
287.4084788888888
 30
0.0
 10
382.9859860185184
 20
287.7318585185184
 30
0.0
 10
382.6920045370369
 20
288.055238148148
 30
0.0
 10
382.3980230555555
 20
288.3786177777777
 30
0.0
 10
381.3514489814814
 20
287.7072816666666
 30
0.0
 10
380.3048749074073
 20
287.0359455555555
 30
0.0
 10
379.2583008333332
 20
286.3646094444445
 30
0.0
 10
379.2614758333333
 20
287.1650622222222
 30
0.0
 10
379.2932258333333
 20
287.9090705555555
 30
0.0
 10
379.3641341666666
 20
288.6008677777778
 30
0.0
  0
SPLINE
  5
F6
330
1F
100
AcDbEntity
  8
DEFAULT
 62
     1
100
AcDbSpline
210
0.0
220
0.0
230
1.0
 70
     8
 71
     3
 72
    29
 73
    25
 74
     0
 42
0.000000001
 43
0.0000000001
 40
0.0
 40
0.0
 40
0.0
 40
0.0
 40
3.327780191058313
 40
3.327780191058313
 40
3.327780191058313
 40
16.49020553747511
 40
16.49020553747511
 40
16.49020553747511
 40
20.57120553747512
 40
20.57120553747512
 40
20.57120553747512
 40
21.57120553747512
 40
21.57120553747512
 40
21.57120553747512
 40
22.57120553747512
 40
22.57120553747512
 40
22.57120553747512
 40
27.16220553747513
 40
27.16220553747513
 40
27.16220553747513
 40
47.52565563808444
 40
47.52565563808444
 40
47.52565563808444
 40
50.46987726697041
 40
50.46987726697041
 40
50.46987726697041
 40
50.46987726697041
 10
383.8091341666665
 20
276.4789294444444
 30
0.0
 10
383.5457267592591
 20
276.7683248148147
 30
0.0
 10
383.2823193518518
 20
277.0577201851851
 30
0.0
 10
383.0189119444443
 20
277.3471155555555
 30
0.0
 10
381.7653749074073
 20
276.4391831481481
 30
0.0
 10
380.5118378703702
 20
275.5312507407407
 30
0.0
 10
379.2583008333333
 20
274.6233183333333
 30
0.0
 10
379.2583008333333
 20
275.1032137037037
 30
0.0
 10
379.2583008333333
 20
275.583109074074
 30
0.0
 10
379.2583008333332
 20
276.0630044444444
 30
0.0
 10
379.2583008333332
 20
277.3471155555555
 30
0.0
 10
379.6639952777778
 20
277.4137905555555
 30
0.0
 10
379.8333286111111
 20
278.4269683333333
 30
0.0
 10
379.6569397222222
 20
278.9028655555555
 30
0.0
 10
379.2583008333332
 20
278.9169766666666
 30
0.0
 10
379.2583008333332
 20
279.5622072222222
 30
0.0
 10
379.2583008333333
 20
280.1020748148148
 30
0.0
 10
379.2583008333333
 20
280.6419424074074
 30
0.0
 10
379.2583008333332
 20
281.18181
 30
0.0
 10
380.9104767592592
 20
282.9151248148148
 30
0.0
 10
382.5626526851852
 20
284.6484396296296
 30
0.0
 10
384.2148286111111
 20
286.3817544444444
 30
0.0
 10
383.9819952777778
 20
286.6379887037037
 30
0.0
 10
383.7491619444445
 20
286.8942229629629
 30
0.0
 10
383.5163286111111
 20
287.1504572222222
 30
0.0
  0
SPLINE
  5
F7
330
1F
100
AcDbEntity
  8
DEFAULT
 62
     1
100
AcDbSpline
210
0.0
220
0.0
230
1.0
 70
     8
 71
     3
 72
    32
 73
    28
 74
     0
 42
0.000000001
 43
0.0000000001
 40
0.0
 40
0.0
 40
0.0
 40
0.0
 40
3.55277384588408
 40
3.55277384588408
 40
3.55277384588408
 40
17.72116472135022
 40
17.72116472135022
 40
17.72116472135022
 40
18.72116472135022
 40
18.72116472135022
 40
18.72116472135022
 40
19.72116472135022
 40
19.72116472135022
 40
19.72116472135022
 40
20.72116472135022
 40
20.72116472135022
 40
20.72116472135022
 40
21.72116472135022
 40
21.72116472135022
 40
21.72116472135022
 40
22.72116472135022
 40
22.72116472135022
 40
22.72116472135022
 40
23.72116472135022
 40
23.72116472135022
 40
23.72116472135022
 40
24.72116472135022
 40
24.72116472135022
 40
24.72116472135022
 40
24.72116472135022
 10
401.2964344444445
 20
215.9889000000001
 30
0.0
 10
400.8800390740741
 20
216.0228842592593
 30
0.0
 10
400.4636437037038
 20
216.0568685185186
 30
0.0
 10
400.0472483333335
 20
216.0908527777778
 30
0.0
 10
400.1848316666668
 20
217.7512601851852
 30
0.0
 10
400.3224150000001
 20
219.4116675925926
 30
0.0
 10
400.4599983333333
 20
221.072075
 30
0.0
 10
400.4846927777778
 20
221.4142694444444
 30
0.0
 10
400.5982872222222
 20
222.1829722222222
 30
0.0
 10
400.7108233333333
 20
223.5588055555555
 30
0.0
 10
400.82724
 20
224.9381666666667
 30
0.0
 10
400.4744622222223
 20
226.088575
 30
0.0
 10
400.4180177777778
 20
226.094925
 30
0.0
 10
397.1266011111111
 20
226.2473249999999
 30
0.0
 10
393.9336094444444
 20
234.2303333333333
 30
0.0
 10
392.7980177777778
 20
244.5639
 30
0.0
 10
392.3178872222222
 20
251.7993722222222
 30
0.0
 10
392.6286844444444
 20
254.0493888888889
 30
0.0
 10
394.50899
 20
257.0942138888889
 30
0.0
 10
392.2861372222222
 20
259.6804277777778
 30
0.0
 10
391.7612038888889
 20
263.5856777777777
 30
0.0
 10
391.0694066666667
 20
268.0373805555555
 30
0.0
 10
390.410065
 20
272.3088138888888
 30
0.0
 10
390.3285733333333
 20
276.3343611111111
 30
0.0
 10
391.5495372222222
 20
279.4211666666666
 30
0.0
 10
391.4888594444445
 20
279.5202972222222
 30
0.0
 10
391.4359427777778
 20
279.6226027777777
 30
0.0
 10
391.3833788888889
 20
279.7252611111111
 30
0.0
  0
SPLINE
  5
F8
330
1F
100
AcDbEntity
  8
DEFAULT
 62
     1
100
AcDbSpline
210
0.0
220
0.0
230
1.0
 70
     8
 71
     3
 72
    53
 73
    49
 74
     0
 42
0.000000001
 43
0.0000000001
 40
0.0
 40
0.0
 40
0.0
 40
0.0
 40
1.0
 40
1.0
 40
1.0
 40
2.0
 40
2.0
 40
2.0
 40
3.0
 40
3.0
 40
3.0
 40
8.66400035310729
 40
8.66400035310729
 40
8.66400035310729
 40
17.15855396115525
 40
17.15855396115525
 40
17.15855396115525
 40
22.82198419379692
 40
22.82198419379692
 40
22.82198419379692
 40
23.82198419379692
 40
23.82198419379692
 40
23.82198419379692
 40
24.82198419379692
 40
24.82198419379692
 40
24.82198419379692
 40
25.82198419379692
 40
25.82198419379692
 40
25.82198419379692
 40
26.82198419379692
 40
26.82198419379692
 40
26.82198419379692
 40
27.82198419379692
 40
27.82198419379692
 40
27.82198419379692
 40
27.8529841937971
 40
27.8529841937971
 40
27.8529841937971
 40
28.8529841937971
 40
28.8529841937971
 40
28.8529841937971
 40
29.8529841937971
 40
29.8529841937971
 40
29.8529841937971
 40
44.0202959359732
 40
44.0202959359732
 40
44.0202959359732
 40
47.9741751703455
 40
47.9741751703455
 40
47.9741751703455
 40
47.9741751703455
 10
390.6814216666667
 20
195.707635
 30
0.0
 10
390.8048938888888
 20
195.8487461111111
 30
0.0
 10
390.9632911111111
 20
195.9651627777778
 30
0.0
 10
391.1890688888889
 20
196.025135
 30
0.0
 10
391.2388105555555
 20
196.0039683333333
 30
0.0
 10
392.0607827777778
 20
196.8859127777778
 30
0.0
 10
392.5617272222222
 20
198.1735516666666
 30
0.0
 10
393.0626716666667
 20
199.4647183333333
 30
0.0
 10
393.2990327777778
 20
200.2020238888889
 30
0.0
 10
393.422505
 20
200.5230516666666
 30
0.0
 10
393.6635698148148
 20
201.1439405555555
 30
0.0
 10
393.9046346296296
 20
201.7648294444444
 30
0.0
 10
394.1456994444444
 20
202.3857183333333
 30
0.0
 10
395.0770327777777
 20
202.0245914814815
 30
0.0
 10
396.0083661111111
 20
201.6634646296296
 30
0.0
 10
396.9396994444444
 20
201.3023377777778
 30
0.0
 10
396.698517037037
 20
200.6815664814815
 30
0.0
 10
396.4573346296297
 20
200.0607951851852
 30
0.0
 10
396.2161522222223
 20
199.4400238888889
 30
0.0
 10
396.0930327777778
 20
199.1189961111111
 30
0.0
 10
395.7684772222223
 20
198.4134405555555
 30
0.0
 10
395.2675327777778
 20
197.1222738888889
 30
0.0
 10
394.7665883333333
 20
195.8342822222222
 30
0.0
 10
394.7775244444445
 20
194.63131
 30
0.0
 10
394.8300883333333
 20
194.6101433333333
 30
0.0
 10
399.2535688888889
 20
192.9591433333333
 30
0.0
 10
406.7783188888889
 20
207.9701905555555
 30
0.0
 10
406.471755
 20
218.0173016666666
 30
0.0
 10
406.408255
 20
220.1794766666667
 30
0.0
 10
406.8030133333334
 20
225.4711433333333
 30
0.0
 10
404.5208938888889
 20
225.7604211111111
 30
0.0
 10
404.4570411111111
 20
225.7604211111111
 30
0.0
 10
404.390718888889
 20
225.7635961111111
 30
0.0
 10
404.3198105555556
 20
225.7745322222222
 30
0.0
 10
404.3161651851852
 20
225.7745322222222
 30
0.0
 10
404.3125198148148
 20
225.7745322222222
 30
0.0
 10
404.3088744444444
 20
225.7745322222222
 30
0.0
 10
404.2563105555556
 20
225.7745322222222
 30
0.0
 10
403.7162077777778
 20
224.6950322222222
 30
0.0
 10
403.6033188888889
 20
223.3227266666667
 30
0.0
 10
403.4911355555555
 20
221.9433655555555
 30
0.0
 10
403.4766716666667
 20
221.1672544444444
 30
0.0
 10
403.4480966666667
 20
220.8247072222222
 30
0.0
 10
403.310630925926
 20
219.1644174074074
 30
0.0
 10
403.1731651851852
 20
217.5041275925926
 30
0.0
 10
403.0356994444444
 20
215.8438377777777
 30
0.0
 10
402.5723846296296
 20
215.8827609259259
 30
0.0
 10
402.1090698148147
 20
215.9216840740741
 30
0.0
 10
401.645755
 20
215.9606072222222
 30
0.0
  0
SPLINE
  5
F9
330
1F
100
AcDbEntity
  8
DEFAULT
 62
     1
100
AcDbSpline
210
0.0
220
0.0
230
1.0
 70
     8
 71
     3
 72
    17
 73
    13
 74
     0
 42
0.000000001
 43
0.0000000001
 40
0.0
 40
0.0
 40
0.0
 40
0.0
 40
1.0
 40
1.0
 40
1.0
 40
2.0
 40
2.0
 40
2.0
 40
3.0
 40
3.0
 40
3.0
 40
4.0
 40
4.0
 40
4.0
 40
4.0
 10
379.4035394444444
 20
288.9505058333333
 30
0.0
 10
379.7873616666666
 20
292.1710141666667
 30
0.0
 10
380.9688144444444
 20
294.1465697222222
 30
0.0
 10
383.2241227777777
 20
294.8485975
 30
0.0
 10
383.512695
 20
294.9403197222222
 30
0.0
 10
384.1480477777778
 20
294.9794780555555
 30
0.0
 10
384.4161588888889
 20
294.9611336111111
 30
0.0
 10
386.6245477777778
 20
294.8231975
 30
0.0
 10
388.55777
 20
289.9763836111111
 30
0.0
 10
389.7395755555555
 20
286.1946058333333
 30
0.0
 10
390.2934366666666
 20
283.9442363888888
 30
0.0
 10
390.4031505555556
 20
281.8522641666667
 30
0.0
 10
391.227945
 20
280.0428669444444
 30
0.0
  0
SPLINE
  5
FA
330
1F
100
AcDbEntity
  8
DEFAULT
 62
     1
100
AcDbSpline
210
0.0
220
0.0
230
1.0
 70
     8
 71
     3
 72
    29
 73
    25
 74
     0
 42
0.000000001
 43
0.0000000001
 40
0.0
 40
0.0
 40
0.0
 40
0.0
 40
3.472136662057019
 40
3.472136662057019
 40
3.472136662057019
 40
16.72113919054955
 40
16.72113919054955
 40
16.72113919054955
 40
21.64013919054954
 40
21.64013919054954
 40
21.64013919054954
 40
22.64013919054954
 40
22.64013919054954
 40
22.64013919054954
 40
23.64013919054954
 40
23.64013919054954
 40
23.64013919054954
 40
26.23013919054945
 40
26.23013919054945
 40
26.23013919054945
 40
49.00336515877812
 40
49.00336515877812
 40
49.00336515877812
 40
52.32966655823072
 40
52.32966655823072
 40
52.32966655823072
 40
52.32966655823072
 10
384.0840538888888
 20
261.5220336111111
 30
0.0
 10
383.8091224074074
 20
261.8238937962963
 30
0.0
 10
383.5341909259259
 20
262.1257539814815
 30
0.0
 10
383.2592594444444
 20
262.4276141666667
 30
0.0
 10
381.9255242592592
 20
261.6223400925926
 30
0.0
 10
380.591789074074
 20
260.8170660185185
 30
0.0
 10
379.2580538888888
 20
260.0117919444444
 30
0.0
 10
379.2580538888888
 20
260.5902299074074
 30
0.0
 10
379.2580538888888
 20
261.1686678703704
 30
0.0
 10
379.2580538888888
 20
261.7471058333333
 30
0.0
 10
379.2580538888888
 20
263.8637725
 30
0.0
 10
380.2606483333333
 20
264.3227363888889
 30
0.0
 10
380.9164622222222
 20
266.2199752777778
 30
0.0
 10
380.3626011111111
 20
267.5545336111111
 30
0.0
 10
379.2580538888888
 20
267.2754863888889
 30
0.0
 10
379.2580538888888
 20
268.6548475
 30
0.0
 10
379.2580538888888
 20
268.9594123148148
 30
0.0
 10
379.2580538888888
 20
269.2639771296296
 30
0.0
 10
379.2580538888888
 20
269.5685419444444
 30
0.0
 10
381.1173103703703
 20
271.495884537037
 30
0.0
 10
382.9765668518518
 20
273.4232271296296
 30
0.0
 10
384.8358233333333
 20
275.3505697222222
 30
0.0
 10
384.5724159259259
 20
275.6397299074074
 30
0.0
 10
384.3090085185184
 20
275.9288900925926
 30
0.0
 10
384.0456011111111
 20
276.2180502777778
 30
0.0
  0
SPLINE
  5
FB
330
1F
100
AcDbEntity
  8
DEFAULT
 62
     1
100
AcDbSpline
210
0.0
220
0.0
230
1.0
 70
     8
 71
     3
 72
    20
 73
    16
 74
     0
 42
0.000000001
 43
0.0000000001
 40
0.0
 40
0.0
 40
0.0
 40
0.0
 40
3.242283146179582
 40
3.242283146179582
 40
3.242283146179582
 40
15.64354767847616
 40
15.64354767847616
 40
15.64354767847616
 40
25.14354767847616
 40
25.14354767847616
 40
25.14354767847616
 40
26.14354767847616
 40
26.14354767847616
 40
26.14354767847616
 40
27.14354767847616
 40
27.14354767847616
 40
27.14354767847616
 40
27.14354767847616
 10
383.7422827777777
 20
241.4553986111111
 30
0.0
 10
383.4859309259259
 20
241.7376208333333
 30
0.0
 10
383.2295790740741
 20
242.0198430555555
 30
0.0
 10
382.9732272222222
 20
242.3020652777777
 30
0.0
 10
381.7348596296296
 20
241.5319513888888
 30
0.0
 10
380.4964920370369
 20
240.7618375
 30
0.0
 10
379.2581244444444
 20
239.9917236111111
 30
0.0
 10
379.2581244444444
 20
241.1088532407407
 30
0.0
 10
379.2581244444444
 20
242.2259828703704
 30
0.0
 10
379.2581244444444
 20
243.3431125
 30
0.0
 10
379.2581244444444
 20
245.2410569444444
 30
0.0
 10
380.6381911111111
 20
246.1653347222222
 30
0.0
 10
381.9148938888889
 20
248.5638708333333
 30
0.0
 10
381.6573661111111
 20
249.1565375
 30
0.0
 10
381.3292827777778
 20
249.7040486111111
 30
0.0
 10
380.9909688888889
 20
250.2046402777778
 30
0.0
  0
SPLINE
  5
FC
330
1F
100
AcDbEntity
  8
DEFAULT
 62
     1
100
AcDbSpline
210
0.0
220
0.0
230
1.0
 70
     8
 71
     3
 72
    20
 73
    16
 74
     0
 42
0.000000001
 43
0.0000000001
 40
0.0
 40
0.0
 40
0.0
 40
0.0
 40
1.0
 40
1.0
 40
1.0
 40
2.0
 40
2.0
 40
2.0
 40
24.62099999999998
 40
24.62099999999998
 40
24.62099999999998
 40
44.97864782581719
 40
44.97864782581719
 40
44.97864782581719
 40
48.172633423781
 40
48.172633423781
 40
48.172633423781
 40
48.172633423781
 10
390.4733180555555
 20
195.4182513888889
 30
0.0
 10
390.1558180555555
 20
194.8993152777778
 30
0.0
 10
389.9226319444444
 20
194.2787791666667
 30
0.0
 10
388.6392263888888
 20
194.3454541666666
 30
0.0
 10
383.4530402777777
 20
194.3454541666666
 30
0.0
 10
379.2581597222222
 20
198.6669819444444
 30
0.0
 10
379.2581597222222
 20
204.0083902777778
 30
0.0
 10
379.2581597222222
 20
206.6684523148148
 30
0.0
 10
379.2581597222222
 20
209.3285143518518
 30
0.0
 10
379.2581597222222
 20
211.9885763888889
 30
0.0
 10
380.8704717592593
 20
213.7581097222222
 30
0.0
 10
382.4827837962962
 20
215.5276430555556
 30
0.0
 10
384.0950958333333
 20
217.2971763888889
 30
0.0
 10
383.8422717592592
 20
217.5749300925926
 30
0.0
 10
383.5894476851851
 20
217.8526837962962
 30
0.0
 10
383.3366236111111
 20
218.1304375
 30
0.0
  0
SPLINE
  5
FD
330
1F
100
AcDbEntity
  8
DEFAULT
 62
     1
100
AcDbSpline
210
0.0
220
0.0
230
1.0
 70
     8
 71
     3
 72
    44
 73
    40
 74
     0
 42
0.000000001
 43
0.0000000001
 40
0.0
 40
0.0
 40
0.0
 40
0.0
 40
1.0
 40
1.0
 40
1.0
 40
2.0
 40
2.0
 40
2.0
 40
3.0
 40
3.0
 40
3.0
 40
4.0
 40
4.0
 40
4.0
 40
21.04897539443344
 40
21.04897539443344
 40
21.04897539443344
 40
28.99251648137943
 40
28.99251648137943
 40
28.99251648137943
 40
46.04298348378157
 40
46.04298348378157
 40
46.04298348378157
 40
47.04298348378157
 40
47.04298348378157
 40
47.04298348378157
 40
64.09116464776503
 40
64.09116464776503
 40
64.09116464776503
 40
72.01975727193238
 40
72.01975727193238
 40
72.01975727193238
 40
89.0674087524149
 40
89.0674087524149
 40
89.0674087524149
 40
90.0674087524149
 40
90.0674087524149
 40
90.0674087524149
 40
91.0674087524149
 40
91.0674087524149
 40
91.0674087524149
 40
91.0674087524149
 10
389.739505
 20
286.1947822222222
 30
0.0
 10
388.7866522222222
 20
290.0792183333333
 30
0.0
 10
389.22833
 20
291.7404488888889
 30
0.0
 10
389.9088383333333
 20
294.7849211111111
 30
0.0
 10
389.5983938888888
 20
295.3423099999999
 30
0.0
 10
389.3369855555555
 20
295.9314488888889
 30
0.0
 10
389.1221438888888
 20
296.5417544444445
 30
0.0
 10
388.8960133333333
 20
297.1841627777777
 30
0.0
 10
389.58393
 20
297.40606
 30
0.0
 10
390.0675883333333
 20
297.059985
 30
0.0
 10
393.4471994444444
 20
294.6402822222222
 30
0.0
 10
393.9728383333333
 20
301.8475322222222
 30
0.0
 10
396.8797272222222
 20
298.2707183333333
 30
0.0
 10
395.6615855555556
 20
296.678397037037
 30
0.0
 10
394.4434438888889
 20
295.0860757407408
 30
0.0
 10
393.2253022222222
 20
293.4937544444444
 30
0.0
 10
393.9282707407407
 20
292.8786275925926
 30
0.0
 10
394.6312392592592
 20
292.2635007407407
 30
0.0
 10
395.3342077777777
 20
291.6483738888888
 30
0.0
 10
396.752492037037
 20
293.0655998148148
 30
0.0
 10
398.1707762962963
 20
294.4828257407407
 30
0.0
 10
399.5890605555555
 20
295.9000516666666
 30
0.0
 10
402.9968938888888
 20
288.709735
 30
0.0
 10
396.1632355555556
 20
281.9053572222222
 30
0.0
 10
398.8655133333333
 20
278.2361155555556
 30
0.0
 10
397.6473716666666
 20
276.6439118518518
 30
0.0
 10
396.42923
 20
275.0517081481481
 30
0.0
 10
395.2110883333333
 20
273.4595044444444
 30
0.0
 10
395.9118225925925
 20
272.8444951851852
 30
0.0
 10
396.6125568518518
 20
272.2294859259259
 30
0.0
 10
397.3132911111111
 20
271.6144766666666
 30
0.0
 10
398.7326337037037
 20
273.0301738888888
 30
0.0
 10
400.1519762962963
 20
274.445871111111
 30
0.0
 10
401.5713188888889
 20
275.8615683333333
 30
0.0
 10
402.8589577777778
 20
273.145885
 30
0.0
 10
402.60143
 20
269.7130044444444
 30
0.0
 10
402.0193466666666
 20
266.7359127777777
 30
0.0
 10
401.2756911111111
 20
263.1333461111111
 30
0.0
 10
400.0053383333333
 20
259.7117544444445
 30
0.0
 10
400.1355133333333
 20
257.2916988888888
 30
0.0
  0
SPLINE
  5
FE
330
1F
100
AcDbEntity
  8
DEFAULT
 62
     1
100
AcDbSpline
210
0.0
220
0.0
230
1.0
 70
     8
 71
     3
 72
     8
 73
     4
 74
     0
 42
0.000000001
 43
0.0000000001
 40
0.0
 40
0.0
 40
0.0
 40
0.0
 40
1.0
 40
1.0
 40
1.0
 40
1.0
 10
400.4179472222222
 20
226.0951013888889
 30
0.0
 10
401.088225
 20
226.0951013888889
 30
0.0
 10
401.6424388888888
 20
226.0570013888889
 30
0.0
 10
402.115161111111
 20
226.0069069444444
 30
0.0
  0
SPLINE
  5
FF
330
1F
100
AcDbEntity
  8
DEFAULT
 62
     1
100
AcDbSpline
210
0.0
220
0.0
230
1.0
 70
     8
 71
     3
 72
    32
 73
    28
 74
     0
 42
0.000000001
 43
0.0000000001
 40
0.0
 40
0.0
 40
0.0
 40
0.0
 40
1.0
 40
1.0
 40
1.0
 40
18.0410340648683
 40
18.0410340648683
 40
18.0410340648683
 40
25.98918655459831
 40
25.98918655459831
 40
25.98918655459831
 40
43.03753316064784
 40
43.03753316064784
 40
43.03753316064784
 40
44.03753316064784
 40
44.03753316064784
 40
44.03753316064784
 40
45.03753316064784
 40
45.03753316064784
 40
45.03753316064784
 40
46.03753316064784
 40
46.03753316064784
 40
46.03753316064784
 40
46.06853316064779
 40
46.06853316064779
 40
46.06853316064779
 40
47.06853316064779
 40
47.06853316064779
 40
47.06853316064779
 40
47.06853316064779
 10
400.171285
 20
256.9359225
 30
0.0
 10
400.2485433333334
 20
256.3076252777778
 30
0.0
 10
400.4358683333334
 20
255.7530586111111
 30
0.0
 10
400.7706544444445
 20
255.2983280555555
 30
0.0
 10
399.5525127777778
 20
253.7071826851852
 30
0.0
 10
398.3343711111111
 20
252.1160373148148
 30
0.0
 10
397.1162294444444
 20
250.5248919444444
 30
0.0
 10
397.819197962963
 20
249.9089419444445
 30
0.0
 10
398.5221664814815
 20
249.2929919444444
 30
0.0
 10
399.225135
 20
248.6770419444444
 30
0.0
 10
400.6434192592592
 20
250.0939150925926
 30
0.0
 10
402.0617035185185
 20
251.5107882407407
 30
0.0
 10
403.4799877777778
 20
252.9276613888889
 30
0.0
 10
408.0068322222222
 20
246.6485697222222
 30
0.0
 10
403.03196
 20
232.5547447222222
 30
0.0
 10
405.3920433333333
 20
227.0133113888889
 30
0.0
 10
405.5895988888889
 20
226.5360030555555
 30
0.0
 10
405.3003211111111
 20
225.7708280555556
 30
0.0
 10
404.521035
 20
225.7605975
 30
0.0
 10
404.4568294444444
 20
225.7708280555556
 30
0.0
 10
404.39086
 20
225.7747086111111
 30
0.0
 10
404.3199516666667
 20
225.7747086111111
 30
0.0
 10
404.3163062962963
 20
225.7747086111111
 30
0.0
 10
404.3126609259259
 20
225.7747086111111
 30
0.0
 10
404.3090155555556
 20
225.7747086111111
 30
0.0
 10
403.7375155555555
 20
225.7747086111111
 30
0.0
 10
403.1871822222222
 20
225.8770141666667
 30
0.0
 10
402.4601072222222
 20
225.9687363888889
 30
0.0
  0
SPLINE
  5
100
330
1F
100
AcDbEntity
  8
DEFAULT
 62
     1
100
AcDbSpline
210
0.0
220
0.0
230
1.0
 70
     8
 71
     3
 72
     8
 73
     4
 74
     0
 42
0.000000001
 43
0.0000000001
 40
0.0
 40
0.0
 40
0.0
 40
0.0
 40
1.0
 40
1.0
 40
1.0
 40
1.0
 10
326.941638611111
 20
239.8238013888889
 30
0.0
 10
326.3842497222222
 20
239.7468958333333
 30
0.0
 10
325.8762497222222
 20
239.1147180555556
 30
0.0
 10
325.4599719444444
 20
238.4726625
 30
0.0
  0
SPLINE
  5
101
330
1F
100
AcDbEntity
  8
DEFAULT
 62
     1
100
AcDbSpline
210
0.0
220
0.0
230
1.0
 70
     8
 71
     3
 72
    11
 73
     7
 74
     0
 42
0.000000001
 43
0.0000000001
 40
0.0
 40
0.0
 40
0.0
 40
0.0
 40
1.0
 40
1.0
 40
1.0
 40
2.0
 40
2.0
 40
2.0
 40
2.0
 10
325.2728233333333
 20
238.1763644444444
 30
0.0
 10
325.0646844444444
 20
237.8380505555555
 30
0.0
 10
324.8882955555555
 20
237.5205505555555
 30
0.0
 10
324.7436566666667
 20
237.3088838888889
 30
0.0
 10
323.989065
 20
238.1696616666666
 30
0.0
 10
323.8405455555555
 20
239.2777366666666
 30
0.0
 10
323.0400927777778
 20
239.8238366666666
 30
0.0
  0
SPLINE
  5
102
330
1F
100
AcDbEntity
  8
DEFAULT
 62
     1
100
AcDbSpline
210
0.0
220
0.0
230
1.0
 70
     8
 71
     3
 72
    17
 73
    13
 74
     0
 42
0.000000001
 43
0.0000000001
 40
0.0
 40
0.0
 40
0.0
 40
0.0
 40
1.0
 40
1.0
 40
1.0
 40
2.0
 40
2.0
 40
2.0
 40
3.0
 40
3.0
 40
3.0
 40
4.0
 40
4.0
 40
4.0
 40
4.0
 10
332.5295680555556
 20
227.5761330555555
 30
0.0
 10
328.8289291666666
 20
227.3884552777778
 30
0.0
 10
325.5766708333334
 20
228.8175580555555
 30
0.0
 10
324.0985319444445
 20
231.0259469444444
 30
0.0
 10
322.3663930555555
 20
232.0694636111111
 30
0.0
 10
322.3346430555555
 20
232.6631886111111
 30
0.0
 10
320.5633458333334
 20
234.4478913888889
 30
0.0
 10
318.0339291666667
 20
236.9847163888889
 30
0.0
 10
318.1930319444444
 20
241.5140302777778
 30
0.0
 10
318.4890125
 20
243.8741136111111
 30
0.0
 10
318.5913180555556
 20
244.7098441666666
 30
0.0
 10
319.0957902777778
 20
245.0340469444444
 30
0.0
 10
319.3991791666667
 20
244.1736219444444
 30
0.0
  0
SPLINE
  5
103
330
1F
100
AcDbEntity
  8
DEFAULT
 62
     1
100
AcDbSpline
210
0.0
220
0.0
230
1.0
 70
     8
 71
     3
 72
    44
 73
    40
 74
     0
 42
0.000000001
 43
0.0000000001
 40
0.0
 40
0.0
 40
0.0
 40
0.0
 40
1.041372895663756
 40
1.041372895663756
 40
1.041372895663756
 40
2.082745791327512
 40
2.082745791327512
 40
2.082745791327512
 40
3.124118686991268
 40
3.124118686991268
 40
3.124118686991268
 40
6.070729438090245
 40
6.070729438090245
 40
6.070729438090245
 40
14.92930158109333
 40
14.92930158109333
 40
14.92930158109333
 40
17.88080332980665
 40
17.88080332980665
 40
17.88080332980665
 40
18.92217622547041
 40
18.92217622547041
 40
18.92217622547041
 40
19.96354912113416
 40
19.96354912113416
 40
19.96354912113416
 40
21.00492201679792
 40
21.00492201679792
 40
21.00492201679792
 40
22.04629491246168
 40
22.04629491246168
 40
22.04629491246168
 40
23.08766780812543
 40
23.08766780812543
 40
23.08766780812543
 40
24.12904070378919
 40
24.12904070378919
 40
24.12904070378919
 40
25.17041359945294
 40
25.17041359945294
 40
25.17041359945294
 40
25.17041359945294
 10
329.5523352777777
 20
300.1353605555555
 30
0.0
 10
328.9561408333333
 20
299.9057022222222
 30
0.0
 10
328.2474102777778
 20
299.6943883333333
 30
0.0
 10
327.3894547222222
 20
299.5215272222222
 30
0.0
 10
327.3435936111111
 20
299.5529244444444
 30
0.0
 10
326.3526408333333
 20
298.864655
 30
0.0
 10
325.5871130555555
 20
297.7149522222222
 30
0.0
 10
324.8251130555555
 20
296.5613688888889
 30
0.0
 10
324.4370575
 20
295.8872105555555
 30
0.0
 10
324.2465575
 20
295.6014605555555
 30
0.0
 10
324.0629954629629
 20
295.323942037037
 30
0.0
 10
323.8794334259259
 20
295.0464235185185
 30
0.0
 10
323.6958713888889
 20
294.768905
 30
0.0
 10
322.8622574999999
 20
295.3218253703703
 30
0.0
 10
322.028643611111
 20
295.8747457407407
 30
0.0
 10
321.1950297222222
 20
296.4276661111111
 30
0.0
 10
321.3797676851852
 20
296.705067037037
 30
0.0
 10
321.5645056481481
 20
296.982467962963
 30
0.0
 10
321.7492436111111
 20
297.2598688888888
 30
0.0
 10
321.9393908333333
 20
297.5456188888888
 30
0.0
 10
322.4085852777777
 20
298.1668605555555
 30
0.0
 10
323.1702324999999
 20
299.3165633333332
 30
0.0
 10
323.9361130555556
 20
300.4701466666666
 30
0.0
 10
324.1795297222222
 20
301.6519522222222
 30
0.0
 10
324.1336686111111
 20
301.6801744444444
 30
0.0
 10
323.5868630555555
 20
302.0435355555555
 30
0.0
 10
318.1332713888888
 20
301.6417216666666
 30
0.0
 10
316.8699741666666
 20
297.6510994444444
 30
0.0
 10
316.4325297222222
 20
296.2646827777778
 30
0.0
 10
318.1255102777777
 20
293.9998494444444
 30
0.0
 10
317.1486686111111
 20
292.3562577777777
 30
0.0
 10
315.8821963888889
 20
290.2325355555555
 30
0.0
 10
318.8487047222222
 20
289.0577855555555
 30
0.0
 10
322.5634547222222
 20
289.7703966666666
 30
0.0
 10
323.5762797222222
 20
289.1957216666666
 30
0.0
 10
322.6269547222222
 20
287.6999438888889
 30
0.0
 10
323.6785852777778
 20
287.9923966666666
 30
0.0
 10
323.6817602777778
 20
287.9923966666666
 30
0.0
 10
323.6852880555555
 20
287.9962772222222
 30
0.0
 10
323.6958713888889
 20
287.9994522222222
 30
0.0
  0
SPLINE
  5
104
330
1F
100
AcDbEntity
  8
DEFAULT
 62
     1
100
AcDbSpline
210
0.0
220
0.0
230
1.0
 70
     8
 71
     3
 72
    56
 73
    52
 74
     0
 42
0.000000001
 43
0.0000000001
 40
0.0
 40
0.0
 40
0.0
 40
0.0
 40
1.0
 40
1.0
 40
1.0
 40
2.0
 40
2.0
 40
2.0
 40
3.009999999999991
 40
3.009999999999991
 40
3.009999999999991
 40
4.009999999999991
 40
4.009999999999991
 40
4.009999999999991
 40
5.009999999999991
 40
5.009999999999991
 40
5.009999999999991
 40
6.009999999999991
 40
6.009999999999991
 40
6.009999999999991
 40
7.009999999999991
 40
7.009999999999991
 40
7.009999999999991
 40
8.009999999999991
 40
8.009999999999991
 40
8.009999999999991
 40
9.009999999999991
 40
9.009999999999991
 40
9.009999999999991
 40
10.00999999999999
 40
10.00999999999999
 40
10.00999999999999
 40
11.00999999999999
 40
11.00999999999999
 40
11.00999999999999
 40
13.84121263772265
 40
13.84121263772265
 40
13.84121263772265
 40
22.34034224021728
 40
22.34034224021728
 40
22.34034224021728
 40
25.16850082841568
 40
25.16850082841568
 40
25.16850082841568
 40
26.16850082841568
 40
26.16850082841568
 40
26.16850082841568
 40
27.16850082841568
 40
27.16850082841568
 40
27.16850082841568
 40
28.16850082841568
 40
28.16850082841568
 40
28.16850082841568
 40
28.16850082841568
 10
332.8788886111111
 20
227.5968058333333
 30
0.0
 10
335.2601386111111
 20
227.7731947222222
 30
0.0
 10
337.3693969444444
 20
228.5916391666667
 30
0.0
 10
338.8902219444444
 20
229.7914363888889
 30
0.0
 10
340.9610274999999
 20
229.8514086111111
 30
0.0
 10
343.9384719444444
 20
230.8776391666666
 30
0.0
 10
346.9123886111111
 20
232.7082030555555
 30
0.0
 10
349.2795275
 20
234.1655280555555
 30
0.0
 10
351.1986386111111
 20
235.8514530555555
 30
0.0
 10
352.3839719444444
 20
237.4040280555555
 30
0.0
 10
355.1285830555556
 20
238.0143336111111
 30
0.0
 10
358.4023608333333
 20
242.7976475
 30
0.0
 10
360.1838886111111
 20
249.1197780555555
 30
0.0
 10
361.2559802777777
 20
252.9262502777777
 30
0.0
 10
361.5808886111111
 20
256.5351669444444
 30
0.0
 10
361.2245830555555
 20
259.2303891666666
 30
0.0
 10
362.7274163888889
 20
261.8659919444444
 30
0.0
 10
363.4047497222222
 20
266.6598891666666
 30
0.0
 10
362.8967497222222
 20
271.8213808333333
 30
0.0
 10
362.4667136111111
 20
276.2272225
 30
0.0
 10
361.1116941666666
 20
280.3797697222222
 30
0.0
 10
359.5559441666666
 20
282.8665002777777
 30
0.0
 10
358.9244719444444
 20
286.1970752777777
 30
0.0
 10
356.4126941666667
 20
290.5782225
 30
0.0
 10
352.5497774999999
 20
294.5963613888889
 30
0.0
 10
348.2599997222222
 20
298.4381113888889
 30
0.0
 10
341.8711941666667
 20
298.2719530555556
 30
0.0
 10
338.3857497222222
 20
300.5861752777777
 30
0.0
 10
338.3395358333333
 20
300.6143975
 30
0.0
 10
337.3485830555555
 20
299.9307141666666
 30
0.0
 10
336.5830552777778
 20
298.7767780555555
 30
0.0
 10
335.8210552777778
 20
297.6267225
 30
0.0
 10
335.4329997222222
 20
296.9529169444444
 30
0.0
 10
335.2428525
 20
296.6675197222222
 30
0.0
 10
335.059290462963
 20
296.3897660185185
 30
0.0
 10
334.8757284259259
 20
296.1120123148148
 30
0.0
 10
334.6921663888888
 20
295.8342586111111
 30
0.0
 10
333.8596108333333
 20
296.3871789814814
 30
0.0
 10
333.0270552777777
 20
296.9400993518518
 30
0.0
 10
332.1944997222222
 20
297.4930197222222
 30
0.0
 10
332.3779441666666
 20
297.7704206481481
 30
0.0
 10
332.5613886111111
 20
298.047821574074
 30
0.0
 10
332.7448330555555
 20
298.3252225
 30
0.0
 10
332.9353330555555
 20
298.6109725
 30
0.0
 10
333.4045275
 20
299.2283336111111
 30
0.0
 10
334.1665275
 20
300.3819169444444
 30
0.0
 10
334.9320552777777
 20
301.5316197222222
 30
0.0
 10
335.1754719444444
 20
302.7134252777777
 30
0.0
 10
335.1331386111111
 20
302.7420002777777
 30
0.0
 10
332.6989719444444
 20
303.5675002777778
 30
0.0
 10
333.0732691666666
 20
301.6381586111111
 30
0.0
 10
329.8767497222222
 20
300.2690280555555
 30
0.0
  0
SPLINE
  5
105
330
1F
100
AcDbEntity
  8
DEFAULT
 62
     1
100
AcDbSpline
210
0.0
220
0.0
230
1.0
 70
     8
 71
     3
 72
    26
 73
    22
 74
     0
 42
0.000000001
 43
0.0000000001
 40
0.0
 40
0.0
 40
0.0
 40
0.0
 40
1.0
 40
1.0
 40
1.0
 40
2.0
 40
2.0
 40
2.0
 40
3.0
 40
3.0
 40
3.0
 40
4.0
 40
4.0
 40
4.0
 40
5.0
 40
5.0
 40
5.0
 40
6.0
 40
6.0
 40
6.0
 40
7.0
 40
7.0
 40
7.0
 40
7.0
 10
342.9013758333333
 20
285.8933336111111
 30
0.0
 10
345.7518202777778
 20
283.5226669444444
 30
0.0
 10
349.1416619444444
 20
280.8874169444444
 30
0.0
 10
351.3362925
 20
279.7550002777778
 30
0.0
 10
350.6095702777778
 20
275.3413975
 30
0.0
 10
351.0297286111111
 20
266.1342502777778
 30
0.0
 10
353.7351813888889
 20
260.9060836111111
 30
0.0
 10
352.1300424999999
 20
258.7925919444444
 30
0.0
 10
350.6342647222222
 20
255.6952030555555
 30
0.0
 10
349.6186175
 20
252.1007502777778
 30
0.0
 10
348.5175980555555
 20
248.2022030555555
 30
0.0
 10
348.2075063888889
 20
244.5093252777777
 30
0.0
 10
348.6057924999999
 20
241.7922308333333
 30
0.0
 10
346.8771813888889
 20
241.3375002777778
 30
0.0
 10
344.8839869444444
 20
240.4693141666667
 30
0.0
 10
342.8907925
 20
239.2455280555555
 30
0.0
 10
341.9206536111111
 20
238.6458058333333
 30
0.0
 10
341.0245980555555
 20
238.0108058333333
 30
0.0
 10
340.2237925
 20
237.3613419444444
 30
0.0
 10
340.0826813888889
 20
237.5839447222222
 30
0.0
 10
339.8604313888889
 20
237.8379447222222
 30
0.0
 10
339.5997286111111
 20
238.0954725
 30
0.0
  0
SPLINE
  5
106
330
1F
100
AcDbEntity
  8
DEFAULT
 62
     1
100
AcDbSpline
210
0.0
220
0.0
230
1.0
 70
     8
 71
     3
 72
     8
 73
     4
 74
     0
 42
0.000000001
 43
0.0000000001
 40
0.0
 40
0.0
 40
0.0
 40
0.0
 40
1.0
 40
1.0
 40
1.0
 40
1.0
 10
341.1478233333333
 20
287.3719663888889
 30
0.0
 10
341.61349
 20
286.9726219444444
 30
0.0
 10
342.1109066666666
 20
286.5499941666666
 30
0.0
 10
342.62949
 20
286.1192525
 30
0.0
  0
SPLINE
  5
107
330
1F
100
AcDbEntity
  8
DEFAULT
 62
     1
100
AcDbSpline
210
0.0
220
0.0
230
1.0
 70
     8
 71
     3
 72
     8
 73
     4
 74
     0
 42
0.000000001
 43
0.0000000001
 40
0.0
 40
0.0
 40
0.0
 40
0.0
 40
1.0
 40
1.0
 40
1.0
 40
1.0
 10
339.3453405555555
 20
238.331375
 30
0.0
 10
338.4739794444444
 20
239.1180694444444
 30
0.0
 10
337.2992294444444
 20
239.8627833333333
 30
0.0
 10
336.8402655555556
 20
239.823625
 30
0.0
  0
SPLINE
  5
108
330
1F
100
AcDbEntity
  8
DEFAULT
 62
     1
100
AcDbSpline
210
0.0
220
0.0
230
1.0
 70
     8
 71
     3
 72
    35
 73
    31
 74
     0
 42
0.000000001
 43
0.0000000001
 40
0.0
 40
0.0
 40
0.0
 40
0.0
 40
3.291000000000054
 40
3.291000000000054
 40
3.291000000000054
 40
14.62200000000007
 40
14.62200000000007
 40
14.62200000000007
 40
15.62200000000007
 40
15.62200000000007
 40
15.62200000000007
 40
16.62200000000007
 40
16.62200000000007
 40
16.62200000000007
 40
17.62200000000007
 40
17.62200000000007
 40
17.62200000000007
 40
18.62200000000007
 40
18.62200000000007
 40
18.62200000000007
 40
19.62200000000007
 40
19.62200000000007
 40
19.62200000000007
 40
20.62200000000007
 40
20.62200000000007
 40
20.62200000000007
 40
31.95300000000009
 40
31.95300000000009
 40
31.95300000000009
 40
35.8130000000001
 40
35.8130000000001
 40
35.8130000000001
 40
35.8130000000001
 10
338.4530597222222
 20
248.8234094444444
 30
0.0
 10
338.0660625
 20
248.8234094444444
 30
0.0
 10
337.6790652777777
 20
248.8234094444444
 30
0.0
 10
337.2920680555555
 20
248.8234094444444
 30
0.0
 10
337.2920680555555
 20
247.4909677777778
 30
0.0
 10
337.2920680555555
 20
246.1585261111111
 30
0.0
 10
337.2920680555555
 20
244.8260844444444
 30
0.0
 10
337.2920680555555
 20
244.4842427777778
 30
0.0
 10
337.3418097222222
 20
243.7081316666666
 30
0.0
 10
337.3418097222222
 20
242.3252427777778
 30
0.0
 10
337.3418097222222
 20
240.9420011111111
 30
0.0
 10
336.8969569444444
 20
239.8236955555555
 30
0.0
 10
336.8405124999999
 20
239.8236955555555
 30
0.0
 10
335.7962902777778
 20
239.6511872222222
 30
0.0
 10
333.0869569444444
 20
240.924715
 30
0.0
 10
331.9051513888888
 20
240.9211872222222
 30
0.0
 10
330.7762625
 20
240.9317705555555
 30
0.0
 10
327.9469847222222
 20
239.6585955555555
 30
0.0
 10
326.9415680555555
 20
239.8236955555555
 30
0.0
 10
326.8921791666667
 20
239.8236955555555
 30
0.0
 10
326.4406236111111
 20
240.9420011111111
 30
0.0
 10
326.4406236111111
 20
242.3252427777778
 30
0.0
 10
326.4406236111111
 20
243.7081316666666
 30
0.0
 10
326.4900125
 20
244.4842427777778
 30
0.0
 10
326.4900125
 20
244.8260844444444
 30
0.0
 10
326.4900125
 20
246.1585261111111
 30
0.0
 10
326.4900125
 20
247.4909677777778
 30
0.0
 10
326.4900125
 20
248.8234094444444
 30
0.0
 10
326.0361050925925
 20
248.8234094444444
 30
0.0
 10
325.5821976851851
 20
248.8234094444444
 30
0.0
 10
325.1282902777778
 20
248.8234094444444
 30
0.0
  0
SPLINE
  5
109
330
1F
100
AcDbEntity
  8
DEFAULT
 62
     1
100
AcDbSpline
210
0.0
220
0.0
230
1.0
 70
     8
 71
     3
 72
    92
 73
    88
 74
     0
 42
0.000000001
 43
0.0000000001
 40
0.0
 40
0.0
 40
0.0
 40
0.0
 40
1.0
 40
1.0
 40
1.0
 40
2.0
 40
2.0
 40
2.0
 40
3.0
 40
3.0
 40
3.0
 40
8.663929731202526
 40
8.663929731202526
 40
8.663929731202526
 40
17.16335324106482
 40
17.16335324106482
 40
17.16335324106482
 40
22.82728297226734
 40
22.82728297226734
 40
22.82728297226734
 40
23.82728297226734
 40
23.82728297226734
 40
23.82728297226734
 40
24.82728297226734
 40
24.82728297226734
 40
24.82728297226734
 40
25.82728297226734
 40
25.82728297226734
 40
25.82728297226734
 40
26.82728297226734
 40
26.82728297226734
 40
26.82728297226734
 40
27.82728297226734
 40
27.82728297226734
 40
27.82728297226734
 40
33.49296421991972
 40
33.49296421991972
 40
33.49296421991972
 40
41.99026379095989
 40
41.99026379095989
 40
41.99026379095989
 40
47.66351682603599
 40
47.66351682603599
 40
47.66351682603599
 40
48.66351682603599
 40
48.66351682603599
 40
48.66351682603599
 40
49.66351682603599
 40
49.66351682603599
 40
49.66351682603599
 40
50.66351682603599
 40
50.66351682603599
 40
50.66351682603599
 40
51.66351682603599
 40
51.66351682603599
 40
51.66351682603599
 40
52.66351682603599
 40
52.66351682603599
 40
52.66351682603599
 40
58.3276284951329
 40
58.3276284951329
 40
58.3276284951329
 40
66.8291154827133
 40
66.8291154827133
 40
66.8291154827133
 40
72.5023685177894
 40
72.5023685177894
 40
72.5023685177894
 40
73.5023685177894
 40
73.5023685177894
 40
73.5023685177894
 40
74.5023685177894
 40
74.5023685177894
 40
74.5023685177894
 40
75.5023685177894
 40
75.5023685177894
 40
75.5023685177894
 40
76.5023685177894
 40
76.5023685177894
 40
76.5023685177894
 40
77.5023685177894
 40
77.5023685177894
 40
77.5023685177894
 40
83.17407205376523
 40
83.17407205376523
 40
83.17407205376523
 40
87.23074371905939
 40
87.23074371905939
 40
87.23074371905939
 40
87.23074371905939
 10
332.0779066666666
 20
288.3627780555555
 30
0.0
 10
335.1435455555555
 20
288.3804169444444
 30
0.0
 10
338.7207122222222
 20
289.2196752777778
 30
0.0
 10
341.1478233333333
 20
287.3718252777778
 30
0.0
 10
341.1869816666667
 20
287.3358419444444
 30
0.0
 10
340.7139066666667
 20
286.2284725
 30
0.0
 10
339.7331844444444
 20
285.2477502777778
 30
0.0
 10
338.7563427777778
 20
284.2702030555555
 30
0.0
 10
338.1739066666667
 20
283.7558530555555
 30
0.0
 10
337.9308427777777
 20
283.5156113888888
 30
0.0
 10
337.4604724074074
 20
283.0440650925925
 30
0.0
 10
336.990102037037
 20
282.5725187962962
 30
0.0
 10
336.5197316666666
 20
282.1009725
 30
0.0
 10
337.2264631481481
 20
281.3942410185185
 30
0.0
 10
337.9331946296296
 20
280.687509537037
 30
0.0
 10
338.6399261111111
 20
279.9807780555555
 30
0.0
 10
339.1102964814814
 20
280.4523243518518
 30
0.0
 10
339.5806668518518
 20
280.9238706481481
 30
0.0
 10
340.0510372222222
 20
281.3954169444444
 30
0.0
 10
340.2941011111111
 20
281.6349530555555
 30
0.0
 10
340.8091566666666
 20
282.2205641666666
 30
0.0
 10
341.7867038888888
 20
283.1984641666666
 30
0.0
 10
342.7635455555555
 20
284.1756586111111
 30
0.0
 10
343.8680927777778
 20
284.6512030555555
 30
0.0
 10
343.9100733333333
 20
284.6131030555555
 30
0.0
 10
345.2576844444444
 20
283.1593058333333
 30
0.0
 10
345.4940455555555
 20
280.4566752777778
 30
0.0
 10
346.4437233333333
 20
278.5410919444444
 30
0.0
 10
346.4437233333333
 20
278.4775919444444
 30
0.0
 10
345.5335566666666
 20
277.7018336111111
 30
0.0
 10
344.2416844444444
 20
277.2573336111111
 30
0.0
 10
342.9332316666666
 20
276.8093058333333
 30
0.0
 10
342.1821677777778
 20
276.6046947222222
 30
0.0
 10
341.8576122222222
 20
276.4918058333333
 30
0.0
 10
341.2270807407407
 20
276.2766113888889
 30
0.0
 10
340.5965492592592
 20
276.0614169444444
 30
0.0
 10
339.9660177777778
 20
275.8462225
 30
0.0
 10
340.2893974074074
 20
274.9007780555555
 30
0.0
 10
340.612777037037
 20
273.955333611111
 30
0.0
 10
340.9361566666666
 20
273.0098891666667
 30
0.0
 10
341.5676288888889
 20
273.2250836111111
 30
0.0
 10
342.1991011111111
 20
273.4402780555556
 30
0.0
 10
342.8305733333333
 20
273.6554725
 30
0.0
 10
343.1519538888888
 20
273.7683613888889
 30
0.0
 10
343.8716205555556
 20
274.0650475
 30
0.0
 10
345.1807788888889
 20
274.5127225
 30
0.0
 10
346.4892316666666
 20
274.9607502777777
 30
0.0
 10
347.6883233333333
 20
274.9004252777777
 30
0.0
 10
347.7098427777778
 20
274.8482141666667
 30
0.0
 10
348.6023705555555
 20
272.2976308333333
 30
0.0
 10
350.7751288888888
 20
269.7608058333333
 30
0.0
 10
350.1616483333333
 20
266.9915002777777
 30
0.0
 10
350.1436566666667
 20
266.9421113888889
 30
0.0
 10
348.9410372222222
 20
266.8786113888889
 30
0.0
 10
347.6322316666667
 20
267.3301669444444
 30
0.0
 10
346.3269538888889
 20
267.7778419444444
 30
0.0
 10
345.6072872222222
 20
268.0745280555555
 30
0.0
 10
345.2827316666667
 20
268.1874169444445
 30
0.0
 10
344.6524353703704
 20
268.4027289814815
 30
0.0
 10
344.0221390740741
 20
268.6180410185185
 30
0.0
 10
343.3918427777778
 20
268.8333530555555
 30
0.0
 10
343.0672872222222
 20
267.8877910185185
 30
0.0
 10
342.7427316666667
 20
266.9422289814814
 30
0.0
 10
342.4181761111111
 20
265.9966669444444
 30
0.0
 10
343.0496483333333
 20
265.7814724999999
 30
0.0
 10
343.6811205555555
 20
265.5662780555555
 30
0.0
 10
344.3125927777778
 20
265.3510836111111
 30
0.0
 10
344.6336205555555
 20
265.2381947222222
 30
0.0
 10
345.38539
 20
265.0335836111111
 30
0.0
 10
346.6938427777778
 20
264.5855558333333
 30
0.0
 10
347.9850094444444
 20
264.1410558333333
 30
0.0
 10
348.8951761111111
 20
263.3652974999999
 30
0.0
 10
348.8951761111111
 20
263.2979169444444
 30
0.0
 10
348.7963983333333
 20
261.2165280555555
 30
0.0
 10
350.8421566666667
 20
258.7329725
 30
0.0
 10
349.7838233333333
 20
256.8671308333333
 30
0.0
 10
349.7488983333333
 20
256.8283252777778
 30
0.0
 10
348.6408233333333
 20
257.3006947222222
 30
0.0
 10
347.6639816666666
 20
258.2782419444444
 30
0.0
 10
346.6829066666667
 20
259.2586113888889
 30
0.0
 10
346.1713788888889
 20
259.8403419444444
 30
0.0
 10
345.928315
 20
260.0802308333333
 30
0.0
 10
345.4566511111111
 20
260.5517771296296
 30
0.0
 10
344.9849872222222
 20
261.0233234259259
 30
0.0
 10
344.5133233333333
 20
261.4948697222222
 30
0.0
 10
344.1759501851852
 20
261.1576141666666
 30
0.0
 10
343.8385770370371
 20
260.8203586111111
 30
0.0
 10
343.5012038888889
 20
260.4831030555555
 30
0.0
  0
SPLINE
  5
10A
330
1F
100
AcDbEntity
  8
DEFAULT
 62
     1
100
AcDbSpline
210
0.0
220
0.0
230
1.0
 70
     8
 71
     3
 72
   125
 73
   121
 74
     0
 42
0.000000001
 43
0.0000000001
 40
0.0
 40
0.0
 40
0.0
 40
0.0
 40
3.649999999999977
 40
3.649999999999977
 40
3.649999999999977
 40
14.98099999999999
 40
14.98099999999999
 40
14.98099999999999
 40
15.98099999999999
 40
15.98099999999999
 40
15.98099999999999
 40
16.98099999999999
 40
16.98099999999999
 40
16.98099999999999
 40
17.98099999999999
 40
17.98099999999999
 40
17.98099999999999
 40
18.98099999999999
 40
18.98099999999999
 40
18.98099999999999
 40
19.98099999999999
 40
19.98099999999999
 40
19.98099999999999
 40
20.98099999999999
 40
20.98099999999999
 40
20.98099999999999
 40
26.64492973120252
 40
26.64492973120252
 40
26.64492973120252
 40
35.14435324106481
 40
35.14435324106481
 40
35.14435324106481
 40
40.80828297226734
 40
40.80828297226734
 40
40.80828297226734
 40
41.80828297226734
 40
41.80828297226734
 40
41.80828297226734
 40
42.80828297226734
 40
42.80828297226734
 40
42.80828297226734
 40
43.80828297226734
 40
43.80828297226734
 40
43.80828297226734
 40
44.80828297226734
 40
44.80828297226734
 40
44.80828297226734
 40
45.80828297226734
 40
45.80828297226734
 40
45.80828297226734
 40
51.47301782925752
 40
51.47301782925752
 40
51.47301782925752
 40
59.97883354557783
 40
59.97883354557783
 40
59.97883354557783
 40
65.64648226440295
 40
65.64648226440295
 40
65.64648226440295
 40
66.64648226440295
 40
66.64648226440295
 40
66.64648226440295
 40
67.64648226440295
 40
67.64648226440295
 40
67.64648226440295
 40
68.64648226440295
 40
68.64648226440295
 40
68.64648226440295
 40
69.64648226440295
 40
69.64648226440295
 40
69.64648226440295
 40
70.64648226440295
 40
70.64648226440295
 40
70.64648226440295
 40
76.30994772293626
 40
76.30994772293626
 40
76.30994772293626
 40
84.80041072562344
 40
84.80041072562344
 40
84.80041072562344
 40
90.46932984658466
 40
90.46932984658466
 40
90.46932984658466
 40
91.46932984658466
 40
91.46932984658466
 40
91.46932984658466
 40
92.46932984658466
 40
92.46932984658466
 40
92.46932984658466
 40
93.46932984658466
 40
93.46932984658466
 40
93.46932984658466
 40
94.46932984658466
 40
94.46932984658466
 40
94.46932984658466
 40
95.46932984658466
 40
95.46932984658466
 40
95.46932984658466
 40
101.126184096077
 40
101.126184096077
 40
101.126184096077
 40
109.625619371435
 40
109.625619371435
 40
109.625619371435
 40
115.2966157565511
 40
115.2966157565511
 40
115.2966157565511
 40
116.2966157565511
 40
116.2966157565511
 40
116.2966157565511
 40
117.2966157565511
 40
117.2966157565511
 40
117.2966157565511
 40
118.2966157565511
 40
118.2966157565511
 40
118.2966157565511
 40
120.2966157565511
 40
120.2966157565511
 40
120.2966157565511
 40
121.2966157565511
 40
121.2966157565511
 40
121.2966157565511
 40
121.2966157565511
 10
324.7791461111111
 20
248.8234094444444
 30
0.0
 10
324.3499331481481
 20
248.8234094444444
 30
0.0
 10
323.9207201851851
 20
248.8234094444444
 30
0.0
 10
323.4915072222222
 20
248.8234094444444
 30
0.0
 10
323.4915072222222
 20
247.4909677777778
 30
0.0
 10
323.4915072222222
 20
246.1585261111111
 30
0.0
 10
323.4915072222222
 20
244.8260844444444
 30
0.0
 10
323.4915072222222
 20
244.4842427777778
 30
0.0
 10
323.5408961111111
 20
243.7081316666666
 30
0.0
 10
323.5408961111111
 20
242.3252427777778
 30
0.0
 10
323.5408961111111
 20
240.9420011111111
 30
0.0
 10
323.0960433333333
 20
239.8236955555555
 30
0.0
 10
323.0399516666666
 20
239.8236955555555
 30
0.0
 10
321.2795905555555
 20
240.4692788888889
 30
0.0
 10
320.1856266666666
 20
242.1280399999999
 30
0.0
 10
319.399285
 20
244.1734455555555
 30
0.0
 10
318.1963127777777
 20
247.3166955555555
 30
0.0
 10
317.7377016666666
 20
251.3842233333333
 30
0.0
 10
316.7573322222221
 20
254.1048455555555
 30
0.0
 10
316.717821111111
 20
254.1432983333333
 30
0.0
 10
317.1944238888888
 20
255.2513733333333
 30
0.0
 10
318.1716183333333
 20
256.2278622222222
 30
0.0
 10
319.1488127777777
 20
257.2050566666666
 30
0.0
 10
319.7305433333333
 20
257.7208177777778
 30
0.0
 10
319.9743127777778
 20
257.9635288888888
 30
0.0
 10
320.4458590740741
 20
258.4338992592592
 30
0.0
 10
320.9174053703704
 20
258.9042696296295
 30
0.0
 10
321.3889516666666
 20
259.3746399999999
 30
0.0
 10
320.6822201851851
 20
260.0813714814814
 30
0.0
 10
319.9754887037037
 20
260.7881029629629
 30
0.0
 10
319.2687572222222
 20
261.4948344444444
 30
0.0
 10
318.7972109259259
 20
261.024464074074
 30
0.0
 10
318.3256646296296
 20
260.5540937037036
 30
0.0
 10
317.8541183333333
 20
260.0837233333333
 30
0.0
 10
317.6110544444444
 20
259.8403066666667
 30
0.0
 10
317.0956461111111
 20
259.2585761111111
 30
0.0
 10
316.1184516666667
 20
258.2817344444444
 30
0.0
 10
315.14161
 20
257.3006594444444
 30
0.0
 10
314.0370627777777
 20
256.8244094444444
 30
0.0
 10
313.9947294444444
 20
256.8670955555555
 30
0.0
 10
312.939571111111
 20
258.7399927777777
 30
0.0
 10
314.9789794444444
 20
261.2200205555555
 30
0.0
 10
314.8798488888888
 20
263.3017622222222
 30
0.0
 10
314.8798488888888
 20
263.3613816666667
 30
0.0
 10
315.7871933333333
 20
264.1410205555555
 30
0.0
 10
317.0847099999999
 20
264.5855205555555
 30
0.0
 10
318.3935155555555
 20
265.0335483333333
 30
0.0
 10
319.1417572222222
 20
265.2381594444444
 30
0.0
 10
319.4659599999999
 20
265.3510483333333
 30
0.0
 10
320.0963738888888
 20
265.5662427777777
 30
0.0
 10
320.7267877777777
 20
265.7814372222222
 30
0.0
 10
321.3572016666666
 20
265.9966316666666
 30
0.0
 10
321.0338220370369
 20
266.9431344444444
 30
0.0
 10
320.7104424074074
 20
267.8896372222222
 30
0.0
 10
320.3870627777777
 20
268.83614
 30
0.0
 10
319.7566488888888
 20
268.6198872222222
 30
0.0
 10
319.1262349999999
 20
268.4036344444444
 30
0.0
 10
318.4958211111111
 20
268.1873816666666
 30
0.0
 10
318.1716183333333
 20
268.0780205555556
 30
0.0
 10
317.4554794444444
 20
267.7778066666667
 30
0.0
 10
316.1466738888888
 20
267.3301316666667
 30
0.0
 10
314.8378683333333
 20
266.8824566666667
 30
0.0
 10
313.6352488888888
 20
266.9420761111111
 30
0.0
 10
313.6172572222222
 20
266.9946399999999
 30
0.0
 10
313.0034238888888
 20
269.7642983333333
 30
0.0
 10
315.1765349999999
 20
272.3046511111111
 30
0.0
 10
316.0690627777777
 20
274.8513538888889
 30
0.0
 10
316.0867016666666
 20
274.90039
 30
0.0
 10
317.2896738888888
 20
274.960715
 30
0.0
 10
318.5981266666666
 20
274.516215
 30
0.0
 10
319.9069322222222
 20
274.0650122222222
 30
0.0
 10
320.6234238888889
 20
273.7683261111111
 30
0.0
 10
320.9479794444444
 20
273.6554372222222
 30
0.0
 10
321.5782757407407
 20
273.4403603703703
 30
0.0
 10
322.208572037037
 20
273.2252835185185
 30
0.0
 10
322.8388683333333
 20
273.0102066666666
 30
0.0
 10
323.1635414814814
 20
273.9543575925925
 30
0.0
 10
323.4882146296296
 20
274.8985085185185
 30
0.0
 10
323.8128877777777
 20
275.8426594444444
 30
0.0
 10
323.1823562962962
 20
276.0590298148148
 30
0.0
 10
322.5518248148148
 20
276.2754001851852
 30
0.0
 10
321.9212933333333
 20
276.4917705555555
 30
0.0
 10
321.5967377777777
 20
276.6046594444444
 30
0.0
 10
320.8492016666666
 20
276.8092705555555
 30
0.0
 10
319.5400433333333
 20
277.2572983333333
 30
0.0
 10
318.2453488888889
 20
277.7017983333333
 30
0.0
 10
317.3351822222222
 20
278.4779094444444
 30
0.0
 10
317.3351822222222
 20
278.5449372222222
 30
0.0
 10
318.288035
 20
280.4605205555555
 30
0.0
 10
318.5243961111111
 20
283.1592705555555
 30
0.0
 10
319.8720072222222
 20
284.6130677777778
 30
0.0
 10
319.9069322222222
 20
284.6515205555555
 30
0.0
 10
321.01536
 20
284.1791511111111
 30
0.0
 10
321.9922016666666
 20
283.2019566666667
 30
0.0
 10
322.9729238888888
 20
282.2205288888889
 30
0.0
 10
323.4848044444444
 20
281.6391511111111
 30
0.0
 10
323.7278683333333
 20
281.3953816666667
 30
0.0
 10
324.1982387037036
 20
280.9250112962963
 30
0.0
 10
324.668609074074
 20
280.4546409259259
 30
0.0
 10
325.1389794444444
 20
279.9842705555556
 30
0.0
 10
325.8468868518518
 20
280.6898261111111
 30
0.0
 10
326.5547942592592
 20
281.3953816666667
 30
0.0
 10
327.2627016666666
 20
282.1009372222222
 30
0.0
 10
326.7911553703703
 20
282.5724835185185
 30
0.0
 10
326.319609074074
 20
283.0440298148148
 30
0.0
 10
325.8480627777777
 20
283.5155761111111
 30
0.0
 10
325.6046461111111
 20
283.7589927777777
 30
0.0
 10
325.0222099999999
 20
284.2736955555555
 30
0.0
 10
324.0453683333333
 20
285.25089
 30
0.0
 10
323.0678211111111
 20
286.2284372222222
 30
0.0
 10
322.5919238888888
 20
287.3358066666666
 30
0.0
 10
322.6342572222222
 20
287.374965
 30
0.0
 10
322.9658683333333
 20
287.6289649999999
 30
0.0
 10
323.3151183333333
 20
287.8300483333333
 30
0.0
 10
323.6784794444444
 20
287.9923261111111
 30
0.0
 10
323.6820072222222
 20
287.9923261111111
 30
0.0
 10
323.6851822222222
 20
287.9962066666666
 30
0.0
 10
323.6961183333333
 20
287.9993816666666
 30
0.0
 10
326.0632572222221
 20
289.0506594444444
 30
0.0
 10
329.0301183333333
 20
288.3906122222222
 30
0.0
 10
331.7288683333333
 20
288.3662705555555
 30
0.0
  0
SPLINE
  5
10B
330
1F
100
AcDbEntity
  8
DEFAULT
 62
     1
100
AcDbSpline
210
0.0
220
0.0
230
1.0
 70
     8
 71
     3
 72
    32
 73
    28
 74
     0
 42
0.000000001
 43
0.0000000001
 40
0.0
 40
0.0
 40
0.0
 40
0.0
 40
3.450681092190269
 40
3.450681092190269
 40
3.450681092190269
 40
9.113902878417539
 40
9.113902878417539
 40
9.113902878417539
 40
10.11390287841754
 40
10.11390287841754
 40
10.11390287841754
 40
11.11390287841754
 40
11.11390287841754
 40
11.11390287841754
 40
12.11390287841754
 40
12.11390287841754
 40
12.11390287841754
 40
13.11390287841754
 40
13.11390287841754
 40
13.11390287841754
 40
14.11390287841754
 40
14.11390287841754
 40
14.11390287841754
 40
25.44490287841756
 40
25.44490287841756
 40
25.44490287841756
 40
29.66490287841759
 40
29.66490287841759
 40
29.66490287841759
 40
29.66490287841759
 10
343.2541536111111
 20
260.2356294444444
 30
0.0
 10
342.9672276851852
 20
259.9487035185185
 30
0.0
 10
342.6803017592592
 20
259.6617775925926
 30
0.0
 10
342.3933758333334
 20
259.3748516666666
 30
0.0
 10
342.8648045370371
 20
258.9044812962963
 30
0.0
 10
343.3362332407407
 20
258.4341109259259
 30
0.0
 10
343.8076619444444
 20
257.9637405555555
 30
0.0
 10
344.0514313888889
 20
257.7206766666666
 30
0.0
 10
344.6335147222222
 20
257.2049155555555
 30
0.0
 10
345.6107091666667
 20
256.2280738888888
 30
0.0
 10
346.5879036111111
 20
255.2512322222222
 30
0.0
 10
347.0641536111111
 20
254.1431572222222
 30
0.0
 10
347.0249952777777
 20
254.1047044444444
 30
0.0
 10
345.4092730555556
 20
249.6134905555555
 30
0.0
 10
345.2046619444444
 20
241.4643238888889
 30
0.0
 10
340.7423758333333
 20
239.8239072222222
 30
0.0
 10
340.6891063888889
 20
239.8239072222222
 30
0.0
 10
340.2417841666667
 20
240.9422127777777
 30
0.0
 10
340.2417841666667
 20
242.3251016666667
 30
0.0
 10
340.2417841666667
 20
243.7079905555555
 30
0.0
 10
340.2908202777778
 20
244.4844544444444
 30
0.0
 10
340.2908202777778
 20
244.8259433333333
 30
0.0
 10
340.2908202777778
 20
246.158385
 30
0.0
 10
340.2908202777778
 20
247.4908266666666
 30
0.0
 10
340.2908202777778
 20
248.8232683333333
 30
0.0
 10
339.794579537037
 20
248.8232683333333
 30
0.0
 10
339.2983387962963
 20
248.8232683333333
 30
0.0
 10
338.8020980555555
 20
248.8232683333333
 30
0.0
  0
POLYLINE
  5
10C
330
1F
100
AcDbEntity
  8
DEFAULT
 62
     1
100
AcDb2dPolyline
 66
     1
 10
0.0
 20
0.0
 30
0.0
  0
VERTEX
  5
10D
330
10C
100
AcDbEntity
  8
DEFAULT
 62
     1
100
AcDbVertex
100
AcDb2dVertex
 10
199.7648969444444
 20
272.5904363888889
 30
0.0
  0
VERTEX
  5
10E
330
10C
100
AcDbEntity
  8
DEFAULT
 62
     1
100
AcDbVertex
100
AcDb2dVertex
 10
199.7648969444444
 20
274.3680836111111
 30
0.0
  0
SEQEND
  5
10F
330
10C
100
AcDbEntity
  8
DEFAULT
 62
     1
  0
POLYLINE
  5
110
330
1F
100
AcDbEntity
  8
DEFAULT
 62
     1
100
AcDb2dPolyline
 66
     1
 10
0.0
 20
0.0
 30
0.0
  0
VERTEX
  5
111
330
110
100
AcDbEntity
  8
DEFAULT
 62
     1
100
AcDbVertex
100
AcDb2dVertex
 10
199.7648969444444
 20
274.718145
 30
0.0
  0
VERTEX
  5
112
330
110
100
AcDbEntity
  8
DEFAULT
 62
     1
100
AcDbVertex
100
AcDb2dVertex
 10
199.7648969444444
 20
276.4957922222222
 30
0.0
  0
SEQEND
  5
113
330
110
100
AcDbEntity
  8
DEFAULT
 62
     1
  0
POLYLINE
  5
114
330
1F
100
AcDbEntity
  8
DEFAULT
 62
     1
100
AcDb2dPolyline
 66
     1
 10
0.0
 20
0.0
 30
0.0
  0
VERTEX
  5
115
330
114
100
AcDbEntity
  8
DEFAULT
 62
     1
100
AcDbVertex
100
AcDb2dVertex
 10
214.0944127777778
 20
279.4909813888888
 30
0.0
  0
VERTEX
  5
116
330
114
100
AcDbEntity
  8
DEFAULT
 62
     1
100
AcDbVertex
100
AcDb2dVertex
 10
214.0944127777778
 20
281.2686286111111
 30
0.0
  0
SEQEND
  5
117
330
114
100
AcDbEntity
  8
DEFAULT
 62
     1
  0
POLYLINE
  5
118
330
1F
100
AcDbEntity
  8
DEFAULT
 62
     1
100
AcDb2dPolyline
 66
     1
 10
0.0
 20
0.0
 30
0.0
  0
VERTEX
  5
119
330
118
100
AcDbEntity
  8
DEFAULT
 62
     1
100
AcDbVertex
100
AcDb2dVertex
 10
214.0944127777778
 20
281.6186547222222
 30
0.0
  0
VERTEX
  5
11A
330
118
100
AcDbEntity
  8
DEFAULT
 62
     1
100
AcDbVertex
100
AcDb2dVertex
 10
214.0944127777778
 20
283.3959491666666
 30
0.0
  0
SEQEND
  5
11B
330
118
100
AcDbEntity
  8
DEFAULT
 62
     1
  0
POLYLINE
  5
11C
330
1F
100
AcDbEntity
  8
DEFAULT
 62
     1
100
AcDb2dPolyline
 66
     1
 10
0.0
 20
0.0
 30
0.0
  0
VERTEX
  5
11D
330
11C
100
AcDbEntity
  8
DEFAULT
 62
     1
100
AcDbVertex
100
AcDb2dVertex
 10
199.7648969444444
 20
286.3904680555556
 30
0.0
  0
VERTEX
  5
11E
330
11C
100
AcDbEntity
  8
DEFAULT
 62
     1
100
AcDbVertex
100
AcDb2dVertex
 10
199.7648969444444
 20
288.1684680555555
 30
0.0
  0
SEQEND
  5
11F
330
11C
100
AcDbEntity
  8
DEFAULT
 62
     1
  0
POLYLINE
  5
120
330
1F
100
AcDbEntity
  8
DEFAULT
 62
     1
100
AcDb2dPolyline
 66
     1
 10
0.0
 20
0.0
 30
0.0
  0
VERTEX
  5
121
330
120
100
AcDbEntity
  8
DEFAULT
 62
     1
100
AcDbVertex
100
AcDb2dVertex
 10
199.7648969444444
 20
288.5184941666666
 30
0.0
  0
VERTEX
  5
122
330
120
100
AcDbEntity
  8
DEFAULT
 62
     1
100
AcDbVertex
100
AcDb2dVertex
 10
199.7648969444444
 20
290.2957886111111
 30
0.0
  0
SEQEND
  5
123
330
120
100
AcDbEntity
  8
DEFAULT
 62
     1
  0
POLYLINE
  5
124
330
1F
100
AcDbEntity
  8
DEFAULT
 62
     7
100
AcDb2dPolyline
 66
     1
 10
0.0
 20
0.0
 30
0.0
  0
VERTEX
  5
125
330
124
100
AcDbEntity
  8
DEFAULT
 62
     7
100
AcDbVertex
100
AcDb2dVertex
 10
205.6070733333333
 20
280.8035616666666
 30
0.0
  0
VERTEX
  5
126
330
124
100
AcDbEntity
  8
DEFAULT
 62
     7
100
AcDbVertex
100
AcDb2dVertex
 10
203.4244372222222
 20
281.4650199999999
 30
0.0
  0
VERTEX
  5
127
330
124
100
AcDbEntity
  8
DEFAULT
 62
     7
100
AcDbVertex
100
AcDb2dVertex
 10
205.6070733333333
 20
282.0859088888889
 30
0.0
  0
SEQEND
  5
128
330
124
100
AcDbEntity
  8
DEFAULT
 62
     7
  0
SPLINE
  5
129
330
1F
100
AcDbEntity
  8
DEFAULT
 62
     1
100
AcDbSpline
210
0.0
220
0.0
230
1.0
 70
     8
 71
     3
 72
    86
 73
    82
 74
     0
 42
0.000000001
 43
0.0000000001
 40
0.0
 40
0.0
 40
0.0
 40
0.0
 40
14.53800000000001
 40
14.53800000000001
 40
14.53800000000001
 40
15.53800000000001
 40
15.53800000000001
 40
15.53800000000001
 40
16.53800000000001
 40
16.53800000000001
 40
16.53800000000001
 40
22.19800000000009
 40
22.19800000000009
 40
22.19800000000009
 40
30.69800000000009
 40
30.69800000000009
 40
30.69800000000009
 40
36.35800000000017
 40
36.35800000000017
 40
36.35800000000017
 40
37.35800000000017
 40
37.35800000000017
 40
37.35800000000017
 40
38.35800000000017
 40
38.35800000000017
 40
38.35800000000017
 40
39.35800000000017
 40
39.35800000000017
 40
39.35800000000017
 40
40.35800000000017
 40
40.35800000000017
 40
40.35800000000017
 40
41.35800000000017
 40
41.35800000000017
 40
41.35800000000017
 40
42.35800000000017
 40
42.35800000000017
 40
42.35800000000017
 40
48.02700000000016
 40
48.02700000000016
 40
48.02700000000016
 40
56.52700000000016
 40
56.52700000000016
 40
56.52700000000016
 40
62.19600000000014
 40
62.19600000000014
 40
62.19600000000014
 40
63.19600000000014
 40
63.19600000000014
 40
63.19600000000014
 40
64.19600000000014
 40
64.19600000000014
 40
64.19600000000014
 40
65.19600000000014
 40
65.19600000000014
 40
65.19600000000014
 40
66.19600000000014
 40
66.19600000000014
 40
66.19600000000014
 40
67.19600000000014
 40
67.19600000000014
 40
67.19600000000014
 40
68.19600000000014
 40
68.19600000000014
 40
68.19600000000014
 40
73.85600000000022
 40
73.85600000000022
 40
73.85600000000022
 40
82.35600000000022
 40
82.35600000000022
 40
82.35600000000022
 40
88.0160000000003
 40
88.0160000000003
 40
88.0160000000003
 40
89.0160000000003
 40
89.0160000000003
 40
89.0160000000003
 40
90.0160000000003
 40
90.0160000000003
 40
90.0160000000003
 40
102.5260000000003
 40
102.5260000000003
 40
102.5260000000003
 40
102.5260000000003
 10
199.7648969444444
 20
281.6245108333333
 30
0.0
 10
199.7648969444444
 20
279.9149497222222
 30
0.0
 10
199.7648969444444
 20
278.2053886111111
 30
0.0
 10
199.7648969444444
 20
276.4958275
 30
0.0
 10
199.7648969444444
 20
276.4390302777778
 30
0.0
 10
200.8832025
 20
275.9913552777778
 30
0.0
 10
202.2660913888889
 20
275.9913552777778
 30
0.0
 10
203.6489802777778
 20
275.9913552777778
 30
0.0
 10
204.4250913888889
 20
276.0403913888889
 30
0.0
 10
204.7672858333333
 20
276.0403913888889
 30
0.0
 10
205.4328599074074
 20
276.0403913888889
 30
0.0
 10
206.0984339814815
 20
276.0403913888889
 30
0.0
 10
206.7640080555555
 20
276.0403913888889
 30
0.0
 10
206.7640080555555
 20
275.0408543518519
 30
0.0
 10
206.7640080555555
 20
274.0413173148148
 30
0.0
 10
206.7640080555555
 20
273.0417802777778
 30
0.0
 10
206.0984339814815
 20
273.0417802777778
 30
0.0
 10
205.4328599074074
 20
273.0417802777778
 30
0.0
 10
204.7672858333333
 20
273.0417802777778
 30
0.0
 10
204.4250913888889
 20
273.0417802777778
 30
0.0
 10
203.6489802777778
 20
273.0915219444444
 30
0.0
 10
202.2660913888889
 20
273.0915219444444
 30
0.0
 10
200.8832025
 20
273.0915219444444
 30
0.0
 10
199.7648969444444
 20
272.6434941666666
 30
0.0
 10
199.7648969444444
 20
272.5905775
 30
0.0
 10
199.7648969444444
 20
269.1509941666666
 30
0.0
 10
200.4175358333333
 20
269.1538163888889
 30
0.0
 10
203.4020358333333
 20
269.1538163888889
 30
0.0
 10
207.1552386111111
 20
269.1538163888889
 30
0.0
 10
213.4703136111111
 20
270.0431691666666
 30
0.0
 10
214.0943775
 20
279.4944386111111
 30
0.0
 10
214.0943775
 20
279.5505302777777
 30
0.0
 10
212.9760719444444
 20
279.9950302777777
 30
0.0
 10
211.5931830555555
 20
279.9950302777777
 30
0.0
 10
210.2102941666667
 20
279.9950302777777
 30
0.0
 10
209.4341830555555
 20
279.9456413888889
 30
0.0
 10
209.0919886111111
 20
279.9456413888889
 30
0.0
 10
208.4253562037037
 20
279.9456413888889
 30
0.0
 10
207.7587237962963
 20
279.9456413888889
 30
0.0
 10
207.0920913888889
 20
279.9456413888889
 30
0.0
 10
207.0920913888889
 20
280.9451784259259
 30
0.0
 10
207.0920913888889
 20
281.9447154629629
 30
0.0
 10
207.0920913888889
 20
282.9442524999999
 30
0.0
 10
207.7587237962963
 20
282.9442524999999
 30
0.0
 10
208.4253562037037
 20
282.9442524999999
 30
0.0
 10
209.0919886111111
 20
282.9442524999999
 30
0.0
 10
209.4341830555555
 20
282.9442524999999
 30
0.0
 10
210.2102941666667
 20
282.8955691666666
 30
0.0
 10
211.5931830555555
 20
282.8955691666666
 30
0.0
 10
212.9760719444444
 20
282.8955691666666
 30
0.0
 10
214.0943775
 20
283.3428913888889
 30
0.0
 10
214.0943775
 20
283.3958080555555
 30
0.0
 10
213.4734886111111
 20
292.8498997222222
 30
0.0
 10
207.1591191666667
 20
293.7318441666666
 30
0.0
 10
203.4020358333333
 20
293.7318441666666
 30
0.0
 10
200.4175358333333
 20
293.7318441666666
 30
0.0
 10
199.7648969444444
 20
293.7353719444444
 30
0.0
 10
199.7648969444444
 20
290.2957886111111
 30
0.0
 10
199.7648969444444
 20
290.2396969444445
 30
0.0
 10
200.8832025
 20
289.7913163888888
 30
0.0
 10
202.2660913888889
 20
289.7913163888888
 30
0.0
 10
203.6489802777778
 20
289.7913163888888
 30
0.0
 10
204.4250913888889
 20
289.8414108333333
 30
0.0
 10
204.7672858333333
 20
289.8414108333333
 30
0.0
 10
205.4328599074074
 20
289.8414108333333
 30
0.0
 10
206.0984339814815
 20
289.8414108333333
 30
0.0
 10
206.7640080555555
 20
289.8414108333333
 30
0.0
 10
206.7640080555555
 20
288.8418737962963
 30
0.0
 10
206.7640080555555
 20
287.8423367592592
 30
0.0
 10
206.7640080555555
 20
286.8427997222222
 30
0.0
 10
206.0984339814815
 20
286.8427997222222
 30
0.0
 10
205.4328599074074
 20
286.8427997222222
 30
0.0
 10
204.7672858333333
 20
286.8427997222222
 30
0.0
 10
204.4250913888889
 20
286.8427997222222
 30
0.0
 10
203.6489802777778
 20
286.8925413888888
 30
0.0
 10
202.2660913888889
 20
286.8925413888888
 30
0.0
 10
200.8832025
 20
286.8925413888888
 30
0.0
 10
199.7648969444444
 20
286.4434552777777
 30
0.0
 10
199.7648969444444
 20
286.3905386111111
 30
0.0
 10
199.7648969444444
 20
284.9194552777777
 30
0.0
 10
199.7648969444444
 20
283.4483719444444
 30
0.0
 10
199.7648969444444
 20
281.9772886111111
 30
0.0
  0
POLYLINE
  5
12A
330
1F
100
AcDbEntity
  8
DEFAULT
 62
     1
100
AcDb2dPolyline
 66
     1
 10
0.0
 20
0.0
 30
0.0
  0
VERTEX
  5
12B
330
12A
100
AcDbEntity
  8
DEFAULT
 62
     1
100
AcDbVertex
100
AcDb2dVertex
 10
199.5154830555555
 20
203.4463447222222
 30
0.0
  0
VERTEX
  5
12C
330
12A
100
AcDbEntity
  8
DEFAULT
 62
     1
100
AcDbVertex
100
AcDb2dVertex
 10
199.5154830555555
 20
205.2239919444444
 30
0.0
  0
SEQEND
  5
12D
330
12A
100
AcDbEntity
  8
DEFAULT
 62
     1
  0
POLYLINE
  5
12E
330
1F
100
AcDbEntity
  8
DEFAULT
 62
     1
100
AcDb2dPolyline
 66
     1
 10
0.0
 20
0.0
 30
0.0
  0
VERTEX
  5
12F
330
12E
100
AcDbEntity
  8
DEFAULT
 62
     1
100
AcDbVertex
100
AcDb2dVertex
 10
199.5154830555555
 20
205.5740533333333
 30
0.0
  0
VERTEX
  5
130
330
12E
100
AcDbEntity
  8
DEFAULT
 62
     1
100
AcDbVertex
100
AcDb2dVertex
 10
199.5154830555555
 20
207.3517005555555
 30
0.0
  0
SEQEND
  5
131
330
12E
100
AcDbEntity
  8
DEFAULT
 62
     1
  0
POLYLINE
  5
132
330
1F
100
AcDbEntity
  8
DEFAULT
 62
     1
100
AcDb2dPolyline
 66
     1
 10
0.0
 20
0.0
 30
0.0
  0
VERTEX
  5
133
330
132
100
AcDbEntity
  8
DEFAULT
 62
     1
100
AcDbVertex
100
AcDb2dVertex
 10
214.8468172222222
 20
210.3468897222222
 30
0.0
  0
VERTEX
  5
134
330
132
100
AcDbEntity
  8
DEFAULT
 62
     1
100
AcDbVertex
100
AcDb2dVertex
 10
214.8468172222222
 20
212.1245369444444
 30
0.0
  0
SEQEND
  5
135
330
132
100
AcDbEntity
  8
DEFAULT
 62
     1
  0
POLYLINE
  5
136
330
1F
100
AcDbEntity
  8
DEFAULT
 62
     1
100
AcDb2dPolyline
 66
     1
 10
0.0
 20
0.0
 30
0.0
  0
VERTEX
  5
137
330
136
100
AcDbEntity
  8
DEFAULT
 62
     1
100
AcDbVertex
100
AcDb2dVertex
 10
214.8468172222222
 20
212.4745630555556
 30
0.0
  0
VERTEX
  5
138
330
136
100
AcDbEntity
  8
DEFAULT
 62
     1
100
AcDbVertex
100
AcDb2dVertex
 10
214.8468172222222
 20
214.2522102777778
 30
0.0
  0
SEQEND
  5
139
330
136
100
AcDbEntity
  8
DEFAULT
 62
     1
  0
POLYLINE
  5
13A
330
1F
100
AcDbEntity
  8
DEFAULT
 62
     1
100
AcDb2dPolyline
 66
     1
 10
0.0
 20
0.0
 30
0.0
  0
VERTEX
  5
13B
330
13A
100
AcDbEntity
  8
DEFAULT
 62
     1
100
AcDbVertex
100
AcDb2dVertex
 10
199.5154830555555
 20
217.2466938888889
 30
0.0
  0
VERTEX
  5
13C
330
13A
100
AcDbEntity
  8
DEFAULT
 62
     1
100
AcDbVertex
100
AcDb2dVertex
 10
199.5154830555555
 20
219.0243411111111
 30
0.0
  0
SEQEND
  5
13D
330
13A
100
AcDbEntity
  8
DEFAULT
 62
     1
  0
POLYLINE
  5
13E
330
1F
100
AcDbEntity
  8
DEFAULT
 62
     1
100
AcDb2dPolyline
 66
     1
 10
0.0
 20
0.0
 30
0.0
  0
VERTEX
  5
13F
330
13E
100
AcDbEntity
  8
DEFAULT
 62
     1
100
AcDbVertex
100
AcDb2dVertex
 10
199.5154830555555
 20
219.3744025
 30
0.0
  0
VERTEX
  5
140
330
13E
100
AcDbEntity
  8
DEFAULT
 62
     1
100
AcDbVertex
100
AcDb2dVertex
 10
199.5154830555555
 20
221.1520497222222
 30
0.0
  0
SEQEND
  5
141
330
13E
100
AcDbEntity
  8
DEFAULT
 62
     1
  0
POLYLINE
  5
142
330
1F
100
AcDbEntity
  8
DEFAULT
 62
     7
100
AcDb2dPolyline
 66
     1
 10
0.0
 20
0.0
 30
0.0
  0
VERTEX
  5
143
330
142
100
AcDbEntity
  8
DEFAULT
 62
     7
100
AcDbVertex
100
AcDb2dVertex
 10
206.0742569444444
 20
213.2262972222222
 30
0.0
  0
VERTEX
  5
144
330
142
100
AcDbEntity
  8
DEFAULT
 62
     7
100
AcDbVertex
100
AcDb2dVertex
 10
203.8916208333333
 20
213.2262972222222
 30
0.0
  0
SEQEND
  5
145
330
142
100
AcDbEntity
  8
DEFAULT
 62
     7
  0
POLYLINE
  5
146
330
1F
100
AcDbEntity
  8
DEFAULT
 62
     7
100
AcDb2dPolyline
 66
     1
 10
0.0
 20
0.0
 30
0.0
  0
VERTEX
  5
147
330
146
100
AcDbEntity
  8
DEFAULT
 62
     7
100
AcDbVertex
100
AcDb2dVertex
 10
206.0742569444444
 20
211.3707566666666
 30
0.0
  0
VERTEX
  5
148
330
146
100
AcDbEntity
  8
DEFAULT
 62
     7
100
AcDbVertex
100
AcDb2dVertex
 10
203.8916208333333
 20
212.032215
 30
0.0
  0
VERTEX
  5
149
330
146
100
AcDbEntity
  8
DEFAULT
 62
     7
100
AcDbVertex
100
AcDb2dVertex
 10
206.0742569444444
 20
212.6531038888889
 30
0.0
  0
SEQEND
  5
14A
330
146
100
AcDbEntity
  8
DEFAULT
 62
     7
  0
SPLINE
  5
14B
330
1F
100
AcDbEntity
  8
DEFAULT
 62
     1
100
AcDbSpline
210
0.0
220
0.0
230
1.0
 70
     8
 71
     3
 72
    86
 73
    82
 74
     0
 42
0.000000001
 43
0.0000000001
 40
0.0
 40
0.0
 40
0.0
 40
0.0
 40
15.32899999999995
 40
15.32899999999995
 40
15.32899999999995
 40
16.32899999999995
 40
16.32899999999995
 40
16.32899999999995
 40
17.32899999999995
 40
17.32899999999995
 40
17.32899999999995
 40
25.83799999999997
 40
25.83799999999997
 40
25.83799999999997
 40
34.33799999999997
 40
34.33799999999997
 40
34.33799999999997
 40
42.84699999999998
 40
42.84699999999998
 40
42.84699999999998
 40
43.84699999999998
 40
43.84699999999998
 40
43.84699999999998
 40
44.84699999999998
 40
44.84699999999998
 40
44.84699999999998
 40
45.84699999999998
 40
45.84699999999998
 40
45.84699999999998
 40
46.84699999999998
 40
46.84699999999998
 40
46.84699999999998
 40
47.84699999999998
 40
47.84699999999998
 40
47.84699999999998
 40
48.84699999999998
 40
48.84699999999998
 40
48.84699999999998
 40
54.51699999999994
 40
54.51699999999994
 40
54.51699999999994
 40
63.01599999999996
 40
63.01599999999996
 40
63.01599999999996
 40
68.68599999999992
 40
68.68599999999992
 40
68.68599999999992
 40
69.68599999999992
 40
69.68599999999992
 40
69.68599999999992
 40
70.68599999999992
 40
70.68599999999992
 40
70.68599999999992
 40
71.68599999999992
 40
71.68599999999992
 40
71.68599999999992
 40
72.68599999999992
 40
72.68599999999992
 40
72.68599999999992
 40
73.68599999999992
 40
73.68599999999992
 40
73.68599999999992
 40
74.68599999999992
 40
74.68599999999992
 40
74.68599999999992
 40
83.19499999999994
 40
83.19499999999994
 40
83.19499999999994
 40
91.69499999999994
 40
91.69499999999994
 40
91.69499999999994
 40
100.204
 40
100.204
 40
100.204
 40
101.204
 40
101.204
 40
101.204
 40
102.204
 40
102.204
 40
102.204
 40
113.925
 40
113.925
 40
113.925
 40
113.925
 10
199.5154830555555
 20
211.8392808333333
 30
0.0
 10
199.5154830555556
 20
213.6418576851852
 30
0.0
 10
199.5154830555556
 20
215.444434537037
 30
0.0
 10
199.5154830555555
 20
217.2470113888888
 30
0.0
 10
199.5154830555555
 20
217.2999280555555
 30
0.0
 10
200.6337886111111
 20
217.7479558333333
 30
0.0
 10
202.0166775
 20
217.7479558333333
 30
0.0
 10
203.3995663888889
 20
217.7479558333333
 30
0.0
 10
204.1753247222222
 20
217.6985669444444
 30
0.0
 10
204.5178719444444
 20
217.6985669444444
 30
0.0
 10
205.5184673148148
 20
217.6985669444444
 30
0.0
 10
206.5190626851852
 20
217.6985669444444
 30
0.0
 10
207.5196580555555
 20
217.6985669444444
 30
0.0
 10
207.5196580555555
 20
218.6981039814815
 30
0.0
 10
207.5196580555555
 20
219.6976410185185
 30
0.0
 10
207.5196580555555
 20
220.6971780555555
 30
0.0
 10
206.5190626851852
 20
220.6971780555556
 30
0.0
 10
205.5184673148148
 20
220.6971780555556
 30
0.0
 10
204.5178719444444
 20
220.6971780555555
 30
0.0
 10
204.1753247222222
 20
220.6971780555555
 30
0.0
 10
203.3995663888889
 20
220.6474363888888
 30
0.0
 10
202.0166775
 20
220.6474363888888
 30
0.0
 10
200.6337886111111
 20
220.6474363888888
 30
0.0
 10
199.5154830555555
 20
221.0922891666667
 30
0.0
 10
199.5154830555555
 20
221.1519086111111
 30
0.0
 10
199.5154830555555
 20
225.2970475
 30
0.0
 10
201.1520191666667
 20
225.2935197222222
 30
0.0
 10
204.1538052777778
 20
225.2935197222222
 30
0.0
 10
207.9112413888889
 20
225.2935197222222
 30
0.0
 10
214.2259636111111
 20
223.7691669444444
 30
0.0
 10
214.8468525
 20
214.2522808333333
 30
0.0
 10
214.8468525
 20
214.1986586111111
 30
0.0
 10
213.7285469444444
 20
213.7474558333333
 30
0.0
 10
212.3456580555556
 20
213.7474558333333
 30
0.0
 10
210.9627691666666
 20
213.7474558333333
 30
0.0
 10
210.1870108333333
 20
213.7964919444444
 30
0.0
 10
209.8444636111111
 20
213.7964919444444
 30
0.0
 10
209.1777136111111
 20
213.7964919444444
 30
0.0
 10
208.5109636111111
 20
213.7964919444444
 30
0.0
 10
207.8442136111111
 20
213.7964919444444
 30
0.0
 10
207.8442136111111
 20
212.7970724999999
 30
0.0
 10
207.8442136111111
 20
211.7976530555555
 30
0.0
 10
207.8442136111111
 20
210.7982336111111
 30
0.0
 10
208.5109636111111
 20
210.7982336111111
 30
0.0
 10
209.1777136111111
 20
210.7982336111111
 30
0.0
 10
209.8444636111111
 20
210.7982336111111
 30
0.0
 10
210.1870108333333
 20
210.7982336111111
 30
0.0
 10
210.9627691666666
 20
210.8476224999999
 30
0.0
 10
212.3456580555556
 20
210.8476224999999
 30
0.0
 10
213.7285469444444
 20
210.8476224999999
 30
0.0
 10
214.8468525
 20
210.4034752777777
 30
0.0
 10
214.8468525
 20
210.3470308333333
 30
0.0
 10
214.2259636111111
 20
200.8287336111111
 30
0.0
 10
207.9112413888889
 20
199.3047336111111
 30
0.0
 10
204.1538052777778
 20
199.3047336111111
 30
0.0
 10
201.1520191666667
 20
199.3047336111111
 30
0.0
 10
199.5154830555555
 20
199.2976780555555
 30
0.0
 10
199.5154830555555
 20
203.4463447222222
 30
0.0
 10
199.5154830555555
 20
203.4992613888889
 30
0.0
 10
200.6337886111111
 20
203.9472891666666
 30
0.0
 10
202.0166775
 20
203.9472891666666
 30
0.0
 10
203.3995663888889
 20
203.9472891666666
 30
0.0
 10
204.1753247222222
 20
203.8982530555555
 30
0.0
 10
204.5178719444444
 20
203.8982530555555
 30
0.0
 10
205.5184673148148
 20
203.8982530555555
 30
0.0
 10
206.5190626851852
 20
203.8982530555555
 30
0.0
 10
207.5196580555555
 20
203.8982530555555
 30
0.0
 10
207.5196580555555
 20
204.8977900925926
 30
0.0
 10
207.5196580555555
 20
205.8973271296296
 30
0.0
 10
207.5196580555555
 20
206.8968641666666
 30
0.0
 10
206.5190626851852
 20
206.8968641666666
 30
0.0
 10
205.5184673148148
 20
206.8968641666666
 30
0.0
 10
204.5178719444444
 20
206.8968641666666
 30
0.0
 10
204.1753247222222
 20
206.8968641666666
 30
0.0
 10
203.3995663888889
 20
206.8506502777778
 30
0.0
 10
202.0166775
 20
206.8506502777778
 30
0.0
 10
200.6337886111111
 20
206.8506502777778
 30
0.0
 10
199.5154830555555
 20
207.2951502777778
 30
0.0
 10
199.5154830555555
 20
207.3515947222222
 30
0.0
 10
199.5154830555556
 20
208.7298975
 30
0.0
 10
199.5154830555556
 20
210.1082002777777
 30
0.0
 10
199.5154830555555
 20
211.4865030555555
 30
0.0
  0
POLYLINE
  5
14C
330
1F
100
AcDbEntity
  8
DEFAULT
 62
     7
100
AcDb2dPolyline
 66
     1
 10
0.0
 20
0.0
 30
0.0
  0
VERTEX
  5
14D
330
14C
100
AcDbEntity
  8
DEFAULT
 62
     7
100
AcDbVertex
100
AcDb2dVertex
 10
223.2546052777778
 20
260.3338427777778
 30
0.0
  0
VERTEX
  5
14E
330
14C
100
AcDbEntity
  8
DEFAULT
 62
     7
100
AcDbVertex
100
AcDb2dVertex
 10
221.1855636111111
 20
261.0281094444445
 30
0.0
  0
SEQEND
  5
14F
330
14C
100
AcDbEntity
  8
DEFAULT
 62
     7
  0
POLYLINE
  5
150
330
1F
100
AcDbEntity
  8
DEFAULT
 62
     7
100
AcDb2dPolyline
 66
     1
 10
0.0
 20
0.0
 30
0.0
  0
VERTEX
  5
151
330
150
100
AcDbEntity
  8
DEFAULT
 62
     7
100
AcDbVertex
100
AcDb2dVertex
 10
222.664796111111
 20
258.5747516666666
 30
0.0
  0
VERTEX
  5
152
330
150
100
AcDbEntity
  8
DEFAULT
 62
     7
100
AcDbVertex
100
AcDb2dVertex
 10
220.8053044444444
 20
259.8962572222222
 30
0.0
  0
VERTEX
  5
153
330
150
100
AcDbEntity
  8
DEFAULT
 62
     7
100
AcDbVertex
100
AcDb2dVertex
 10
223.0726072222222
 20
259.7907766666667
 30
0.0
  0
SEQEND
  5
154
330
150
100
AcDbEntity
  8
DEFAULT
 62
     7
  0
POLYLINE
  5
155
330
1F
100
AcDbEntity
  8
DEFAULT
 62
     7
100
AcDb2dPolyline
 66
     1
 10
0.0
 20
0.0
 30
0.0
  0
VERTEX
  5
156
330
155
100
AcDbEntity
  8
DEFAULT
 62
     7
100
AcDbVertex
100
AcDb2dVertex
 10
234.7681077777778
 20
259.4129516666667
 30
0.0
  0
VERTEX
  5
157
330
155
100
AcDbEntity
  8
DEFAULT
 62
     7
100
AcDbVertex
100
AcDb2dVertex
 10
232.6457966666667
 20
259.9241266666667
 30
0.0
  0
SEQEND
  5
158
330
155
100
AcDbEntity
  8
DEFAULT
 62
     7
  0
POLYLINE
  5
159
330
1F
100
AcDbEntity
  8
DEFAULT
 62
     7
100
AcDb2dPolyline
 66
     1
 10
0.0
 20
0.0
 30
0.0
  0
VERTEX
  5
15A
330
159
100
AcDbEntity
  8
DEFAULT
 62
     7
100
AcDbVertex
100
AcDb2dVertex
 10
234.9228008333333
 20
260.0561713888889
 30
0.0
  0
VERTEX
  5
15B
330
159
100
AcDbEntity
  8
DEFAULT
 62
     7
100
AcDbVertex
100
AcDb2dVertex
 10
232.8008425
 20
260.5669936111111
 30
0.0
  0
SEQEND
  5
15C
330
159
100
AcDbEntity
  8
DEFAULT
 62
     7
  0
POLYLINE
  5
15D
330
1F
100
AcDbEntity
  8
DEFAULT
 62
     7
100
AcDb2dPolyline
 66
     1
 10
0.0
 20
0.0
 30
0.0
  0
VERTEX
  5
15E
330
15D
100
AcDbEntity
  8
DEFAULT
 62
     7
100
AcDbVertex
100
AcDb2dVertex
 10
235.0781641666667
 20
260.6993558333334
 30
0.0
  0
VERTEX
  5
15F
330
15D
100
AcDbEntity
  8
DEFAULT
 62
     7
100
AcDbVertex
100
AcDb2dVertex
 10
232.9558530555556
 20
261.2105308333333
 30
0.0
  0
SEQEND
  5
160
330
15D
100
AcDbEntity
  8
DEFAULT
 62
     7
  0
POLYLINE
  5
161
330
1F
100
AcDbEntity
  8
DEFAULT
 62
     7
100
AcDb2dPolyline
 66
     1
 10
0.0
 20
0.0
 30
0.0
  0
VERTEX
  5
162
330
161
100
AcDbEntity
  8
DEFAULT
 62
     7
100
AcDbVertex
100
AcDb2dVertex
 10
246.7725358333333
 20
259.9776077777777
 30
0.0
  0
VERTEX
  5
163
330
161
100
AcDbEntity
  8
DEFAULT
 62
     7
100
AcDbVertex
100
AcDb2dVertex
 10
244.6135358333333
 20
260.3018105555554
 30
0.0
  0
SEQEND
  5
164
330
161
100
AcDbEntity
  8
DEFAULT
 62
     7
  0
POLYLINE
  5
165
330
1F
100
AcDbEntity
  8
DEFAULT
 62
     7
100
AcDb2dPolyline
 66
     1
 10
0.0
 20
0.0
 30
0.0
  0
VERTEX
  5
166
330
165
100
AcDbEntity
  8
DEFAULT
 62
     7
100
AcDbVertex
100
AcDb2dVertex
 10
246.9685744444444
 20
261.2857077777778
 30
0.0
  0
VERTEX
  5
167
330
165
100
AcDbEntity
  8
DEFAULT
 62
     7
100
AcDbVertex
100
AcDb2dVertex
 10
244.8099272222221
 20
261.6102633333333
 30
0.0
  0
SEQEND
  5
168
330
165
100
AcDbEntity
  8
DEFAULT
 62
     7
  0
POLYLINE
  5
169
330
1F
100
AcDbEntity
  8
DEFAULT
 62
     7
100
AcDb2dPolyline
 66
     1
 10
0.0
 20
0.0
 30
0.0
  0
VERTEX
  5
16A
330
169
100
AcDbEntity
  8
DEFAULT
 62
     7
100
AcDbVertex
100
AcDb2dVertex
 10
258.8065972222222
 20
261.1820263888889
 30
0.0
  0
VERTEX
  5
16B
330
169
100
AcDbEntity
  8
DEFAULT
 62
     7
100
AcDbVertex
100
AcDb2dVertex
 10
256.6278416666667
 20
261.3167875
 30
0.0
  0
SEQEND
  5
16C
330
169
100
AcDbEntity
  8
DEFAULT
 62
     7
  0
SPLINE
  5
16D
330
1F
100
AcDbEntity
  8
DEFAULT
 62
     1
100
AcDbSpline
210
0.0
220
0.0
230
1.0
 70
     8
 71
     3
 72
    44
 73
    40
 74
     0
 42
0.000000001
 43
0.0000000001
 40
0.0
 40
0.0
 40
0.0
 40
0.0
 40
1.0
 40
1.0
 40
1.0
 40
2.0
 40
2.0
 40
2.0
 40
3.0
 40
3.0
 40
3.0
 40
4.0
 40
4.0
 40
4.0
 40
5.0
 40
5.0
 40
5.0
 40
6.0
 40
6.0
 40
6.0
 40
11.66525771699758
 40
11.66525771699758
 40
11.66525771699758
 40
20.16833251379911
 40
20.16833251379911
 40
20.16833251379911
 40
25.83516584468155
 40
25.83516584468155
 40
25.83516584468155
 40
26.83516584468155
 40
26.83516584468155
 40
26.83516584468155
 40
27.83516584468155
 40
27.83516584468155
 40
27.83516584468155
 40
28.83516584468155
 40
28.83516584468155
 40
28.83516584468155
 40
29.83516584468155
 40
29.83516584468155
 40
29.83516584468155
 40
29.83516584468155
 10
226.0151619444444
 20
285.0723844444444
 30
0.0
 10
227.9416813888889
 20
279.0504677777777
 30
0.0
 10
227.7229591666667
 20
274.9504844444444
 30
0.0
 10
228.4316897222222
 20
273.2543288888889
 30
0.0
 10
229.2399036111111
 20
271.3211066666667
 30
0.0
 10
228.6080786111111
 20
269.144115
 30
0.0
 10
227.0244591666666
 20
267.9196233333333
 30
0.0
 10
223.8706258333333
 20
265.4501788888889
 30
0.0
 10
215.4568758333333
 20
265.4219566666666
 30
0.0
 10
213.1916897222222
 20
256.1830594444444
 30
0.0
 10
212.7969313888889
 20
254.5673372222222
 30
0.0
 10
214.8359869444444
 20
252.0096983333333
 30
0.0
 10
217.0055702777778
 20
251.2790955555555
 30
0.0
 10
217.0722452777778
 20
251.2790955555555
 30
0.0
 10
217.8381258333333
 20
252.19279
 30
0.0
 10
218.2755702777778
 20
253.4910122222222
 30
0.0
 10
218.7165425
 20
254.8033455555555
 30
0.0
 10
218.9176258333333
 20
255.5515872222222
 30
0.0
 10
219.0231063888889
 20
255.8800233333333
 30
0.0
 10
219.236066574074
 20
256.5112603703704
 30
0.0
 10
219.4490267592592
 20
257.1424974074075
 30
0.0
 10
219.6619869444444
 20
257.7737344444445
 30
0.0
 10
220.6097832407407
 20
257.4551761111111
 30
0.0
 10
221.557579537037
 20
257.1366177777778
 30
0.0
 10
222.5053758333333
 20
256.8180594444444
 30
0.0
 10
222.2925332407408
 20
256.1865872222222
 30
0.0
 10
222.0796906481482
 20
255.555115
 30
0.0
 10
221.8668480555556
 20
254.9236427777778
 30
0.0
 10
221.7606619444445
 20
254.5987344444444
 30
0.0
 10
221.4643286111111
 20
253.8794205555555
 30
0.0
 10
221.0272369444444
 20
252.5670872222222
 30
0.0
 10
220.5862647222222
 20
251.2579288888889
 30
0.0
 10
220.6568202777778
 20
250.0556622222222
 30
0.0
 10
220.7062091666667
 20
250.0373177777778
 30
0.0
 10
222.8754397222222
 20
249.3070677777778
 30
0.0
 10
225.0594869444444
 20
249.9953372222222
 30
0.0
 10
225.5886536111111
 20
251.5722538888889
 30
0.0
 10
225.9237925
 20
252.4573733333333
 30
0.0
 10
224.9889313888889
 20
254.09779
 30
0.0
 10
225.5389119444444
 20
256.0204288888889
 30
0.0
  0
SPLINE
  5
16E
330
1F
100
AcDbEntity
  8
DEFAULT
 62
     1
100
AcDbSpline
210
0.0
220
0.0
230
1.0
 70
     8
 71
     3
 72
    14
 73
    10
 74
     0
 42
0.000000001
 43
0.0000000001
 40
0.0
 40
0.0
 40
0.0
 40
0.0
 40
1.0
 40
1.0
 40
1.0
 40
2.0
 40
2.0
 40
2.0
 40
3.0
 40
3.0
 40
3.0
 40
3.0
 10
233.7552475
 20
285.0685744444444
 30
0.0
 10
235.0256002777778
 20
281.3644077777777
 30
0.0
 10
237.2551558333333
 20
276.6756383333333
 30
0.0
 10
238.4119141666667
 20
276.1993883333333
 30
0.0
 10
239.4808308333333
 20
275.7622966666667
 30
0.0
 10
240.3909974999999
 20
274.9082216666666
 30
0.0
 10
240.8711280555555
 20
273.7585188888888
 30
0.0
 10
241.6786363888889
 20
271.8249438888889
 30
0.0
 10
241.0475169444444
 20
269.6486577777777
 30
0.0
 10
239.4667197222222
 20
268.424166111111
 30
0.0
  0
SPLINE
  5
16F
330
1F
100
AcDbEntity
  8
DEFAULT
 62
     1
100
AcDbSpline
210
0.0
220
0.0
230
1.0
 70
     8
 71
     3
 72
    44
 73
    40
 74
     0
 42
0.000000001
 43
0.0000000001
 40
0.0
 40
0.0
 40
0.0
 40
0.0
 40
1.0
 40
1.0
 40
1.0
 40
2.0
 40
2.0
 40
2.0
 40
3.0
 40
3.0
 40
3.0
 40
4.0
 40
4.0
 40
4.0
 40
5.0
 40
5.0
 40
5.0
 40
6.0
 40
6.0
 40
6.0
 40
7.0
 40
7.0
 40
7.0
 40
8.0
 40
8.0
 40
8.0
 40
9.0
 40
9.0
 40
9.0
 40
10.0
 40
10.0
 40
10.0
 40
11.0
 40
11.0
 40
11.0
 40
12.0
 40
12.0
 40
12.0
 40
13.0
 40
13.0
 40
13.0
 40
13.0
 10
225.9059419444444
 20
285.4034311111111
 30
0.0
 10
225.5852669444444
 20
286.3954422222222
 30
0.0
 10
225.1965058333333
 20
287.4393116666666
 30
0.0
 10
224.7417752777778
 20
288.5322172222222
 30
0.0
 10
223.5493863888889
 20
291.3865422222222
 30
0.0
 10
221.5283225
 20
289.7351894444444
 30
0.0
 10
220.4167197222222
 20
292.3926644444444
 30
0.0
 10
219.6088586111111
 20
294.3248283333333
 30
0.0
 10
217.6117836111111
 20
295.4015061111111
 30
0.0
 10
215.6295252777778
 20
295.1369227777778
 30
0.0
 10
214.1058780555555
 20
295.0487283333333
 30
0.0
 10
210.5883308333333
 20
296.1631533333333
 30
0.0
 10
207.2866836111111
 20
297.4363283333333
 30
0.0
 10
206.4537752777778
 20
297.7827561111111
 30
0.0
 10
205.9701169444444
 20
298.5126533333333
 30
0.0
 10
205.5968780555555
 20
299.4122366666667
 30
0.0
 10
204.8486363888888
 20
301.2121088888888
 30
0.0
 10
205.6953030555555
 20
303.2751533333333
 30
0.0
 10
207.4912947222222
 20
304.0262172222222
 30
0.0
 10
209.2901086111111
 20
304.7783394444444
 30
0.0
 10
211.3538586111111
 20
303.9277922222222
 30
0.0
 10
212.1056280555555
 20
302.1325061111111
 30
0.0
 10
212.5607113888889
 20
301.0494783333333
 30
0.0
 10
216.0038225
 20
299.3801338888888
 30
0.0
 10
219.7252752777778
 20
297.9408005555555
 30
0.0
 10
219.7323308333333
 20
297.9372727777778
 30
0.0
 10
219.7429141666666
 20
297.9344505555555
 30
0.0
 10
219.7503225
 20
297.93057
 30
0.0
 10
223.0452669444444
 20
296.6570422222222
 30
0.0
 10
226.5479975
 20
295.54932
 30
0.0
 10
228.0688225
 20
295.6375144444444
 30
0.0
 10
230.0510808333333
 20
295.9059783333333
 30
0.0
 10
232.0474502777778
 20
294.8261255555556
 30
0.0
 10
232.8556641666667
 20
292.8929033333333
 30
0.0
 10
233.3389697222222
 20
291.7432005555555
 30
0.0
 10
233.3072197222222
 20
290.4971894444444
 30
0.0
 10
232.8697752777778
 20
289.4286255555555
 30
0.0
 10
232.6510530555555
 20
288.8994588888888
 30
0.0
 10
233.0077113888889
 20
287.3056088888889
 30
0.0
 10
233.6427113888889
 20
285.4002561111111
 30
0.0
  0
SPLINE
  5
170
330
1F
100
AcDbEntity
  8
DEFAULT
 62
     1
100
AcDbSpline
210
0.0
220
0.0
230
1.0
 70
     8
 71
     3
 72
    32
 73
    28
 74
     0
 42
0.000000001
 43
0.0000000001
 40
0.0
 40
0.0
 40
0.0
 40
0.0
 40
1.0
 40
1.0
 40
1.0
 40
2.0
 40
2.0
 40
2.0
 40
3.0
 40
3.0
 40
3.0
 40
4.0
 40
4.0
 40
4.0
 40
5.0
 40
5.0
 40
5.0
 40
6.0
 40
6.0
 40
6.0
 40
7.0
 40
7.0
 40
7.0
 40
8.0
 40
8.0
 40
8.0
 40
9.0
 40
9.0
 40
9.0
 40
9.0
 10
246.0353008333333
 20
285.4003619444445
 30
0.0
 10
245.3159869444444
 20
287.4884536111111
 30
0.0
 10
244.8926536111111
 20
289.2770369444444
 30
0.0
 10
245.1254869444444
 20
289.8453619444444
 30
0.0
 10
245.5664591666667
 20
290.9135730555556
 30
0.0
 10
245.5943286111111
 20
292.1592313888889
 30
0.0
 10
245.1149036111111
 20
293.3131675
 30
0.0
 10
244.3066897222222
 20
295.2460369444444
 30
0.0
 10
242.3099675
 20
296.3220091666666
 30
0.0
 10
240.3277091666667
 20
296.0535452777777
 30
0.0
 10
238.8001813888889
 20
295.9653508333333
 30
0.0
 10
235.2865147222222
 20
297.0836563888889
 30
0.0
 10
231.9880425
 20
298.3575369444445
 30
0.0
 10
228.2627091666666
 20
299.7972230555555
 30
0.0
 10
224.7913758333333
 20
301.4799730555555
 30
0.0
 10
224.3394675
 20
302.5630008333333
 30
0.0
 10
223.5884036111111
 20
304.3582869444444
 30
0.0
 10
221.5281813888889
 20
305.2010730555556
 30
0.0
 10
219.7286619444445
 20
304.4503619444444
 30
0.0
 10
217.9333758333333
 20
303.6982397222222
 30
0.0
 10
217.0863563888889
 20
301.6348425
 30
0.0
 10
217.8345980555555
 20
299.8356758333333
 30
0.0
 10
218.2085425
 20
298.9470286111111
 30
0.0
 10
218.8996341666667
 20
298.2901563888889
 30
0.0
 10
219.7254869444444
 20
297.9409063888889
 30
0.0
 10
219.7321897222222
 20
297.9373786111111
 30
0.0
 10
219.7431258333333
 20
297.9342036111111
 30
0.0
 10
219.7501813888889
 20
297.9306758333333
 30
0.0
  0
SPLINE
  5
171
330
1F
100
AcDbEntity
  8
DEFAULT
 62
     1
100
AcDbSpline
210
0.0
220
0.0
230
1.0
 70
     8
 71
     3
 72
    14
 73
    10
 74
     0
 42
0.000000001
 43
0.0000000001
 40
0.0
 40
0.0
 40
0.0
 40
0.0
 40
1.0
 40
1.0
 40
1.0
 40
2.0
 40
2.0
 40
2.0
 40
3.0
 40
3.0
 40
3.0
 40
3.0
 10
251.7010883333333
 20
268.8549430555556
 30
0.0
 10
253.2850605555555
 20
270.0759069444445
 30
0.0
 10
253.9165327777777
 20
272.2521930555556
 30
0.0
 10
253.1086716666666
 20
274.1850625
 30
0.0
 10
252.6253661111111
 20
275.3389986111111
 30
0.0
 10
251.7293105555555
 20
276.1786097222222
 30
0.0
 10
250.6565133333333
 20
276.6195819444444
 30
0.0
 10
249.5420883333333
 20
277.0781930555555
 30
0.0
 10
247.436005
 20
281.4420541666667
 30
0.0
 10
246.1522466666666
 20
285.0724902777778
 30
0.0
  0
SPLINE
  5
172
330
1F
100
AcDbEntity
  8
DEFAULT
 62
     1
100
AcDbSpline
210
0.0
220
0.0
230
1.0
 70
     8
 71
     3
 72
    26
 73
    22
 74
     0
 42
0.000000001
 43
0.0000000001
 40
0.0
 40
0.0
 40
0.0
 40
0.0
 40
1.0
 40
1.0
 40
1.0
 40
2.0
 40
2.0
 40
2.0
 40
3.009999999999991
 40
3.009999999999991
 40
3.009999999999991
 40
4.009999999999991
 40
4.009999999999991
 40
4.009999999999991
 40
5.009999999999991
 40
5.009999999999991
 40
5.009999999999991
 40
6.009999999999991
 40
6.009999999999991
 40
6.009999999999991
 40
7.009999999999991
 40
7.009999999999991
 40
7.009999999999991
 40
7.009999999999991
 10
230.1816438888889
 20
303.2066791666667
 30
0.0
 10
230.54818
 20
303.9334013888889
 30
0.0
 10
231.1655411111111
 20
304.5331236111111
 30
0.0
 10
231.973755
 20
304.8721430555556
 30
0.0
 10
233.7732744444444
 20
305.6270875
 30
0.0
 10
235.8366716666666
 20
304.7768930555555
 30
0.0
 10
236.5880883333333
 20
302.9812541666666
 30
0.0
 10
237.0392911111111
 20
301.8978736111111
 30
0.0
 10
240.5109772222222
 20
300.2115958333333
 30
0.0
 10
244.2363105555555
 20
298.7750847222222
 30
0.0
 10
247.5383105555555
 20
297.4983819444444
 30
0.0
 10
251.0452744444444
 20
296.3871319444444
 30
0.0
 10
252.5689216666667
 20
296.4753263888888
 30
0.0
 10
254.5515327777778
 20
296.7466125
 30
0.0
 10
256.548255
 20
295.6678180555555
 30
0.0
 10
257.3561161111111
 20
293.7310680555556
 30
0.0
 10
257.8394216666666
 20
292.5810125
 30
0.0
 10
257.8080244444444
 20
291.3395875
 30
0.0
 10
257.3702272222222
 20
290.2632625
 30
0.0
 10
257.1197549999999
 20
289.6561319444444
 30
0.0
 10
257.6175244444444
 20
287.6671708333333
 30
0.0
 10
258.4285605555555
 20
285.4055125
 30
0.0
  0
SPLINE
  5
173
330
1F
100
AcDbEntity
  8
DEFAULT
 62
     1
100
AcDbSpline
210
0.0
220
0.0
230
1.0
 70
     8
 71
     3
 72
    11
 73
     7
 74
     0
 42
0.000000001
 43
0.0000000001
 40
0.0
 40
0.0
 40
0.0
 40
0.0
 40
1.0
 40
1.0
 40
1.0
 40
2.0
 40
2.0
 40
2.0
 40
2.0
 10
230.0407444444444
 20
302.8852280555556
 30
0.0
 10
229.7264194444444
 20
302.0667836111111
 30
0.0
 10
229.7161888888889
 20
301.1291002777778
 30
0.0
 10
230.0791972222222
 20
300.2538586111111
 30
0.0
 10
230.4534944444444
 20
299.3574502777778
 30
0.0
 10
231.1484666666666
 20
298.6984613888889
 30
0.0
 10
231.9880777777777
 20
298.3559141666667
 30
0.0
  0
SPLINE
  5
174
330
1F
100
AcDbEntity
  8
DEFAULT
 62
     1
100
AcDbSpline
210
0.0
220
0.0
230
1.0
 70
     8
 71
     3
 72
    14
 73
    10
 74
     0
 42
0.000000001
 43
0.0000000001
 40
0.0
 40
0.0
 40
0.0
 40
0.0
 40
1.0
 40
1.0
 40
1.0
 40
2.0
 40
2.0
 40
2.0
 40
3.0
 40
3.0
 40
3.0
 40
3.0
 10
263.9497797222222
 20
269.267305
 30
0.0
 10
265.5333991666666
 20
270.4953244444444
 30
0.0
 10
266.1616963888889
 20
272.6684355555555
 30
0.0
 10
265.3534825
 20
274.6016577777777
 30
0.0
 10
264.8737047222222
 20
275.755241111111
 30
0.0
 10
263.9674186111111
 20
276.6057883333333
 30
0.0
 10
262.8949741666667
 20
277.0467605555555
 30
0.0
 10
261.8257047222222
 20
277.4877327777778
 30
0.0
 10
259.8399186111111
 20
281.5365633333333
 30
0.0
 10
258.5452241666666
 20
285.0724549999999
 30
0.0
  0
SPLINE
  5
175
330
1F
100
AcDbEntity
  8
DEFAULT
 62
     1
100
AcDbSpline
210
0.0
220
0.0
230
1.0
 70
     8
 71
     3
 72
    29
 73
    25
 74
     0
 42
0.000000001
 43
0.0000000001
 40
0.0
 40
0.0
 40
0.0
 40
0.0
 40
1.001249999999999
 40
1.001249999999999
 40
1.001249999999999
 40
2.002499999999998
 40
2.002499999999998
 40
2.002499999999998
 40
3.003749999999997
 40
3.003749999999997
 40
3.003749999999997
 40
4.004999999999995
 40
4.004999999999995
 40
4.004999999999995
 40
5.006249999999994
 40
5.006249999999994
 40
5.006249999999994
 40
6.007499999999993
 40
6.007499999999993
 40
6.007499999999993
 40
7.008749999999992
 40
7.008749999999992
 40
7.008749999999992
 40
8.009999999999991
 40
8.009999999999991
 40
8.009999999999991
 40
8.009999999999991
 10
270.8217144444444
 20
285.4003619444445
 30
0.0
 10
269.9256588888888
 20
287.8377036111111
 30
0.0
 10
269.3467505555555
 20
290.0460925
 30
0.0
 10
269.6116866666666
 20
290.6920286111111
 30
0.0
 10
270.0494838888889
 20
291.7605925
 30
0.0
 10
270.0808811111111
 20
293.0062508333333
 30
0.0
 10
269.6011033333333
 20
294.1563063888889
 30
0.0
 10
268.7932422222222
 20
296.0888230555556
 30
0.0
 10
266.7961672222222
 20
297.1686758333333
 30
0.0
 10
264.8103811111111
 20
296.9009175
 30
0.0
 10
263.286381111111
 20
296.8127230555555
 30
0.0
 10
259.7762422222222
 20
297.9200925
 30
0.0
 10
256.4742422222222
 20
299.1971480555555
 30
0.0
 10
252.7524366666666
 20
300.6361286111111
 30
0.0
 10
249.2811033333333
 20
302.3153508333333
 30
0.0
 10
248.8295477777777
 20
303.3987313888889
 30
0.0
 10
248.0781311111111
 20
305.1943702777778
 30
0.0
 10
246.014381111111
 20
306.0445647222222
 30
0.0
 10
244.2152144444444
 20
305.2935008333333
 30
0.0
 10
242.4192227777777
 20
304.5417313888889
 30
0.0
 10
241.5693811111111
 20
302.4779813888888
 30
0.0
 10
242.3207977777778
 20
300.6791674999999
 30
0.0
 10
242.695095
 20
299.7792313888889
 30
0.0
 10
243.3967699999999
 20
299.1198897222222
 30
0.0
 10
244.2363811111111
 20
298.7738147222222
 30
0.0
  0
SPLINE
  5
176
330
1F
100
AcDbEntity
  8
DEFAULT
 62
     1
100
AcDbSpline
210
0.0
220
0.0
230
1.0
 70
     8
 71
     3
 72
    47
 73
    43
 74
     0
 42
0.000000001
 43
0.0000000001
 40
0.0
 40
0.0
 40
0.0
 40
0.0
 40
1.0
 40
1.0
 40
1.0
 40
2.0
 40
2.0
 40
2.0
 40
3.0
 40
3.0
 40
3.0
 40
4.0
 40
4.0
 40
4.0
 40
9.67274580780775
 40
9.67274580780775
 40
9.67274580780775
 40
18.17946015589774
 40
18.17946015589774
 40
18.17946015589774
 40
23.83885809207437
 40
23.83885809207437
 40
23.83885809207437
 40
24.83885809207437
 40
24.83885809207437
 40
24.83885809207437
 40
25.83885809207437
 40
25.83885809207437
 40
25.83885809207437
 40
26.83885809207437
 40
26.83885809207437
 40
26.83885809207437
 40
27.83885809207437
 40
27.83885809207437
 40
27.83885809207437
 40
28.83885809207437
 40
28.83885809207437
 40
28.83885809207437
 40
29.83885809207437
 40
29.83885809207437
 40
29.83885809207437
 40
30.83885809207437
 40
30.83885809207437
 40
30.83885809207437
 40
30.83885809207437
 10
263.9497797222222
 20
269.267305
 30
0.0
 10
260.7959463888889
 20
266.7978605555555
 30
0.0
 10
251.8671408333333
 20
265.1323966666666
 30
0.0
 10
250.3780658333333
 20
255.7382772222222
 30
0.0
 10
250.2757602777778
 20
254.0766938888889
 30
0.0
 10
252.8866686111111
 20
251.8859438888888
 30
0.0
 10
255.1687880555556
 20
251.7451855555555
 30
0.0
 10
255.2255852777778
 20
251.7451855555555
 30
0.0
 10
255.7402880555556
 20
252.8349161111111
 30
0.0
 10
255.8249547222222
 20
254.2111022222222
 30
0.0
 10
255.9099741666667
 20
255.5901105555555
 30
0.0
 10
255.9099741666667
 20
256.3662216666666
 30
0.0
 10
255.9311408333333
 20
256.708416111111
 30
0.0
 10
255.9721806481481
 20
257.3742253703703
 30
0.0
 10
256.0132204629629
 20
258.0400346296296
 30
0.0
 10
256.0542602777778
 20
258.7058438888889
 30
0.0
 10
257.0526213888889
 20
258.643167037037
 30
0.0
 10
258.0509825
 20
258.5804901851851
 30
0.0
 10
259.0493436111111
 20
258.5178133333333
 30
0.0
 10
259.0071278703704
 20
257.8536503703703
 30
0.0
 10
258.9649121296297
 20
257.1894874074073
 30
0.0
 10
258.9226963888889
 20
256.5253244444444
 30
0.0
 10
258.9011769444444
 20
256.18313
 30
0.0
 10
258.8062797222222
 20
255.4105466666666
 30
0.0
 10
258.7216130555555
 20
254.0315383333333
 30
0.0
 10
258.6334186111111
 20
252.6514716666666
 30
0.0
 10
259.0144186111111
 20
251.5049438888888
 30
0.0
 10
259.0631019444444
 20
251.5049438888888
 30
0.0
 10
261.3498075
 20
251.360305
 30
0.0
 10
262.4324825
 20
253.322455
 30
0.0
 10
262.5386686111111
 20
254.9833327777777
 30
0.0
 10
264.0270380555556
 20
264.3749827777777
 30
0.0
 10
273.0299269444445
 20
267.2250744444444
 30
0.0
 10
276.1841130555555
 20
269.6980466666666
 30
0.0
 10
277.7680852777777
 20
270.9218327777778
 30
0.0
 10
278.3995575
 20
273.0949438888888
 30
0.0
 10
277.5916963888889
 20
275.0285188888889
 30
0.0
 10
277.1080380555555
 20
276.1817494444444
 30
0.0
 10
276.2013991666666
 20
277.0354716666666
 30
0.0
 10
275.1324825
 20
277.4732688888888
 30
0.0
 10
274.1062519444444
 20
277.8966022222222
 30
0.0
 10
272.2361769444444
 20
281.64663
 30
0.0
 10
270.9453630555556
 20
285.0759827777777
 30
0.0
  0
SPLINE
  5
177
330
1F
100
AcDbEntity
  8
DEFAULT
 62
     1
100
AcDbSpline
210
0.0
220
0.0
230
1.0
 70
     8
 71
     3
 72
     8
 73
     4
 74
     0
 42
0.000000001
 43
0.0000000001
 40
0.0
 40
0.0
 40
0.0
 40
0.0
 40
1.0
 40
1.0
 40
1.0
 40
1.0
 10
238.6021319444444
 20
285.0968319444444
 30
0.0
 10
240.3699013888888
 20
279.3317375
 30
0.0
 10
240.1829291666666
 20
275.4056736111111
 30
0.0
 10
240.8711986111111
 20
273.7585541666667
 30
0.0
  0
SPLINE
  5
178
330
1F
100
AcDbEntity
  8
DEFAULT
 62
     1
100
AcDbSpline
210
0.0
220
0.0
230
1.0
 70
     8
 71
     3
 72
    11
 73
     7
 74
     0
 42
0.000000001
 43
0.0000000001
 40
0.0
 40
0.0
 40
0.0
 40
0.0
 40
1.0
 40
1.0
 40
1.0
 40
2.0
 40
2.0
 40
2.0
 40
2.0
 10
232.8557347222222
 20
292.8930797222222
 30
0.0
 10
233.9669847222222
 20
290.2366630555555
 30
0.0
 10
235.9884013888889
 20
291.8876630555555
 30
0.0
 10
237.1807902777777
 20
289.0372186111111
 30
0.0
 10
237.7099569444444
 20
287.7672186111111
 30
0.0
 10
238.1438736111111
 20
286.5638936111111
 30
0.0
 10
238.5001791666666
 20
285.4321825
 30
0.0
  0
SPLINE
  5
179
330
1F
100
AcDbEntity
  8
DEFAULT
 62
     1
100
AcDbSpline
210
0.0
220
0.0
230
1.0
 70
     8
 71
     3
 72
     8
 73
     4
 74
     0
 42
0.000000001
 43
0.0000000001
 40
0.0
 40
0.0
 40
0.0
 40
0.0
 40
1.0
 40
1.0
 40
1.0
 40
1.0
 10
263.3534441666666
 20
285.0437741666667
 30
0.0
 10
264.8351108333333
 20
279.7729213888888
 30
0.0
 10
264.7010552777778
 20
276.1647102777778
 30
0.0
 10
265.3536941666666
 20
274.6015519444444
 30
0.0
  0
SPLINE
  5
17A
330
1F
100
AcDbEntity
  8
DEFAULT
 62
     1
100
AcDbSpline
210
0.0
220
0.0
230
1.0
 70
     8
 71
     3
 72
    11
 73
     7
 74
     0
 42
0.000000001
 43
0.0000000001
 40
0.0
 40
0.0
 40
0.0
 40
0.0
 40
1.0
 40
1.0
 40
1.0
 40
2.0
 40
2.0
 40
2.0
 40
2.0
 10
257.3562219444444
 20
293.7323027777778
 30
0.0
 10
258.4674719444444
 20
291.0765916666666
 30
0.0
 10
260.4677219444444
 20
292.7374694444444
 30
0.0
 10
261.6601108333333
 20
289.8838499999999
 30
0.0
 10
262.3339163888888
 20
288.2755361111111
 30
0.0
 10
262.8489719444444
 20
286.7684694444444
 30
0.0
 10
263.2546663888889
 20
285.378525
 30
0.0
  0
SPLINE
  5
17B
330
1F
100
AcDbEntity
  8
DEFAULT
 62
     1
100
AcDbSpline
210
0.0
220
0.0
230
1.0
 70
     8
 71
     3
 72
     8
 73
     4
 74
     0
 42
0.000000001
 43
0.0000000001
 40
0.0
 40
0.0
 40
0.0
 40
0.0
 40
1.0
 40
1.0
 40
1.0
 40
1.0
 10
250.9814216666666
 20
285.0685744444444
 30
0.0
 10
252.6010244444444
 20
279.5546577777778
 30
0.0
 10
252.4383938888889
 20
275.7936938888889
 30
0.0
 10
253.1086716666666
 20
274.1850272222222
 30
0.0
  0
SPLINE
  5
17C
330
1F
100
AcDbEntity
  8
DEFAULT
 62
     1
100
AcDbSpline
210
0.0
220
0.0
230
1.0
 70
     8
 71
     3
 72
    11
 73
     7
 74
     0
 42
0.000000001
 43
0.0000000001
 40
0.0
 40
0.0
 40
0.0
 40
0.0
 40
1.0
 40
1.0
 40
1.0
 40
2.0
 40
2.0
 40
2.0
 40
2.0
 10
245.1147625
 20
293.3130263888888
 30
0.0
 10
246.2260125
 20
290.6569625
 30
0.0
 10
248.2297902777778
 20
292.3111375
 30
0.0
 10
249.4218263888888
 20
289.4603402777777
 30
0.0
 10
250.0219013888888
 20
288.0213597222222
 30
0.0
 10
250.5020319444444
 20
286.6702208333333
 30
0.0
 10
250.8830319444444
 20
285.4033958333333
 30
0.0
  0
SPLINE
  5
17D
330
1F
100
AcDbEntity
  8
DEFAULT
 62
     1
100
AcDbSpline
210
0.0
220
0.0
230
1.0
 70
     8
 71
     3
 72
    38
 73
    34
 74
     0
 42
0.000000001
 43
0.0000000001
 40
0.0
 40
0.0
 40
0.0
 40
0.0
 40
1.0
 40
1.0
 40
1.0
 40
2.0
 40
2.0
 40
2.0
 40
3.0
 40
3.0
 40
3.0
 40
4.0
 40
4.0
 40
4.0
 40
9.667038203506337
 40
9.667038203506337
 40
9.667038203506337
 40
18.16457914191901
 40
18.16457914191901
 40
18.16457914191901
 40
23.82943862826116
 40
23.82943862826116
 40
23.82943862826116
 40
24.82943862826116
 40
24.82943862826116
 40
24.82943862826116
 40
25.82943862826116
 40
25.82943862826116
 40
25.82943862826116
 40
26.82943862826116
 40
26.82943862826116
 40
26.82943862826116
 40
27.82943862826116
 40
27.82943862826116
 40
27.82943862826116
 40
27.82943862826116
 10
239.4651322222222
 20
268.4243072222222
 30
0.0
 10
236.3116516666667
 20
265.9527461111111
 30
0.0
 10
227.02901
 20
265.4158183333333
 30
0.0
 10
225.5378183333333
 20
256.0213461111111
 30
0.0
 10
225.1479988888888
 20
254.4031544444444
 30
0.0
 10
227.4791544444444
 20
251.9298294444444
 30
0.0
 10
229.7037711111111
 20
251.3929016666666
 30
0.0
 10
229.7588044444444
 20
251.3791433333333
 30
0.0
 10
230.4523655555555
 20
252.3626877777778
 30
0.0
 10
230.7769211111111
 20
253.7064183333333
 30
0.0
 10
231.1018294444444
 20
255.05156
 30
0.0
 10
231.235885
 20
255.8174405555555
 30
0.0
 10
231.3159655555556
 20
256.1497572222222
 30
0.0
 10
231.4722461111111
 20
256.7975748148148
 30
0.0
 10
231.6285266666667
 20
257.4453924074074
 30
0.0
 10
231.7848072222222
 20
258.09321
 30
0.0
 10
232.7562396296296
 20
257.8590831481482
 30
0.0
 10
233.727672037037
 20
257.6249562962963
 30
0.0
 10
234.6991044444444
 20
257.3908294444444
 30
0.0
 10
234.5429414814814
 20
256.743247037037
 30
0.0
 10
234.3867785185185
 20
256.0956646296296
 30
0.0
 10
234.2306155555555
 20
255.4480822222222
 30
0.0
 10
234.1508877777778
 20
255.1143544444444
 30
0.0
 10
233.9212294444444
 20
254.3706988888889
 30
0.0
 10
233.5973794444444
 20
253.0273211111111
 30
0.0
 10
233.274235
 20
251.6839433333333
 30
0.0
 10
233.4478016666667
 20
250.4901433333333
 30
0.0
 10
233.4993072222222
 20
250.4781488888889
 30
0.0
 10
235.7239238888889
 20
249.9408683333333
 30
0.0
 10
237.8388266666666
 20
250.8171683333333
 30
0.0
 10
238.2311155555555
 20
252.43536
 30
0.0
 10
238.4381961111111
 20
253.206885
 30
0.0
 10
237.7344044444445
 20
254.6187016666666
 30
0.0
 10
237.9340766666666
 20
255.8721211111111
 30
0.0
  0
SPLINE
  5
17E
330
1F
100
AcDbEntity
  8
DEFAULT
 62
     1
100
AcDbSpline
210
0.0
220
0.0
230
1.0
 70
     8
 71
     3
 72
    26
 73
    22
 74
     0
 42
0.000000001
 43
0.0000000001
 40
0.0
 40
0.0
 40
0.0
 40
0.0
 40
3.893592300177443
 40
3.893592300177443
 40
3.893592300177443
 40
9.566131414189826
 40
9.566131414189826
 40
9.566131414189826
 40
10.56613141418983
 40
10.56613141418983
 40
10.56613141418983
 40
11.56613141418983
 40
11.56613141418983
 40
11.56613141418983
 40
12.56613141418983
 40
12.56613141418983
 40
12.56613141418983
 40
13.56613141418983
 40
13.56613141418983
 40
13.56613141418983
 40
14.56613141418983
 40
14.56613141418983
 40
14.56613141418983
 40
14.56613141418983
 10
245.2735830555556
 20
258.1989022222222
 30
0.0
 10
244.8208515740741
 20
258.2672235185184
 30
0.0
 10
244.3681200925926
 20
258.3355448148147
 30
0.0
 10
243.9153886111111
 20
258.4038661111111
 30
0.0
 10
243.8166108333333
 20
257.7441716666667
 30
0.0
 10
243.7178330555555
 20
257.0844772222222
 30
0.0
 10
243.6190552777777
 20
256.4247827777778
 30
0.0
 10
243.5657858333333
 20
256.0857633333333
 30
0.0
 10
243.4991108333333
 20
255.3135327777777
 30
0.0
 10
243.2944997222222
 20
253.944755
 30
0.0
 10
243.0898886111111
 20
252.5830327777777
 30
0.0
 10
242.4866386111111
 20
251.5458661111111
 30
0.0
 10
242.4266663888888
 20
251.5458661111111
 30
0.0
 10
240.2218052777777
 20
251.881005
 30
0.0
 10
237.8052775
 20
254.1137355555555
 30
0.0
 10
237.9213413888889
 20
255.75133
 30
0.0
 10
237.9252219444444
 20
255.78943
 30
0.0
 10
237.9287497222222
 20
255.8324688888889
 30
0.0
 10
237.9358052777778
 20
255.8705688888888
 30
0.0
 10
239.4245275
 20
265.2692744444444
 30
0.0
 10
248.5508886111111
 20
266.3801716666666
 30
0.0
 10
251.7011941666667
 20
268.8534966666666
 30
0.0
  0
SPLINE
  5
17F
330
1F
100
AcDbEntity
  8
DEFAULT
 62
     1
100
AcDbSpline
210
0.0
220
0.0
230
1.0
 70
     8
 71
     3
 72
    23
 73
    19
 74
     0
 42
0.000000001
 43
0.0000000001
 40
0.0
 40
0.0
 40
0.0
 40
0.0
 40
1.000752765992264
 40
1.000752765992264
 40
1.000752765992264
 40
2.001505531984529
 40
2.001505531984529
 40
2.001505531984529
 40
3.002258297976793
 40
3.002258297976793
 40
3.002258297976793
 40
4.003011063969057
 40
4.003011063969057
 40
4.003011063969057
 40
9.672405853491671
 40
9.672405853491671
 40
9.672405853491671
 40
13.29434082138937
 40
13.29434082138937
 40
13.29434082138937
 40
13.29434082138937
 10
250.3781716666666
 20
255.7363369444444
 30
0.0
 10
250.2582272222222
 20
254.9253008333333
 30
0.0
 10
250.9002827777778
 20
254.1135591666666
 30
0.0
 10
250.8297272222222
 20
253.3314508333333
 30
0.0
 10
250.579255
 20
251.6839786111111
 30
0.0
 10
248.5507827777778
 20
250.6256452777778
 30
0.0
 10
246.2859494444444
 20
250.9667813888889
 30
0.0
 10
246.2330327777777
 20
250.9738369444444
 30
0.0
 10
245.9582188888889
 20
252.1485869444444
 30
0.0
 10
246.16283
 20
253.5141897222222
 30
0.0
 10
246.3709688888889
 20
254.8826147222222
 30
0.0
 10
246.5332466666666
 20
255.6410869444445
 30
0.0
 10
246.5822827777777
 20
255.9801063888889
 30
0.0
 10
246.6822364814815
 20
256.6387425
 30
0.0
 10
246.7821901851852
 20
257.2973786111111
 30
0.0
 10
246.8821438888889
 20
257.9560147222222
 30
0.0
 10
246.46128
 20
258.0192795370371
 30
0.0
 10
246.0404161111111
 20
258.0825443518519
 30
0.0
 10
245.6195522222222
 20
258.1458091666667
 30
0.0
  0
POLYLINE
  5
180
330
1F
100
AcDbEntity
  8
DEFAULT
 62
     7
100
AcDb2dPolyline
 66
     1
 10
0.0
 20
0.0
 30
0.0
  0
VERTEX
  5
181
330
180
100
AcDbEntity
  8
DEFAULT
 62
     7
100
AcDbVertex
100
AcDb2dVertex
 10
223.2546052777777
 20
233.295331111111
 30
0.0
  0
VERTEX
  5
182
330
180
100
AcDbEntity
  8
DEFAULT
 62
     7
100
AcDbVertex
100
AcDb2dVertex
 10
221.1855636111111
 20
232.6007116666666
 30
0.0
  0
SEQEND
  5
183
330
180
100
AcDbEntity
  8
DEFAULT
 62
     7
  0
POLYLINE
  5
184
330
1F
100
AcDbEntity
  8
DEFAULT
 62
     7
100
AcDb2dPolyline
 66
     1
 10
0.0
 20
0.0
 30
0.0
  0
VERTEX
  5
185
330
184
100
AcDbEntity
  8
DEFAULT
 62
     7
100
AcDbVertex
100
AcDb2dVertex
 10
222.6647961111111
 20
235.0547397222222
 30
0.0
  0
VERTEX
  5
186
330
184
100
AcDbEntity
  8
DEFAULT
 62
     7
100
AcDbVertex
100
AcDb2dVertex
 10
220.8056572222222
 20
233.7332341666667
 30
0.0
  0
VERTEX
  5
187
330
184
100
AcDbEntity
  8
DEFAULT
 62
     7
100
AcDbVertex
100
AcDb2dVertex
 10
223.0726072222222
 20
233.8383619444444
 30
0.0
  0
SEQEND
  5
188
330
184
100
AcDbEntity
  8
DEFAULT
 62
     7
  0
POLYLINE
  5
189
330
1F
100
AcDbEntity
  8
DEFAULT
 62
     7
100
AcDb2dPolyline
 66
     1
 10
0.0
 20
0.0
 30
0.0
  0
VERTEX
  5
18A
330
189
100
AcDbEntity
  8
DEFAULT
 62
     7
100
AcDbVertex
100
AcDb2dVertex
 10
234.7681077777778
 20
234.2158694444444
 30
0.0
  0
VERTEX
  5
18B
330
189
100
AcDbEntity
  8
DEFAULT
 62
     7
100
AcDbVertex
100
AcDb2dVertex
 10
232.6457966666667
 20
233.7046944444444
 30
0.0
  0
SEQEND
  5
18C
330
189
100
AcDbEntity
  8
DEFAULT
 62
     7
  0
POLYLINE
  5
18D
330
1F
100
AcDbEntity
  8
DEFAULT
 62
     7
100
AcDb2dPolyline
 66
     1
 10
0.0
 20
0.0
 30
0.0
  0
VERTEX
  5
18E
330
18D
100
AcDbEntity
  8
DEFAULT
 62
     7
100
AcDbVertex
100
AcDb2dVertex
 10
234.9231183333333
 20
233.5733552777777
 30
0.0
  0
VERTEX
  5
18F
330
18D
100
AcDbEntity
  8
DEFAULT
 62
     7
100
AcDbVertex
100
AcDb2dVertex
 10
232.8008072222222
 20
233.0618274999999
 30
0.0
  0
SEQEND
  5
190
330
18D
100
AcDbEntity
  8
DEFAULT
 62
     7
  0
POLYLINE
  5
191
330
1F
100
AcDbEntity
  8
DEFAULT
 62
     7
100
AcDb2dPolyline
 66
     1
 10
0.0
 20
0.0
 30
0.0
  0
VERTEX
  5
192
330
191
100
AcDbEntity
  8
DEFAULT
 62
     7
100
AcDbVertex
100
AcDb2dVertex
 10
235.0781641666666
 20
232.9294652777778
 30
0.0
  0
VERTEX
  5
193
330
191
100
AcDbEntity
  8
DEFAULT
 62
     7
100
AcDbVertex
100
AcDb2dVertex
 10
232.9558530555556
 20
232.4186430555556
 30
0.0
  0
SEQEND
  5
194
330
191
100
AcDbEntity
  8
DEFAULT
 62
     7
  0
POLYLINE
  5
195
330
1F
100
AcDbEntity
  8
DEFAULT
 62
     7
100
AcDb2dPolyline
 66
     1
 10
0.0
 20
0.0
 30
0.0
  0
VERTEX
  5
196
330
195
100
AcDbEntity
  8
DEFAULT
 62
     7
100
AcDbVertex
100
AcDb2dVertex
 10
246.7721830555555
 20
233.6515661111111
 30
0.0
  0
VERTEX
  5
197
330
195
100
AcDbEntity
  8
DEFAULT
 62
     7
100
AcDbVertex
100
AcDb2dVertex
 10
244.6135358333333
 20
233.3270105555555
 30
0.0
  0
SEQEND
  5
198
330
195
100
AcDbEntity
  8
DEFAULT
 62
     7
  0
POLYLINE
  5
199
330
1F
100
AcDbEntity
  8
DEFAULT
 62
     7
100
AcDb2dPolyline
 66
     1
 10
0.0
 20
0.0
 30
0.0
  0
VERTEX
  5
19A
330
199
100
AcDbEntity
  8
DEFAULT
 62
     7
100
AcDbVertex
100
AcDb2dVertex
 10
246.9685744444444
 20
232.3431133333333
 30
0.0
  0
VERTEX
  5
19B
330
199
100
AcDbEntity
  8
DEFAULT
 62
     7
100
AcDbVertex
100
AcDb2dVertex
 10
244.8099272222221
 20
232.0185577777778
 30
0.0
  0
SEQEND
  5
19C
330
199
100
AcDbEntity
  8
DEFAULT
 62
     7
  0
POLYLINE
  5
19D
330
1F
100
AcDbEntity
  8
DEFAULT
 62
     7
100
AcDb2dPolyline
 66
     1
 10
0.0
 20
0.0
 30
0.0
  0
VERTEX
  5
19E
330
19D
100
AcDbEntity
  8
DEFAULT
 62
     7
100
AcDbVertex
100
AcDb2dVertex
 10
258.8065972222222
 20
232.4475002777777
 30
0.0
  0
VERTEX
  5
19F
330
19D
100
AcDbEntity
  8
DEFAULT
 62
     7
100
AcDbVertex
100
AcDb2dVertex
 10
256.6278416666667
 20
232.312033611111
 30
0.0
  0
SEQEND
  5
1A0
330
19D
100
AcDbEntity
  8
DEFAULT
 62
     7
  0
SPLINE
  5
1A1
330
1F
100
AcDbEntity
  8
DEFAULT
 62
     1
100
AcDbSpline
210
0.0
220
0.0
230
1.0
 70
     8
 71
     3
 72
    44
 73
    40
 74
     0
 42
0.000000001
 43
0.0000000001
 40
0.0
 40
0.0
 40
0.0
 40
0.0
 40
1.0
 40
1.0
 40
1.0
 40
2.0
 40
2.0
 40
2.0
 40
3.0
 40
3.0
 40
3.0
 40
4.0
 40
4.0
 40
4.0
 40
5.0
 40
5.0
 40
5.0
 40
6.0
 40
6.0
 40
6.0
 40
7.0
 40
7.0
 40
7.0
 40
8.0
 40
8.0
 40
8.0
 40
9.0
 40
9.0
 40
9.0
 40
10.0
 40
10.0
 40
10.0
 40
11.0
 40
11.0
 40
11.0
 40
12.0
 40
12.0
 40
12.0
 40
13.0
 40
13.0
 40
13.0
 40
13.0
 10
225.9093638888889
 20
208.2284944444444
 30
0.0
 10
225.5848083333333
 20
207.2336611111111
 30
0.0
 10
225.2002805555556
 20
206.1890861111111
 30
0.0
 10
224.7416694444445
 20
205.095475
 30
0.0
 10
223.5496333333333
 20
202.2450305555555
 30
0.0
 10
221.5278638888889
 20
203.8960305555556
 30
0.0
 10
220.4173194444444
 20
201.2364388888889
 30
0.0
 10
219.6091055555555
 20
199.3063916666666
 30
0.0
 10
217.6120305555555
 20
198.2272444444444
 30
0.0
 10
215.6297722222222
 20
198.4953555555555
 30
0.0
 10
214.1054194444444
 20
198.58355
 30
0.0
 10
210.588225
 20
197.4652444444444
 30
0.0
 10
207.2865777777778
 20
196.1913638888889
 30
0.0
 10
206.4540222222222
 20
195.8495222222222
 30
0.0
 10
205.9703638888889
 20
195.1157444444445
 30
0.0
 10
205.5967722222222
 20
194.2193361111111
 30
0.0
 10
204.8488833333333
 20
192.4169944444444
 30
0.0
 10
205.6951972222222
 20
190.3532444444444
 30
0.0
 10
207.4908361111111
 20
189.6050027777777
 30
0.0
 10
209.2903555555555
 20
188.8504111111111
 30
0.0
 10
211.3537527777778
 20
189.7002527777778
 30
0.0
 10
212.1051694444444
 20
191.4962444444444
 30
0.0
 10
212.5602527777778
 20
192.5789194444444
 30
0.0
 10
216.0037166666667
 20
194.2475583333333
 30
0.0
 10
219.7255222222222
 20
195.6868916666666
 30
0.0
 10
219.732225
 20
195.6904194444444
 30
0.0
 10
219.7431611111111
 20
195.6939472222222
 30
0.0
 10
219.7498638888889
 20
195.697475
 30
0.0
 10
223.0451611111111
 20
196.9713555555556
 30
0.0
 10
226.5482444444445
 20
198.078725
 30
0.0
 10
228.0683638888889
 20
197.9905305555556
 30
0.0
 10
230.050975
 20
197.7224194444445
 30
0.0
 10
232.0476972222222
 20
198.8019194444444
 30
0.0
 10
232.8555583333333
 20
200.7354944444444
 30
0.0
 10
233.3392166666667
 20
201.888725
 30
0.0
 10
233.3074666666667
 20
203.1305027777778
 30
0.0
 10
232.8696694444444
 20
204.2033
 30
0.0
 10
232.6513
 20
204.7324666666667
 30
0.0
 10
233.0072527777778
 20
206.3266694444444
 30
0.0
 10
233.6426055555556
 20
208.2320222222222
 30
0.0
  0
SPLINE
  5
1A2
330
1F
100
AcDbEntity
  8
DEFAULT
 62
     1
100
AcDbSpline
210
0.0
220
0.0
230
1.0
 70
     8
 71
     3
 72
    44
 73
    40
 74
     0
 42
0.000000001
 43
0.0000000001
 40
0.0
 40
0.0
 40
0.0
 40
0.0
 40
1.0
 40
1.0
 40
1.0
 40
2.0
 40
2.0
 40
2.0
 40
3.0
 40
3.0
 40
3.0
 40
4.0
 40
4.0
 40
4.0
 40
5.0
 40
5.0
 40
5.0
 40
6.0
 40
6.0
 40
6.0
 40
11.6646186985534
 40
11.6646186985534
 40
11.6646186985534
 40
20.16514368234109
 40
20.16514368234109
 40
20.16514368234109
 40
25.83229649482107
 40
25.83229649482107
 40
25.83229649482107
 40
26.83229649482107
 40
26.83229649482107
 40
26.83229649482107
 40
27.83229649482107
 40
27.83229649482107
 40
27.83229649482107
 40
28.83229649482107
 40
28.83229649482107
 40
28.83229649482107
 40
29.83229649482107
 40
29.83229649482107
 40
29.83229649482107
 40
29.83229649482107
 10
226.0189366666666
 20
208.5598938888889
 30
0.0
 10
227.9419283333333
 20
214.5818105555556
 30
0.0
 10
227.7228533333333
 20
218.6803827777778
 30
0.0
 10
228.4319366666666
 20
220.3740688888889
 30
0.0
 10
229.2397977777777
 20
222.3079966666666
 30
0.0
 10
228.6083255555555
 20
224.4842827777778
 30
0.0
 10
227.0243533333333
 20
225.7077161111111
 30
0.0
 10
223.8705199999999
 20
228.1806883333333
 30
0.0
 10
215.4567699999999
 20
228.2092633333333
 30
0.0
 10
213.1919366666666
 20
237.4456911111111
 30
0.0
 10
212.7968255555555
 20
239.0649411111111
 30
0.0
 10
214.8362338888889
 20
241.6186994444444
 30
0.0
 10
217.0058172222222
 20
242.3485966666667
 30
0.0
 10
217.0724922222222
 20
242.3485966666667
 30
0.0
 10
217.8380199999999
 20
241.4345494444444
 30
0.0
 10
218.2758172222222
 20
240.13668
 30
0.0
 10
218.7167894444444
 20
238.8282272222222
 30
0.0
 10
218.91752
 20
238.0768105555555
 30
0.0
 10
219.0233533333333
 20
237.7519022222222
 30
0.0
 10
219.2360783333333
 20
237.1206651851852
 30
0.0
 10
219.4488033333333
 20
236.4894281481481
 30
0.0
 10
219.6615283333333
 20
235.8581911111111
 30
0.0
 10
220.6094422222222
 20
236.1754559259259
 30
0.0
 10
221.5573561111111
 20
236.4927207407407
 30
0.0
 10
222.5052699999999
 20
236.8099855555555
 30
0.0
 10
222.2923098148148
 20
237.4414577777777
 30
0.0
 10
222.0793496296296
 20
238.07293
 30
0.0
 10
221.8663894444444
 20
238.7044022222222
 30
0.0
 10
221.7609088888888
 20
239.028605
 30
0.0
 10
221.4645755555555
 20
239.7489772222222
 30
0.0
 10
221.0271311111111
 20
241.0616633333333
 30
0.0
 10
220.5861588888889
 20
242.3736438888889
 30
0.0
 10
220.6570672222222
 20
243.5762633333333
 30
0.0
 10
220.7057505555555
 20
243.5907272222222
 30
0.0
 10
222.8756866666666
 20
244.3202716666667
 30
0.0
 10
225.0593811111111
 20
243.6330605555555
 30
0.0
 10
225.5885477777777
 20
242.0557911111111
 30
0.0
 10
225.9233338888889
 20
241.1738466666666
 30
0.0
 10
224.9888255555555
 20
239.5295494444444
 30
0.0
 10
225.5391588888888
 20
237.6072633333333
 30
0.0
  0
SPLINE
  5
1A3
330
1F
100
AcDbEntity
  8
DEFAULT
 62
     1
100
AcDbSpline
210
0.0
220
0.0
230
1.0
 70
     8
 71
     3
 72
    14
 73
    10
 74
     0
 42
0.000000001
 43
0.0000000001
 40
0.0
 40
0.0
 40
0.0
 40
0.0
 40
1.0
 40
1.0
 40
1.0
 40
2.0
 40
2.0
 40
2.0
 40
3.0
 40
3.0
 40
3.0
 40
3.0
 10
239.4672136111111
 20
225.2034908333333
 30
0.0
 10
241.0473052777778
 20
223.9797047222222
 30
0.0
 10
241.6787775
 20
221.8065936111111
 30
0.0
 10
240.8709163888889
 20
219.8698436111111
 30
0.0
 10
240.3911386111111
 20
218.7197880555555
 30
0.0
 10
239.4809719444444
 20
217.8695936111111
 30
0.0
 10
238.4120552777778
 20
217.4286213888889
 30
0.0
 10
237.2549441666667
 20
216.9516658333334
 30
0.0
 10
235.0253886111111
 20
212.2636019444444
 30
0.0
 10
233.7553886111111
 20
208.5633158333333
 30
0.0
  0
SPLINE
  5
1A4
330
1F
100
AcDbEntity
  8
DEFAULT
 62
     1
100
AcDbSpline
210
0.0
220
0.0
230
1.0
 70
     8
 71
     3
 72
    32
 73
    28
 74
     0
 42
0.000000001
 43
0.0000000001
 40
0.0
 40
0.0
 40
0.0
 40
0.0
 40
1.0
 40
1.0
 40
1.0
 40
2.0
 40
2.0
 40
2.0
 40
3.0
 40
3.0
 40
3.0
 40
4.0
 40
4.0
 40
4.0
 40
5.0
 40
5.0
 40
5.0
 40
6.0
 40
6.0
 40
6.0
 40
7.0
 40
7.0
 40
7.0
 40
8.0
 40
8.0
 40
8.0
 40
9.0
 40
9.0
 40
9.0
 40
9.0
 10
246.0356183333333
 20
208.2284944444444
 30
0.0
 10
245.3163044444444
 20
206.1435777777778
 30
0.0
 10
244.8926183333333
 20
204.3549944444444
 30
0.0
 10
245.1254516666666
 20
203.7834944444444
 30
0.0
 10
245.5664238888889
 20
202.714225
 30
0.0
 10
245.5946461111111
 20
201.4692722222222
 30
0.0
 10
245.1148683333333
 20
200.3192166666667
 30
0.0
 10
244.3070072222222
 20
198.3859944444444
 30
0.0
 10
242.3099322222222
 20
197.3061416666667
 30
0.0
 10
240.3273211111111
 20
197.5742527777778
 30
0.0
 10
238.7997933333333
 20
197.6624472222222
 30
0.0
 10
235.2861266666667
 20
196.5476694444444
 30
0.0
 10
231.9880072222222
 20
195.2709666666667
 30
0.0
 10
228.2626738888889
 20
193.8312805555555
 30
0.0
 10
224.7909877777778
 20
192.1524111111111
 30
0.0
 10
224.339785
 20
191.0690305555556
 30
0.0
 10
223.5883683333333
 20
189.2702166666666
 30
0.0
 10
221.5277933333333
 20
188.426725
 30
0.0
 10
219.7289794444445
 20
189.1784944444444
 30
0.0
 10
217.9333405555556
 20
189.9295583333333
 30
0.0
 10
217.0863211111111
 20
191.9933083333333
 30
0.0
 10
217.8349155555556
 20
193.7963555555556
 30
0.0
 10
218.2085072222222
 20
194.6818277777778
 30
0.0
 10
218.8999516666667
 20
195.3411694444445
 30
0.0
 10
219.7254516666666
 20
195.6868916666666
 30
0.0
 10
219.7321544444444
 20
195.6904194444444
 30
0.0
 10
219.7430905555556
 20
195.6939472222222
 30
0.0
 10
219.7497933333333
 20
195.697475
 30
0.0
  0
SPLINE
  5
1A5
330
1F
100
AcDbEntity
  8
DEFAULT
 62
     1
100
AcDbSpline
210
0.0
220
0.0
230
1.0
 70
     8
 71
     3
 72
    14
 73
    10
 74
     0
 42
0.000000001
 43
0.0000000001
 40
0.0
 40
0.0
 40
0.0
 40
0.0
 40
1.0
 40
1.0
 40
1.0
 40
2.0
 40
2.0
 40
2.0
 40
3.0
 40
3.0
 40
3.0
 40
3.0
 10
251.7014411111111
 20
224.7773352777778
 30
0.0
 10
253.2850605555556
 20
223.5524908333333
 30
0.0
 10
253.9165327777778
 20
221.3758519444444
 30
0.0
 10
253.1086716666667
 20
219.4429825
 30
0.0
 10
252.6253661111111
 20
218.2925741666666
 30
0.0
 10
251.7293105555555
 20
217.4497880555555
 30
0.0
 10
250.6568661111111
 20
217.0088158333333
 30
0.0
 10
249.5420883333333
 20
216.5505574999999
 30
0.0
 10
247.4395327777778
 20
212.1863436111111
 30
0.0
 10
246.1522466666667
 20
208.5597880555555
 30
0.0
  0
SPLINE
  5
1A6
330
1F
100
AcDbEntity
  8
DEFAULT
 62
     1
100
AcDbSpline
210
0.0
220
0.0
230
1.0
 70
     8
 71
     3
 72
    26
 73
    22
 74
     0
 42
0.000000001
 43
0.0000000001
 40
0.0
 40
0.0
 40
0.0
 40
0.0
 40
1.0
 40
1.0
 40
1.0
 40
2.0
 40
2.0
 40
2.0
 40
3.009999999999991
 40
3.009999999999991
 40
3.009999999999991
 40
4.009999999999991
 40
4.009999999999991
 40
4.009999999999991
 40
5.009999999999991
 40
5.009999999999991
 40
5.009999999999991
 40
6.009999999999991
 40
6.009999999999991
 40
6.009999999999991
 40
7.009999999999991
 40
7.009999999999991
 40
7.009999999999991
 40
7.009999999999991
 10
230.3122069444445
 20
190.1927305555556
 30
0.0
 10
230.6826236111111
 20
189.5679611111111
 30
0.0
 10
231.2505958333333
 20
189.0564333333333
 30
0.0
 10
231.9737902777778
 20
188.756925
 30
0.0
 10
233.7729569444444
 20
188.0086833333333
 30
0.0
 10
235.8367069444444
 20
188.85535
 30
0.0
 10
236.5881236111111
 20
190.6545166666666
 30
0.0
 10
237.0396791666667
 20
191.7340166666667
 30
0.0
 10
240.5110125
 20
193.4167666666667
 30
0.0
 10
244.2363458333333
 20
194.8561
 30
0.0
 10
247.5383458333334
 20
196.1299805555556
 30
0.0
 10
251.0449569444444
 20
197.2408777777778
 30
0.0
 10
252.5689569444445
 20
197.1491555555556
 30
0.0
 10
254.5515680555556
 20
196.8881
 30
0.0
 10
256.5482902777778
 20
197.9640722222222
 30
0.0
 10
257.3561513888889
 20
199.8976472222222
 30
0.0
 10
257.8398097222222
 20
201.0508777777778
 30
0.0
 10
257.8077069444444
 20
202.2926555555555
 30
0.0
 10
257.3702625
 20
203.361925
 30
0.0
 10
257.1197902777778
 20
203.9718777777778
 30
0.0
 10
257.6207347222222
 20
205.9650722222222
 30
0.0
 10
258.4285958333334
 20
208.2299055555555
 30
0.0
  0
SPLINE
  5
1A7
330
1F
100
AcDbEntity
  8
DEFAULT
 62
     1
100
AcDbSpline
210
0.0
220
0.0
230
1.0
 70
     8
 71
     3
 72
    11
 73
     7
 74
     0
 42
0.000000001
 43
0.0000000001
 40
0.0
 40
0.0
 40
0.0
 40
0.0
 40
1.0
 40
1.0
 40
1.0
 40
2.0
 40
2.0
 40
2.0
 40
2.0
 10
230.1426972222222
 20
190.4993297222222
 30
0.0
 10
229.7338277777778
 20
191.3710436111111
 30
0.0
 10
229.6773833333334
 20
192.4113852777778
 30
0.0
 10
230.0791972222222
 20
193.3744686111111
 30
0.0
 10
230.4534944444444
 20
194.2701713888889
 30
0.0
 10
231.1484666666666
 20
194.9305713888889
 30
0.0
 10
231.987725
 20
195.2688852777778
 30
0.0
  0
SPLINE
  5
1A8
330
1F
100
AcDbEntity
  8
DEFAULT
 62
     1
100
AcDbSpline
210
0.0
220
0.0
230
1.0
 70
     8
 71
     3
 72
    14
 73
    10
 74
     0
 42
0.000000001
 43
0.0000000001
 40
0.0
 40
0.0
 40
0.0
 40
0.0
 40
1.0
 40
1.0
 40
1.0
 40
2.0
 40
2.0
 40
2.0
 40
3.0
 40
3.0
 40
3.0
 40
3.0
 10
263.9494269444444
 20
224.3601402777778
 30
0.0
 10
265.5333991666666
 20
223.1367069444444
 30
0.0
 10
266.1616963888889
 20
220.9600680555555
 30
0.0
 10
265.3534825
 20
219.0268458333333
 30
0.0
 10
264.8737047222222
 20
217.8767902777777
 30
0.0
 10
263.9674186111111
 20
217.0227152777778
 30
0.0
 10
262.8949741666666
 20
216.5817430555555
 30
0.0
 10
261.8257047222222
 20
216.1442986111111
 30
0.0
 10
259.839918611111
 20
212.0944097222222
 30
0.0
 10
258.5455769444444
 20
208.5599291666666
 30
0.0
  0
SPLINE
  5
1A9
330
1F
100
AcDbEntity
  8
DEFAULT
 62
     1
100
AcDbSpline
210
0.0
220
0.0
230
1.0
 70
     8
 71
     3
 72
    29
 73
    25
 74
     0
 42
0.000000001
 43
0.0000000001
 40
0.0
 40
0.0
 40
0.0
 40
0.0
 40
1.001249999999999
 40
1.001249999999999
 40
1.001249999999999
 40
2.002499999999998
 40
2.002499999999998
 40
2.002499999999998
 40
3.003749999999997
 40
3.003749999999997
 40
3.003749999999997
 40
4.004999999999995
 40
4.004999999999995
 40
4.004999999999995
 40
5.006249999999994
 40
5.006249999999994
 40
5.006249999999994
 40
6.007499999999993
 40
6.007499999999993
 40
6.007499999999993
 40
7.008749999999992
 40
7.008749999999992
 40
7.008749999999992
 40
8.009999999999991
 40
8.009999999999991
 40
8.009999999999991
 40
8.009999999999991
 10
270.8217144444444
 20
208.2284944444444
 30
0.0
 10
269.9256588888888
 20
205.7943277777778
 30
0.0
 10
269.3471033333333
 20
203.5859388888889
 30
0.0
 10
269.6116866666666
 20
202.9403555555555
 30
0.0
 10
270.049131111111
 20
201.8675583333333
 30
0.0
 10
270.0808811111111
 20
200.6257805555555
 30
0.0
 10
269.6011033333333
 20
199.47255
 30
0.0
 10
268.7932422222222
 20
197.538975
 30
0.0
 10
266.79652
 20
196.459475
 30
0.0
 10
264.8103811111111
 20
196.7279388888889
 30
0.0
 10
263.286381111111
 20
196.8161333333333
 30
0.0
 10
259.7758894444444
 20
195.7084111111111
 30
0.0
 10
256.4742422222222
 20
194.4348833333333
 30
0.0
 10
252.7524366666666
 20
192.9916694444444
 30
0.0
 10
249.2807505555555
 20
191.3124472222222
 30
0.0
 10
248.8295477777777
 20
190.2294194444445
 30
0.0
 10
248.0781311111111
 20
188.4337805555556
 30
0.0
 10
246.014381111111
 20
187.5835861111111
 30
0.0
 10
244.2152144444444
 20
188.3350027777778
 30
0.0
 10
242.4195755555555
 20
189.0867722222222
 30
0.0
 10
241.5693811111111
 20
191.1505222222222
 30
0.0
 10
242.3207977777778
 20
192.9528638888889
 30
0.0
 10
242.6947422222222
 20
193.8492722222222
 30
0.0
 10
243.3967699999999
 20
194.5086138888889
 30
0.0
 10
244.2363811111111
 20
194.8546888888889
 30
0.0
  0
SPLINE
  5
1AA
330
1F
100
AcDbEntity
  8
DEFAULT
 62
     1
100
AcDbSpline
210
0.0
220
0.0
230
1.0
 70
     8
 71
     3
 72
    47
 73
    43
 74
     0
 42
0.000000001
 43
0.0000000001
 40
0.0
 40
0.0
 40
0.0
 40
0.0
 40
1.0
 40
1.0
 40
1.0
 40
2.0
 40
2.0
 40
2.0
 40
3.0
 40
3.0
 40
3.0
 40
4.0
 40
4.0
 40
4.0
 40
9.66176668540832
 40
9.66176668540832
 40
9.66176668540832
 40
18.16767639572151
 40
18.16767639572151
 40
18.16767639572151
 40
23.84011158706564
 40
23.84011158706564
 40
23.84011158706564
 40
24.84011158706564
 40
24.84011158706564
 40
24.84011158706564
 40
25.84011158706564
 40
25.84011158706564
 40
25.84011158706564
 40
26.84011158706564
 40
26.84011158706564
 40
26.84011158706564
 40
27.84011158706564
 40
27.84011158706564
 40
27.84011158706564
 40
28.84011158706564
 40
28.84011158706564
 40
28.84011158706564
 40
29.84011158706564
 40
29.84011158706564
 40
29.84011158706564
 40
30.84011158706564
 40
30.84011158706564
 40
30.84011158706564
 40
30.84011158706564
 10
263.9494269444444
 20
224.3601402777778
 30
0.0
 10
260.7959463888889
 20
226.8295847222222
 30
0.0
 10
251.8667880555555
 20
228.4950486111111
 30
0.0
 10
250.378418611111
 20
237.8934013888889
 30
0.0
 10
250.2757602777777
 20
239.5514569444444
 30
0.0
 10
252.886668611111
 20
241.7418541666666
 30
0.0
 10
255.1687880555555
 20
241.8833180555555
 30
0.0
 10
255.2255852777777
 20
241.8833180555555
 30
0.0
 10
255.7402880555555
 20
240.7971152777777
 30
0.0
 10
255.8253075
 20
239.4205763888889
 30
0.0
 10
255.9096213888889
 20
238.0415680555555
 30
0.0
 10
255.9096213888889
 20
237.2612236111111
 30
0.0
 10
255.9311408333333
 20
236.9197347222222
 30
0.0
 10
255.9721806481481
 20
236.2552189814814
 30
0.0
 10
256.0132204629629
 20
235.5907032407407
 30
0.0
 10
256.0542602777778
 20
234.9261875
 30
0.0
 10
257.0526213888888
 20
234.9873356481481
 30
0.0
 10
258.0509824999999
 20
235.0484837962963
 30
0.0
 10
259.0493436111111
 20
235.1096319444444
 30
0.0
 10
259.0070102777777
 20
235.7753236111111
 30
0.0
 10
258.9646769444444
 20
236.4410152777778
 30
0.0
 10
258.922343611111
 20
237.1067069444444
 30
0.0
 10
258.9011769444444
 20
237.4489013888889
 30
0.0
 10
258.8059269444444
 20
238.2179569444444
 30
0.0
 10
258.7219658333333
 20
239.5969652777778
 30
0.0
 10
258.6337713888889
 20
240.9802069444444
 30
0.0
 10
259.0144186111111
 20
242.1232069444444
 30
0.0
 10
259.0634547222222
 20
242.1267347222222
 30
0.0
 10
261.3498074999999
 20
242.2678458333333
 30
0.0
 10
262.4324825
 20
240.3095763888889
 30
0.0
 10
262.5383158333333
 20
238.6476402777778
 30
0.0
 10
264.0273908333333
 20
229.2538736111111
 30
0.0
 10
273.0299269444444
 20
226.4030763888889
 30
0.0
 10
276.1844658333333
 20
223.9336319444444
 30
0.0
 10
277.7677325
 20
222.7091402777778
 30
0.0
 10
278.3992047222222
 20
220.5325013888888
 30
0.0
 10
277.591343611111
 20
218.5999847222222
 30
0.0
 10
277.1083908333333
 20
217.4456958333333
 30
0.0
 10
276.2013991666666
 20
216.5958541666666
 30
0.0
 10
275.1324825
 20
216.1548819444444
 30
0.0
 10
274.1058991666666
 20
215.7315486111111
 30
0.0
 10
272.2361769444444
 20
211.9815208333333
 30
0.0
 10
270.9450102777777
 20
208.5564013888889
 30
0.0
  0
SPLINE
  5
1AB
330
1F
100
AcDbEntity
  8
DEFAULT
 62
     1
100
AcDbSpline
210
0.0
220
0.0
230
1.0
 70
     8
 71
     3
 72
     8
 73
     4
 74
     0
 42
0.000000001
 43
0.0000000001
 40
0.0
 40
0.0
 40
0.0
 40
0.0
 40
1.0
 40
1.0
 40
1.0
 40
1.0
 10
240.87074
 20
219.8698083333333
 30
0.0
 10
240.1831761111111
 20
218.2223361111111
 30
0.0
 10
240.3697955555555
 20
214.2955666666666
 30
0.0
 10
238.6059066666666
 20
208.5350583333333
 30
0.0
  0
SPLINE
  5
1AC
330
1F
100
AcDbEntity
  8
DEFAULT
 62
     1
100
AcDbSpline
210
0.0
220
0.0
230
1.0
 70
     8
 71
     3
 72
    11
 73
     7
 74
     0
 42
0.000000001
 43
0.0000000001
 40
0.0
 40
0.0
 40
0.0
 40
0.0
 40
1.0
 40
1.0
 40
1.0
 40
2.0
 40
2.0
 40
2.0
 40
2.0
 10
238.5036011111111
 20
208.2002369444444
 30
0.0
 10
238.1437677777778
 20
207.0639397222222
 30
0.0
 10
237.7098511111111
 20
205.8609675
 30
0.0
 10
237.1806844444444
 20
204.5913202777778
 30
0.0
 10
235.9882955555555
 20
201.7405230555555
 30
0.0
 10
233.9672316666666
 20
203.3915230555556
 30
0.0
 10
232.8556288888889
 20
200.7354591666667
 30
0.0
  0
SPLINE
  5
1AD
330
1F
100
AcDbEntity
  8
DEFAULT
 62
     1
100
AcDbSpline
210
0.0
220
0.0
230
1.0
 70
     8
 71
     3
 72
     8
 73
     4
 74
     0
 42
0.000000001
 43
0.0000000001
 40
0.0
 40
0.0
 40
0.0
 40
0.0
 40
1.0
 40
1.0
 40
1.0
 40
1.0
 10
265.3536588888888
 20
219.0267752777777
 30
0.0
 10
264.70102
 20
217.4671447222222
 30
0.0
 10
264.8350755555555
 20
213.8582280555555
 30
0.0
 10
263.3534088888889
 20
208.5880808333333
 30
0.0
  0
SPLINE
  5
1AE
330
1F
100
AcDbEntity
  8
DEFAULT
 62
     1
100
AcDbSpline
210
0.0
220
0.0
230
1.0
 70
     8
 71
     3
 72
    11
 73
     7
 74
     0
 42
0.000000001
 43
0.0000000001
 40
0.0
 40
0.0
 40
0.0
 40
0.0
 40
1.0
 40
1.0
 40
1.0
 40
2.0
 40
2.0
 40
2.0
 40
2.0
 10
263.2549133333333
 20
208.2491672222222
 30
0.0
 10
262.8523938888889
 20
206.8595755555556
 30
0.0
 10
262.3338105555555
 20
205.3532144444444
 30
0.0
 10
261.660005
 20
203.744195
 30
0.0
 10
260.4679688888889
 20
200.8937505555555
 30
0.0
 10
258.4673661111111
 20
202.5525116666666
 30
0.0
 10
257.3561161111111
 20
199.8953894444444
 30
0.0
  0
SPLINE
  5
1AF
330
1F
100
AcDbEntity
  8
DEFAULT
 62
     1
100
AcDbSpline
210
0.0
220
0.0
230
1.0
 70
     8
 71
     3
 72
     8
 73
     4
 74
     0
 42
0.000000001
 43
0.0000000001
 40
0.0
 40
0.0
 40
0.0
 40
0.0
 40
1.0
 40
1.0
 40
1.0
 40
1.0
 10
253.1087422222222
 20
219.4429472222222
 30
0.0
 10
252.4384644444444
 20
217.8378083333333
 30
0.0
 10
252.6007422222222
 20
214.0740222222222
 30
0.0
 10
250.9814922222222
 20
208.5632805555555
 30
0.0
  0
SPLINE
  5
1B0
330
1F
100
AcDbEntity
  8
DEFAULT
 62
     1
100
AcDbSpline
210
0.0
220
0.0
230
1.0
 70
     8
 71
     3
 72
    11
 73
     7
 74
     0
 42
0.000000001
 43
0.0000000001
 40
0.0
 40
0.0
 40
0.0
 40
0.0
 40
1.0
 40
1.0
 40
1.0
 40
2.0
 40
2.0
 40
2.0
 40
2.0
 10
250.8794336111111
 20
208.2284944444444
 30
0.0
 10
250.5019613888889
 20
206.96555
 30
0.0
 10
250.0218308333333
 20
205.6108833333333
 30
0.0
 10
249.4221086111111
 20
204.17155
 30
0.0
 10
248.2297197222222
 20
201.3175777777778
 30
0.0
 10
246.2262947222222
 20
202.9752805555556
 30
0.0
 10
245.1146919444444
 20
200.3192166666667
 30
0.0
  0
SPLINE
  5
1B1
330
1F
100
AcDbEntity
  8
DEFAULT
 62
     1
100
AcDbSpline
210
0.0
220
0.0
230
1.0
 70
     8
 71
     3
 72
    23
 73
    19
 74
     0
 42
0.000000001
 43
0.0000000001
 40
0.0
 40
0.0
 40
0.0
 40
0.0
 40
3.487999569954095
 40
3.487999569954095
 40
3.487999569954095
 40
9.153906381753869
 40
9.153906381753869
 40
9.153906381753869
 40
10.15390638175387
 40
10.15390638175387
 40
10.15390638175387
 40
11.15390638175387
 40
11.15390638175387
 40
11.15390638175387
 40
12.16390638175386
 40
12.16390638175386
 40
12.16390638175386
 40
13.16390638175386
 40
13.16390638175386
 40
13.16390638175386
 40
13.16390638175386
 10
232.9790658333334
 20
235.824395
 30
0.0
 10
232.5804269444444
 20
235.7278514814815
 30
0.0
 10
232.1817880555556
 20
235.631307962963
 30
0.0
 10
231.7831491666667
 20
235.5347644444445
 30
0.0
 10
231.6279269444444
 20
236.1826996296296
 30
0.0
 10
231.4727047222222
 20
236.8306348148148
 30
0.0
 10
231.3174825
 20
237.47857
 30
0.0
 10
231.2366963888889
 20
237.8133561111111
 30
0.0
 10
231.1026408333333
 20
238.5788838888889
 30
0.0
 10
230.7780852777777
 20
239.92332
 30
0.0
 10
230.4570575
 20
241.25682
 30
0.0
 10
229.7687880555555
 20
242.2375422222222
 30
0.0
 10
229.7059936111111
 20
242.2375422222222
 30
0.0
 10
227.4792602777777
 20
241.7016727777778
 30
0.0
 10
225.1477519444444
 20
239.2244672222222
 30
0.0
 10
225.5389825
 20
237.6052172222222
 30
0.0
 10
227.0315852777777
 20
228.2146255555555
 30
0.0
 10
236.3128158333333
 20
227.6748755555556
 30
0.0
 10
239.4673547222222
 20
225.2054311111111
 30
0.0
  0
SPLINE
  5
1B2
330
1F
100
AcDbEntity
  8
DEFAULT
 62
     1
100
AcDbSpline
210
0.0
220
0.0
230
1.0
 70
     8
 71
     3
 72
    26
 73
    22
 74
     0
 42
0.000000001
 43
0.0000000001
 40
0.0
 40
0.0
 40
0.0
 40
0.0
 40
1.0
 40
1.0
 40
1.0
 40
2.0
 40
2.0
 40
2.0
 40
3.0
 40
3.0
 40
3.0
 40
4.0
 40
4.0
 40
4.0
 40
5.0
 40
5.0
 40
5.0
 40
10.66824487826699
 40
10.66824487826699
 40
10.66824487826699
 40
14.6884441270605
 40
14.6884441270605
 40
14.6884441270605
 40
14.6884441270605
 10
237.9358758333333
 20
237.7574408333333
 30
0.0
 10
237.9284675
 20
237.7958936111111
 30
0.0
 10
237.9252925
 20
237.8382269444444
 30
0.0
 10
237.9217647222222
 20
237.8773852777778
 30
0.0
 10
237.7771258333333
 20
239.0976436111111
 30
0.0
 10
238.4294119444444
 20
240.4452547222222
 30
0.0
 10
238.2325619444444
 20
241.1931436111111
 30
0.0
 10
237.8402730555555
 20
242.8120408333333
 30
0.0
 10
235.7236063888889
 20
243.6876352777777
 30
0.0
 10
233.4982841666667
 20
243.1510602777777
 30
0.0
 10
233.4481897222222
 20
243.1411825
 30
0.0
 10
233.2756813888888
 20
241.9445602777778
 30
0.0
 10
233.5963563888888
 20
240.6008297222222
 30
0.0
 10
233.9212647222222
 20
239.2606269444444
 30
0.0
 10
234.1509230555555
 20
238.5152075
 30
0.0
 10
234.2317091666666
 20
238.1804213888888
 30
0.0
 10
234.3881073148148
 20
237.5324862037037
 30
0.0
 10
234.544505462963
 20
236.8845510185185
 30
0.0
 10
234.7009036111111
 20
236.2366158333333
 30
0.0
 10
234.2412341666667
 20
236.1261963888888
 30
0.0
 10
233.7815647222222
 20
236.0157769444444
 30
0.0
 10
233.3218952777778
 20
235.9053575
 30
0.0
  0
SPLINE
  5
1B3
330
1F
100
AcDbEntity
  8
DEFAULT
 62
     1
100
AcDbSpline
210
0.0
220
0.0
230
1.0
 70
     8
 71
     3
 72
    38
 73
    34
 74
     0
 42
0.000000001
 43
0.0000000001
 40
0.0
 40
0.0
 40
0.0
 40
0.0
 40
1.0
 40
1.0
 40
1.0
 40
2.0
 40
2.0
 40
2.0
 40
3.0
 40
3.0
 40
3.0
 40
4.0
 40
4.0
 40
4.0
 40
9.664924359600903
 40
9.664924359600903
 40
9.664924359600903
 40
18.16512906301828
 40
18.16512906301828
 40
18.16512906301828
 40
23.83232872422666
 40
23.83232872422666
 40
23.83232872422666
 40
24.83232872422666
 40
24.83232872422666
 40
24.83232872422666
 40
25.83232872422666
 40
25.83232872422666
 40
25.83232872422666
 40
26.83232872422666
 40
26.83232872422666
 40
26.83232872422666
 40
27.83232872422666
 40
27.83232872422666
 40
27.83232872422666
 40
27.83232872422666
 10
251.7021113888889
 20
224.7759594444444
 30
0.0
 10
248.5489836111111
 20
227.2482261111111
 30
0.0
 10
239.4243863888889
 20
228.3622983333333
 30
0.0
 10
237.9342530555555
 20
237.7567705555556
 30
0.0
 10
237.6862502777778
 20
239.4028316666667
 30
0.0
 10
240.1638086111111
 20
241.74069
 30
0.0
 10
242.4265252777778
 20
242.0818261111111
 30
0.0
 10
242.4822641666667
 20
242.0906455555555
 30
0.0
 10
243.0886891666666
 20
241.0510094444444
 30
0.0
 10
243.2947113888889
 20
239.6836427777778
 30
0.0
 10
243.5007336111111
 20
238.3166288888889
 30
0.0
 10
243.5674086111111
 20
237.5422816666666
 30
0.0
 10
243.6185613888889
 20
237.2032622222222
 30
0.0
 10
243.7175743518518
 20
236.5445085185185
 30
0.0
 10
243.8165873148148
 20
235.8857548148148
 30
0.0
 10
243.9156002777778
 20
235.2270011111111
 30
0.0
 10
244.9040836111111
 20
235.375402962963
 30
0.0
 10
245.8925669444444
 20
235.5238048148148
 30
0.0
 10
246.8810502777777
 20
235.6722066666666
 30
0.0
 10
246.7818021296296
 20
236.3311955555555
 30
0.0
 10
246.6825539814814
 20
236.9901844444445
 30
0.0
 10
246.5833058333333
 20
237.6491733333333
 30
0.0
 10
246.5332113888889
 20
237.9874872222222
 30
0.0
 10
246.3691697222222
 20
238.7473705555556
 30
0.0
 10
246.1631475
 20
240.1154427777778
 30
0.0
 10
245.9571252777778
 20
241.4813983333333
 30
0.0
 10
246.2347613888889
 20
242.6561483333333
 30
0.0
 10
246.2869725
 20
242.6632038888889
 30
0.0
 10
248.5496891666666
 20
243.0029288888889
 30
0.0
 10
250.5809836111111
 20
241.9474177777778
 30
0.0
 10
250.8289863888889
 20
240.3002983333333
 30
0.0
 10
250.8988363888889
 20
239.5136038888889
 30
0.0
 10
250.2550169444444
 20
238.6993927777777
 30
0.0
 10
250.3784891666667
 20
237.8911788888889
 30
0.0
  0
SPLINE
  5
1B4
330
1F
100
AcDbEntity
  8
DEFAULT
 62
     1
100
AcDbSpline
210
0.0
220
0.0
230
1.0
 70
     8
 71
     3
 72
    23
 73
    19
 74
     0
 42
0.000000001
 43
0.0000000001
 40
0.0
 40
0.0
 40
0.0
 40
0.0
 40
1.0
 40
1.0
 40
1.0
 40
2.0
 40
2.0
 40
2.0
 40
3.0
 40
3.0
 40
3.0
 40
4.0
 40
4.0
 40
4.0
 40
5.0
 40
5.0
 40
5.0
 40
6.0
 40
6.0
 40
6.0
 40
6.0
 10
293.6713075
 20
226.7331352777777
 30
0.0
 10
292.2319741666666
 20
229.9924491666666
 30
0.0
 10
291.6992797222222
 20
234.6981519444444
 30
0.0
 10
292.4365852777777
 20
239.7051269444444
 30
0.0
 10
292.9022519444445
 20
242.8483769444444
 30
0.0
 10
293.8050102777778
 20
245.7086991666666
 30
0.0
 10
294.9871686111111
 20
248.0687825
 30
0.0
 10
295.5124547222222
 20
249.1204130555555
 30
0.0
 10
296.0945380555556
 20
250.0686797222222
 30
0.0
 10
296.7154269444445
 20
250.8984130555555
 30
0.0
 10
297.0861963888889
 20
251.3887741666666
 30
0.0
 10
297.6291213888889
 20
251.2550713888888
 30
0.0
 10
297.5271686111111
 20
250.7819963888888
 30
0.0
 10
294.8778075
 20
238.7381630555555
 30
0.0
 10
296.6872047222222
 20
237.0159019444444
 30
0.0
 10
298.4828436111111
 20
236.7484963888888
 30
0.0
 10
298.4937797222222
 20
236.7484963888888
 30
0.0
 10
298.5184741666666
 20
236.6916991666666
 30
0.0
 10
298.5428158333333
 20
236.5893936111111
 30
0.0
  0
SPLINE
  5
1B5
330
1F
100
AcDbEntity
  8
DEFAULT
 62
     1
100
AcDbSpline
210
0.0
220
0.0
230
1.0
 70
     8
 71
     3
 72
     8
 73
     4
 74
     0
 42
0.000000001
 43
0.0000000001
 40
0.0
 40
0.0
 40
0.0
 40
0.0
 40
1.0
 40
1.0
 40
1.0
 40
1.0
 10
300.7247816666667
 20
253.2258997222222
 30
0.0
 10
299.0173372222222
 20
252.6332330555556
 30
0.0
 10
297.369865
 20
251.7759830555555
 30
0.0
 10
296.7175788888889
 20
250.9010941666666
 30
0.0
  0
SPLINE
  5
1B6
330
1F
100
AcDbEntity
  8
DEFAULT
 62
     1
100
AcDbSpline
210
0.0
220
0.0
230
1.0
 70
     8
 71
     3
 72
    11
 73
     7
 74
     0
 42
0.000000001
 43
0.0000000001
 40
0.0
 40
0.0
 40
0.0
 40
0.0
 40
1.0
 40
1.0
 40
1.0
 40
1.009999999999991
 40
1.009999999999991
 40
1.009999999999991
 40
1.009999999999991
 10
305.4239227777778
 20
253.7798666666666
 30
0.0
 10
304.817145
 20
254.2067277777778
 30
0.0
 10
302.9442477777778
 20
253.9456722222222
 30
0.0
 10
301.0600616666666
 20
253.3350138888889
 30
0.0
 10
301.0588857407407
 20
253.3350138888889
 30
0.0
 10
301.0577098148148
 20
253.3350138888889
 30
0.0
 10
301.0565338888889
 20
253.3350138888889
 30
0.0
  0
SPLINE
  5
1B7
330
1F
100
AcDbEntity
  8
DEFAULT
 62
     1
100
AcDbSpline
210
0.0
220
0.0
230
1.0
 70
     8
 71
     3
 72
    71
 73
    67
 74
     0
 42
0.000000001
 43
0.0000000001
 40
0.0
 40
0.0
 40
0.0
 40
0.0
 40
1.0
 40
1.0
 40
1.0
 40
2.0
 40
2.0
 40
2.0
 40
7.671590958452462
 40
7.671590958452462
 40
7.671590958452462
 40
16.16276761425227
 40
16.16276761425227
 40
16.16276761425227
 40
21.83581300451663
 40
21.83581300451663
 40
21.83581300451663
 40
22.83581300451663
 40
22.83581300451663
 40
22.83581300451663
 40
23.83581300451663
 40
23.83581300451663
 40
23.83581300451663
 40
24.83581300451663
 40
24.83581300451663
 40
24.83581300451663
 40
25.83581300451663
 40
25.83581300451663
 40
25.83581300451663
 40
26.83581300451663
 40
26.83581300451663
 40
26.83581300451663
 40
27.83581300451663
 40
27.83581300451663
 40
27.83581300451663
 40
28.83581300451663
 40
28.83581300451663
 40
28.83581300451663
 40
29.83581300451663
 40
29.83581300451663
 40
29.83581300451663
 40
30.83581300451663
 40
30.83581300451663
 40
30.83581300451663
 40
31.83581300451663
 40
31.83581300451663
 40
31.83581300451663
 40
32.83581300451662
 40
32.83581300451662
 40
32.83581300451662
 40
33.83581300451662
 40
33.83581300451662
 40
33.83581300451662
 40
34.83581300451662
 40
34.83581300451662
 40
34.83581300451662
 40
35.83581300451662
 40
35.83581300451662
 40
35.83581300451662
 40
36.83581300451662
 40
36.83581300451662
 40
36.83581300451662
 40
37.83581300451662
 40
37.83581300451662
 40
37.83581300451662
 40
38.83581300451662
 40
38.83581300451662
 40
38.83581300451662
 40
38.83581300451662
 10
298.6101963888889
 20
236.2470933333333
 30
0.0
 10
298.6839269444444
 20
235.7782516666666
 30
0.0
 10
298.7368436111111
 20
235.0271877777778
 30
0.0
 10
298.6172519444444
 20
234.201335
 30
0.0
 10
298.4122880555555
 20
232.8322044444444
 30
0.0
 10
298.2538908333333
 20
232.074085
 30
0.0
 10
298.2009741666666
 20
231.7357711111111
 30
0.0
 10
298.1045482407407
 20
231.0758414814814
 30
0.0
 10
298.0081223148148
 20
230.4159118518518
 30
0.0
 10
297.9116963888889
 20
229.7559822222222
 30
0.0
 10
298.8994741666666
 20
229.6100498148148
 30
0.0
 10
299.8872519444444
 20
229.4641174074074
 30
0.0
 10
300.8750297222222
 20
229.318185
 30
0.0
 10
300.972631574074
 20
229.9781146296296
 30
0.0
 10
301.0702334259259
 20
230.6380442592592
 30
0.0
 10
301.1678352777778
 20
231.2979738888889
 30
0.0
 10
301.2207519444444
 20
231.6362877777777
 30
0.0
 10
301.2842519444445
 20
232.4092238888888
 30
0.0
 10
301.4853352777778
 20
233.7811766666666
 30
0.0
 10
301.6860658333333
 20
235.1390183333333
 30
0.0
 10
302.2861408333333
 20
236.1807711111111
 30
0.0
 10
302.3461130555556
 20
236.1807711111111
 30
0.0
 10
302.9352519444444
 20
236.0953988888889
 30
0.0
 10
303.2418158333333
 20
236.0008544444444
 30
0.0
 10
303.6937241666666
 20
236.6217433333333
 30
0.0
 10
303.8944547222222
 20
236.8926766666666
 30
0.0
 10
303.8524741666666
 20
237.7432238888888
 30
0.0
 10
303.3899825
 20
238.7031322222222
 30
0.0
 10
303.9544269444444
 20
238.3990377777777
 30
0.0
 10
304.5266324999999
 20
239.12576
 30
0.0
 10
304.6285852777777
 20
239.8277877777777
 30
0.0
 10
304.7234825
 20
240.4772516666666
 30
0.0
 10
304.6850297222222
 20
241.2142044444444
 30
0.0
 10
304.2158352777778
 20
242.1744655555555
 30
0.0
 10
304.7799269444445
 20
241.8636683333333
 30
0.0
 10
305.3553075
 20
242.6006211111111
 30
0.0
 10
305.4752519444444
 20
243.1336683333333
 30
0.0
 10
305.5316963888889
 20
243.7510294444444
 30
0.0
 10
305.0871963888889
 20
244.7067044444444
 30
0.0
 10
304.5541491666667
 20
245.2750294444444
 30
0.0
 10
305.1260019444445
 20
244.9681127777777
 30
0.0
 10
305.5172325
 20
245.8468822222222
 30
0.0
 10
305.6198908333333
 20
246.5411488888888
 30
0.0
 10
305.8142713888889
 20
247.8503072222222
 30
0.0
 10
305.0480380555555
 20
248.5209377777778
 30
0.0
 10
304.5823713888889
 20
249.4797877777777
 30
0.0
 10
304.5823713888889
 20
249.4797877777777
 30
0.0
 10
304.9951213888889
 20
249.4201683333333
 30
0.0
 10
305.5105297222222
 20
249.3425572222222
 30
0.0
 10
305.7507713888889
 20
249.5997322222222
 30
0.0
 10
305.6054269444444
 20
251.2648433333333
 30
0.0
 10
304.6395213888889
 20
253.2022988888889
 30
0.0
 10
304.4306769444444
 20
253.6249266666666
 30
0.0
 10
304.9390297222222
 20
254.1121127777777
 30
0.0
 10
305.4223352777777
 20
253.7805016666666
 30
0.0
 10
308.8157047222222
 20
251.4313544444444
 30
0.0
 10
310.5905297222222
 20
244.71376
 30
0.0
 10
309.4831602777778
 20
237.1893627777777
 30
0.0
 10
308.7275102777778
 20
232.0772599999999
 30
0.0
 10
306.6782241666667
 20
227.6569544444444
 30
0.0
 10
304.1876130555555
 20
224.9828988888889
 30
0.0
 10
302.4163158333333
 20
223.0782516666667
 30
0.0
 10
300.4231213888889
 20
222.0551961111111
 30
0.0
 10
298.5075380555555
 20
222.2908516666666
 30
0.0
 10
296.5464463888889
 20
222.5349738888889
 30
0.0
 10
294.9377797222222
 20
224.0628544444444
 30
0.0
 10
293.8230019444444
 20
226.4077683333333
 30
0.0
  0
SPLINE
  5
1B8
330
1F
100
AcDbEntity
  8
DEFAULT
 62
     1
100
AcDbSpline
210
0.0
220
0.0
230
1.0
 70
     8
 71
     3
 72
    38
 73
    34
 74
     0
 42
0.000000001
 43
0.0000000001
 40
0.0
 40
0.0
 40
0.0
 40
0.0
 40
1.0
 40
1.0
 40
1.0
 40
2.0
 40
2.0
 40
2.0
 40
3.0
 40
3.0
 40
3.0
 40
4.0
 40
4.0
 40
4.0
 40
5.0
 40
5.0
 40
5.0
 40
10.67485541666036
 40
10.67485541666036
 40
10.67485541666036
 40
19.1693070764204
 40
19.1693070764204
 40
19.1693070764204
 40
24.84378546654582
 40
24.84378546654582
 40
24.84378546654582
 40
25.84378546654582
 40
25.84378546654582
 40
25.84378546654582
 40
26.84378546654582
 40
26.84378546654582
 40
26.84378546654582
 40
27.84378546654582
 40
27.84378546654582
 40
27.84378546654582
 40
27.84378546654582
 10
304.1874719444444
 20
224.9830047222222
 30
0.0
 10
305.0478969444444
 20
225.7552352777778
 30
0.0
 10
306.7235913888888
 20
225.6987908333333
 30
0.0
 10
307.8351941666667
 20
225.2094880555556
 30
0.0
 10
310.8584997222222
 20
223.8646991666667
 30
0.0
 10
311.5958052777777
 20
220.4148852777778
 30
0.0
 10
310.4492774999999
 20
218.0403380555556
 30
0.0
 10
309.0452219444444
 20
215.1299213888889
 30
0.0
 10
307.3487136111111
 20
211.3943575
 30
0.0
 10
304.3218802777777
 20
211.9520991666667
 30
0.0
 10
304.2686108333333
 20
211.9905519444445
 30
0.0
 10
304.2721386111111
 20
213.1864686111111
 30
0.0
 10
304.7833136111111
 20
214.4631713888889
 30
0.0
 10
305.2955469444444
 20
215.7441075
 30
0.0
 10
305.6268052777777
 20
216.4461352777778
 30
0.0
 10
305.7534524999999
 20
216.7632825
 30
0.0
 10
306.0003969444444
 20
217.3832306481481
 30
0.0
 10
306.2473413888889
 20
218.0031787962963
 30
0.0
 10
306.4942858333333
 20
218.6231269444444
 30
0.0
 10
305.5664802777777
 20
218.9931908333333
 30
0.0
 10
304.6386747222222
 20
219.3632547222222
 30
0.0
 10
303.7108691666666
 20
219.7333186111111
 30
0.0
 10
303.4628663888888
 20
219.1138408333333
 30
0.0
 10
303.2148636111111
 20
218.4943630555555
 30
0.0
 10
302.9668608333333
 20
217.8748852777778
 30
0.0
 10
302.8433886111111
 20
217.5609130555555
 30
0.0
 10
302.5960913888889
 20
216.8229019444445
 30
0.0
 10
302.0849163888888
 20
215.5363213888889
 30
0.0
 10
301.5737413888888
 20
214.2515047222222
 30
0.0
 10
300.7475358333333
 20
213.3797908333333
 30
0.0
 10
300.6917969444444
 20
213.4016630555556
 30
0.0
 10
292.9828969444444
 20
211.8603769444445
 30
0.0
 10
288.9721663888889
 20
217.1516908333333
 30
0.0
 10
287.1938136111111
 20
223.5687186111111
 30
0.0
  0
SPLINE
  5
1B9
330
1F
100
AcDbEntity
  8
DEFAULT
 62
     1
100
AcDbSpline
210
0.0
220
0.0
230
1.0
 70
     8
 71
     3
 72
    53
 73
    49
 74
     0
 42
0.000000001
 43
0.0000000001
 40
0.0
 40
0.0
 40
0.0
 40
0.0
 40
1.0
 40
1.0
 40
1.0
 40
2.0
 40
2.0
 40
2.0
 40
3.0
 40
3.0
 40
3.0
 40
4.0
 40
4.0
 40
4.0
 40
5.0
 40
5.0
 40
5.0
 40
10.66679115549532
 40
10.66679115549532
 40
10.66679115549532
 40
19.16344255472303
 40
19.16344255472303
 40
19.16344255472303
 40
24.82780174178033
 40
24.82780174178033
 40
24.82780174178033
 40
25.82780174178033
 40
25.82780174178033
 40
25.82780174178033
 40
26.82780174178033
 40
26.82780174178033
 40
26.82780174178033
 40
27.82780174178033
 40
27.82780174178033
 40
27.82780174178033
 40
44.86596129614539
 40
44.86596129614539
 40
44.86596129614539
 40
45.86596129614539
 40
45.86596129614539
 40
45.86596129614539
 40
46.86596129614539
 40
46.86596129614539
 40
46.86596129614539
 40
47.86596129614539
 40
47.86596129614539
 40
47.86596129614539
 40
48.86596129614539
 40
48.86596129614539
 40
48.86596129614539
 40
48.86596129614539
 10
287.1021972222222
 20
223.9071030555556
 30
0.0
 10
286.9755499999999
 20
224.3837058333333
 30
0.0
 10
286.8623083333333
 20
224.8698336111111
 30
0.0
 10
286.7603555555555
 20
225.3570197222222
 30
0.0
 10
285.1128833333333
 20
233.3932975
 30
0.0
 10
289.1588916666666
 20
241.7502502777778
 30
0.0
 10
279.9944305555555
 20
240.7314280555556
 30
0.0
 10
279.0800305555555
 20
240.6319447222222
 30
0.0
 10
278.0710861111111
 20
242.2624836111111
 30
0.0
 10
277.9691333333333
 20
242.9218252777778
 30
0.0
 10
277.9691333333333
 20
242.9782697222222
 30
0.0
 10
279.0027722222222
 20
243.5889280555555
 30
0.0
 10
280.3641416666666
 20
243.7967141666666
 30
0.0
 10
281.7332722222222
 20
244.0052058333333
 30
0.0
 10
282.5058555555555
 20
244.0792891666667
 30
0.0
 10
282.8441694444444
 20
244.1283252777778
 30
0.0
 10
283.5028055555555
 20
244.2295725
 30
0.0
 10
284.1614416666666
 20
244.3308197222222
 30
0.0
 10
284.8200777777777
 20
244.4320669444444
 30
0.0
 10
284.6682657407407
 20
245.419609537037
 30
0.0
 10
284.5164537037037
 20
246.4071521296296
 30
0.0
 10
284.3646416666666
 20
247.3946947222222
 30
0.0
 10
283.7062407407407
 20
247.2938002777778
 30
0.0
 10
283.0478398148148
 20
247.1929058333333
 30
0.0
 10
282.3894388888888
 20
247.0920113888889
 30
0.0
 10
282.0504194444444
 20
247.0419169444444
 30
0.0
 10
281.2887722222222
 20
246.8732891666667
 30
0.0
 10
279.9231694444444
 20
246.6651502777778
 30
0.0
 10
278.5582722222222
 20
246.4527780555555
 30
0.0
 10
277.3835222222222
 20
246.7251225
 30
0.0
 10
277.3761138888888
 20
246.7808613888889
 30
0.0
 10
277.2918
 20
247.3244919444444
 30
0.0
 10
277.8915222222222
 20
249.7092697222222
 30
0.0
 10
279.0482805555555
 20
249.8821308333333
 30
0.0
 10
281.0285398148148
 20
250.1868132407407
 30
0.0
 10
283.008799074074
 20
250.4914956481481
 30
0.0
 10
284.9890583333333
 20
250.7961780555555
 30
0.0
 10
288.1965138888888
 20
251.2932419444444
 30
0.0
 10
290.0443638888889
 20
250.8452141666667
 30
0.0
 10
291.0254388888889
 20
250.1569447222222
 30
0.0
 10
291.2371055555555
 20
250.0052502777778
 30
0.0
 10
291.4029111111111
 20
249.7868808333333
 30
0.0
 10
291.5930583333333
 20
249.5614558333333
 30
0.0
 10
293.0076972222222
 20
247.8783530555556
 30
0.0
 10
293.5121694444444
 20
248.4290391666667
 30
0.0
 10
294.249475
 20
248.9335113888889
 30
0.0
 10
295.0224111111111
 20
249.4549169444444
 30
0.0
 10
295.3187444444444
 20
248.7535947222222
 30
0.0
 10
294.9874861111111
 20
248.0685002777778
 30
0.0
  0
SPLINE
  5
1BA
330
1F
100
AcDbEntity
  8
DEFAULT
 62
     1
100
AcDbSpline
210
0.0
220
0.0
230
1.0
 70
     8
 71
     3
 72
     8
 73
     4
 74
     0
 42
0.000000001
 43
0.0000000001
 40
0.0
 40
0.0
 40
0.0
 40
0.0
 40
1.0
 40
1.0
 40
1.0
 40
1.0
 10
301.7796930555555
 20
258.6340183333333
 30
0.0
 10
300.0757763888888
 20
259.2231572222222
 30
0.0
 10
298.4247763888889
 20
260.083935
 30
0.0
 10
297.7724902777777
 20
260.9588238888889
 30
0.0
  0
SPLINE
  5
1BB
330
1F
100
AcDbEntity
  8
DEFAULT
 62
     1
100
AcDbSpline
210
0.0
220
0.0
230
1.0
 70
     8
 71
     3
 72
    11
 73
     7
 74
     0
 42
0.000000001
 43
0.0000000001
 40
0.0
 40
0.0
 40
0.0
 40
0.0
 40
1.0
 40
1.0
 40
1.0
 40
1.009999999999991
 40
1.009999999999991
 40
1.009999999999991
 40
1.009999999999991
 10
306.4787988888888
 20
258.0800513888889
 30
0.0
 10
305.8684933333333
 20
257.6531902777778
 30
0.0
 10
303.9952433333333
 20
257.9142458333333
 30
0.0
 10
302.1149377777778
 20
258.5249041666667
 30
0.0
 10
302.1137618518518
 20
258.5249041666667
 30
0.0
 10
302.1125859259259
 20
258.5249041666667
 30
0.0
 10
302.11141
 20
258.5249041666667
 30
0.0
  0
SPLINE
  5
1BC
330
1F
100
AcDbEntity
  8
DEFAULT
 62
     1
100
AcDbSpline
210
0.0
220
0.0
230
1.0
 70
     8
 71
     3
 72
    71
 73
    67
 74
     0
 42
0.000000001
 43
0.0000000001
 40
0.0
 40
0.0
 40
0.0
 40
0.0
 40
1.0
 40
1.0
 40
1.0
 40
2.0
 40
2.0
 40
2.0
 40
7.670456948077466
 40
7.670456948077466
 40
7.670456948077466
 40
16.16035223600653
 40
16.16035223600653
 40
16.16035223600653
 40
21.82152702574764
 40
21.82152702574764
 40
21.82152702574764
 40
22.82152702574764
 40
22.82152702574764
 40
22.82152702574764
 40
23.82152702574764
 40
23.82152702574764
 40
23.82152702574764
 40
24.82152702574764
 40
24.82152702574764
 40
24.82152702574764
 40
25.82152702574764
 40
25.82152702574764
 40
25.82152702574764
 40
26.82152702574764
 40
26.82152702574764
 40
26.82152702574764
 40
27.82152702574764
 40
27.82152702574764
 40
27.82152702574764
 40
28.82152702574764
 40
28.82152702574764
 40
28.82152702574764
 40
29.82152702574764
 40
29.82152702574764
 40
29.82152702574764
 40
30.82152702574764
 40
30.82152702574764
 40
30.82152702574764
 40
31.82152702574764
 40
31.82152702574764
 40
31.82152702574764
 40
32.82152702574764
 40
32.82152702574764
 40
32.82152702574764
 40
33.82152702574764
 40
33.82152702574764
 40
33.82152702574764
 40
34.82152702574764
 40
34.82152702574764
 40
34.82152702574764
 40
35.82152702574764
 40
35.82152702574764
 40
35.82152702574764
 40
36.82152702574764
 40
36.82152702574764
 40
36.82152702574764
 40
37.82152702574764
 40
37.82152702574764
 40
37.82152702574764
 40
38.82152702574764
 40
38.82152702574764
 40
38.82152702574764
 40
38.82152702574764
 10
299.6657780555555
 20
275.6142005555556
 30
0.0
 10
299.739508611111
 20
276.0872755555555
 30
0.0
 10
299.7924252777777
 20
276.8348116666667
 30
0.0
 10
299.6731863888888
 20
277.6564311111111
 30
0.0
 10
299.4678697222222
 20
279.0255616666666
 30
0.0
 10
299.3094725
 20
279.7836811111111
 30
0.0
 10
299.2565558333333
 20
280.1223477777777
 30
0.0
 10
299.1602475
 20
280.7821598148148
 30
0.0
 10
299.0639391666666
 20
281.4419718518519
 30
0.0
 10
298.9676308333333
 20
282.1017838888889
 30
0.0
 10
299.9552910185184
 20
282.2474811111111
 30
0.0
 10
300.9429512037036
 20
282.3931783333333
 30
0.0
 10
301.9306113888888
 20
282.5388755555555
 30
0.0
 10
302.0282132407407
 20
281.880357037037
 30
0.0
 10
302.1258150925926
 20
281.2218385185185
 30
0.0
 10
302.2234169444444
 20
280.56332
 30
0.0
 10
302.2763336111111
 20
280.2246533333333
 30
0.0
 10
302.3398336111111
 20
279.448895
 30
0.0
 10
302.5409169444444
 20
278.0762366666667
 30
0.0
 10
302.7423530555555
 20
276.7148672222222
 30
0.0
 10
303.3456030555555
 20
275.6777005555555
 30
0.0
 10
303.4016947222222
 20
275.6777005555555
 30
0.0
 10
303.990833611111
 20
275.7658949999999
 30
0.0
 10
304.2977502777777
 20
275.8576172222222
 30
0.0
 10
304.7493058333333
 20
275.2402561111111
 30
0.0
 10
304.9503891666666
 20
274.9643838888888
 30
0.0
 10
304.9077030555555
 20
274.114895
 30
0.0
 10
304.4459169444444
 20
273.1549866666666
 30
0.0
 10
305.0103613888888
 20
273.4619033333333
 30
0.0
 10
305.5822141666666
 20
272.7316533333333
 30
0.0
 10
305.6845197222222
 20
272.0335061111111
 30
0.0
 10
305.7794169444444
 20
271.3808672222222
 30
0.0
 10
305.7409641666666
 20
270.6428561111111
 30
0.0
 10
305.2717697222222
 20
269.6840061111111
 30
0.0
 10
305.8358613888889
 20
269.9940977777777
 30
0.0
 10
306.4108891666666
 20
269.2567922222222
 30
0.0
 10
306.5304808333333
 20
268.7276255555556
 30
0.0
 10
306.5872780555555
 20
268.1102644444445
 30
0.0
 10
306.1424252777778
 20
267.1549422222222
 30
0.0
 10
305.6104363888888
 20
266.5827366666666
 30
0.0
 10
306.1819363888889
 20
266.8931811111111
 30
0.0
 10
306.5731669444444
 20
266.0112366666667
 30
0.0
 10
306.6754725
 20
265.3162644444444
 30
0.0
 10
306.8695002777777
 20
264.0109866666667
 30
0.0
 10
306.1039724999999
 20
263.3375338888889
 30
0.0
 10
305.6386586111111
 20
262.3808005555555
 30
0.0
 10
305.6386586111111
 20
262.3808005555555
 30
0.0
 10
306.0514086111111
 20
262.4407727777777
 30
0.0
 10
306.5664641666666
 20
262.5155616666667
 30
0.0
 10
306.8060002777777
 20
262.2576811111111
 30
0.0
 10
306.6613613888888
 20
260.5968033333333
 30
0.0
 10
305.6947502777778
 20
258.6565255555556
 30
0.0
 10
305.4830836111111
 20
258.2356616666666
 30
0.0
 10
305.994258611111
 20
257.7460061111111
 30
0.0
 10
306.4782697222222
 20
258.0807922222222
 30
0.0
 10
309.8719919444444
 20
260.430645
 30
0.0
 10
311.645758611111
 20
267.1475338888889
 30
0.0
 10
310.5383891666667
 20
274.6684033333333
 30
0.0
 10
309.7837975
 20
279.7801533333333
 30
0.0
 10
307.7338058333333
 20
284.2011644444444
 30
0.0
 10
305.2435475
 20
286.878395
 30
0.0
 10
303.4718975
 20
288.7795144444444
 30
0.0
 10
301.4794086111111
 20
289.8029227777778
 30
0.0
 10
299.5631197222222
 20
289.5665616666666
 30
0.0
 10
297.6020280555555
 20
289.3227922222222
 30
0.0
 10
295.9898336111111
 20
287.7952644444444
 30
0.0
 10
294.8750558333332
 20
285.4492922222222
 30
0.0
  0
SPLINE
  5
1BD
330
1F
100
AcDbEntity
  8
DEFAULT
 62
     1
100
AcDbSpline
210
0.0
220
0.0
230
1.0
 70
     8
 71
     3
 72
    23
 73
    19
 74
     0
 42
0.000000001
 43
0.0000000001
 40
0.0
 40
0.0
 40
0.0
 40
0.0
 40
1.0
 40
1.0
 40
1.0
 40
2.0
 40
2.0
 40
2.0
 40
3.0
 40
3.0
 40
3.0
 40
4.0
 40
4.0
 40
4.0
 40
5.0
 40
5.0
 40
5.0
 40
6.0
 40
6.0
 40
6.0
 40
6.0
 10
294.7268891666666
 20
285.1250894444444
 30
0.0
 10
293.2875558333333
 20
281.8654227777778
 30
0.0
 10
292.7548613888889
 20
277.1590144444444
 30
0.0
 10
293.4921669444444
 20
272.1534505555555
 30
0.0
 10
293.9578336111111
 20
269.0133755555555
 30
0.0
 10
294.8609447222222
 20
266.1495255555556
 30
0.0
 10
296.0427502777777
 20
263.7887366666666
 30
0.0
 10
296.5687419444444
 20
262.7413394444444
 30
0.0
 10
297.1504725
 20
261.7916616666667
 30
0.0
 10
297.7713613888889
 20
260.9598116666667
 30
0.0
 10
298.1421308333333
 20
260.468745
 30
0.0
 10
298.6854086111111
 20
260.6035061111111
 30
0.0
 10
298.5831030555555
 20
261.0758755555555
 30
0.0
 10
295.9333891666666
 20
273.1204144444444
 30
0.0
 10
297.7431391666666
 20
274.8412644444444
 30
0.0
 10
299.5391308333333
 20
275.1093755555556
 30
0.0
 10
299.5532419444444
 20
275.1093755555556
 30
0.0
 10
299.5740558333333
 20
275.16582
 30
0.0
 10
299.5991030555555
 20
275.2688311111111
 30
0.0
  0
SPLINE
  5
1BE
330
1F
100
AcDbEntity
  8
DEFAULT
 62
     1
100
AcDbSpline
210
0.0
220
0.0
230
1.0
 70
     8
 71
     3
 72
    38
 73
    34
 74
     0
 42
0.000000001
 43
0.0000000001
 40
0.0
 40
0.0
 40
0.0
 40
0.0
 40
1.0
 40
1.0
 40
1.0
 40
2.0
 40
2.0
 40
2.0
 40
3.0
 40
3.0
 40
3.0
 40
8.675963706719731
 40
8.675963706719731
 40
8.675963706719731
 40
17.17375547870382
 40
17.17375547870382
 40
17.17375547870382
 40
22.846194284015
 40
22.846194284015
 40
22.846194284015
 40
23.846194284015
 40
23.846194284015
 40
23.846194284015
 40
24.846194284015
 40
24.846194284015
 40
24.846194284015
 40
25.846194284015
 40
25.846194284015
 40
25.846194284015
 40
26.846194284015
 40
26.846194284015
 40
26.846194284015
 40
27.846194284015
 40
27.846194284015
 40
27.846194284015
 40
27.846194284015
 10
288.2501008333333
 20
288.293175
 30
0.0
 10
290.0281008333333
 20
294.706675
 30
0.0
 10
294.0388313888889
 20
300.0011638888888
 30
0.0
 10
301.7473786111111
 20
298.4567027777777
 30
0.0
 10
301.8038230555555
 20
298.4810444444444
 30
0.0
 10
302.6293230555555
 20
297.6065083333333
 30
0.0
 10
303.1408508333333
 20
296.3259249999999
 30
0.0
 10
303.6520258333333
 20
295.0375805555555
 30
0.0
 10
303.8989702777778
 20
294.2974527777777
 30
0.0
 10
304.0227952777778
 20
293.9831277777777
 30
0.0
 10
304.270680462963
 20
293.3634148148148
 30
0.0
 10
304.5185656481481
 20
292.7437018518518
 30
0.0
 10
304.7664508333333
 20
292.1239888888888
 30
0.0
 10
305.694491574074
 20
292.4945231481481
 30
0.0
 10
306.6225323148148
 20
292.8650574074074
 30
0.0
 10
307.5505730555556
 20
293.2355916666666
 30
0.0
 10
307.3035110185185
 20
293.855187037037
 30
0.0
 10
307.0564489814815
 20
294.4747824074073
 30
0.0
 10
306.8093869444444
 20
295.0943777777777
 30
0.0
 10
306.6827397222222
 20
295.4122305555555
 30
0.0
 10
306.3511286111111
 20
296.1139055555555
 30
0.0
 10
305.8392480555556
 20
297.3983694444444
 30
0.0
 10
305.3277202777778
 20
298.6715444444444
 30
0.0
 10
305.3241925
 20
299.8678138888889
 30
0.0
 10
305.3774619444444
 20
299.9062666666666
 30
0.0
 10
308.4042952777777
 20
300.4640083333333
 30
0.0
 10
310.1008036111111
 20
296.7277388888888
 30
0.0
 10
311.5052119444444
 20
293.82085
 30
0.0
 10
312.6517397222222
 20
291.4463027777777
 30
0.0
 10
311.9144341666666
 20
287.9933138888888
 30
0.0
 10
308.8911286111111
 20
286.6488777777777
 30
0.0
 10
307.7795258333333
 20
286.1585166666666
 30
0.0
 10
306.1038313888889
 20
286.1017194444444
 30
0.0
 10
305.2434063888888
 20
286.8781833333333
 30
0.0
  0
SPLINE
  5
1BF
330
1F
100
AcDbEntity
  8
DEFAULT
 62
     1
100
AcDbSpline
210
0.0
220
0.0
230
1.0
 70
     8
 71
     3
 72
    53
 73
    49
 74
     0
 42
0.000000001
 43
0.0000000001
 40
0.0
 40
0.0
 40
0.0
 40
0.0
 40
1.0
 40
1.0
 40
1.0
 40
2.0
 40
2.0
 40
2.0
 40
3.0
 40
3.0
 40
3.0
 40
4.0
 40
4.0
 40
4.0
 40
21.03914792470563
 40
21.03914792470563
 40
21.03914792470563
 40
22.03914792470563
 40
22.03914792470563
 40
22.03914792470563
 40
23.03914792470563
 40
23.03914792470563
 40
23.03914792470563
 40
24.03914792470563
 40
24.03914792470563
 40
24.03914792470563
 40
29.70647895438797
 40
29.70647895438797
 40
29.70647895438797
 40
38.20693211877872
 40
38.20693211877872
 40
38.20693211877872
 40
43.87380286020196
 40
43.87380286020196
 40
43.87380286020196
 40
44.87380286020196
 40
44.87380286020196
 40
44.87380286020196
 40
45.87380286020196
 40
45.87380286020196
 40
45.87380286020196
 40
46.87380286020196
 40
46.87380286020196
 40
46.87380286020196
 40
47.87380286020196
 40
47.87380286020196
 40
47.87380286020196
 40
48.87380286020196
 40
48.87380286020196
 40
48.87380286020196
 40
48.87380286020196
 10
296.0429266666666
 20
263.7885602777778
 30
0.0
 10
296.374185
 20
263.1048769444444
 30
0.0
 10
296.0782044444444
 20
262.4021436111111
 30
0.0
 10
295.3056211111111
 20
262.9246075
 30
0.0
 10
294.5679627777777
 20
263.4290797222222
 30
0.0
 10
294.0638433333333
 20
263.9829408333333
 30
0.0
 10
292.6488516666666
 20
262.3001908333333
 30
0.0
 10
292.4587044444444
 20
262.0708852777777
 30
0.0
 10
292.2928988888888
 20
261.8518102777778
 30
0.0
 10
292.0812322222222
 20
261.7036436111111
 30
0.0
 10
291.10051
 20
261.0125519444445
 30
0.0
 10
289.2519544444444
 20
260.5680519444444
 30
0.0
 10
286.0452044444444
 20
261.0619408333333
 30
0.0
 10
284.0648275925925
 20
261.3666232407408
 30
0.0
 10
282.0844507407407
 20
261.6713056481481
 30
0.0
 10
280.1040738888888
 20
261.9759880555555
 30
0.0
 10
278.9473155555555
 20
262.1523769444444
 30
0.0
 10
278.3475933333333
 20
264.5336269444444
 30
0.0
 10
278.43226
 20
265.0761991666666
 30
0.0
 10
278.4393155555555
 20
265.1333491666667
 30
0.0
 10
279.6140655555555
 20
265.4042825
 30
0.0
 10
280.9793155555555
 20
265.1964963888889
 30
0.0
 10
282.3445655555555
 20
264.9851825
 30
0.0
 10
283.1065655555555
 20
264.8190241666667
 30
0.0
 10
283.4452322222222
 20
264.7696352777778
 30
0.0
 10
284.1037507407407
 20
264.6672121296296
 30
0.0
 10
284.7622692592592
 20
264.5647889814814
 30
0.0
 10
285.4207877777777
 20
264.4623658333333
 30
0.0
 10
285.5724822222222
 20
265.4503787962963
 30
0.0
 10
285.7241766666666
 20
266.4383917592592
 30
0.0
 10
285.8758711111111
 20
267.4264047222222
 30
0.0
 10
285.2173525925925
 20
267.5284750925926
 30
0.0
 10
284.558834074074
 20
267.630545462963
 30
0.0
 10
283.9003155555556
 20
267.7326158333333
 30
0.0
 10
283.5616488888888
 20
267.7820047222222
 30
0.0
 10
282.7890655555555
 20
267.8529130555555
 30
0.0
 10
281.4202877777777
 20
268.0614047222222
 30
0.0
 10
280.0582127777777
 20
268.2695436111111
 30
0.0
 10
279.0249266666666
 20
268.8791436111111
 30
0.0
 10
279.0249266666666
 20
268.9359408333333
 30
0.0
 10
279.1272322222222
 20
269.5995158333333
 30
0.0
 10
280.1361766666666
 20
271.2289963888889
 30
0.0
 10
281.0498711111111
 20
271.1266908333333
 30
0.0
 10
290.214685
 20
270.1068102777778
 30
0.0
 10
286.1686766666666
 20
278.4644686111111
 30
0.0
 10
287.8161488888888
 20
286.5046269444445
 30
0.0
 10
287.9184544444444
 20
286.9911075
 30
0.0
 10
288.0313433333333
 20
287.4747658333333
 30
0.0
 10
288.1579905555555
 20
287.9506630555555
 30
0.0
  0
SPLINE
  5
1C0
330
1F
100
AcDbEntity
  8
DEFAULT
 62
     1
100
AcDbSpline
210
0.0
220
0.0
230
1.0
 70
     8
 71
     3
 72
     8
 73
     4
 74
     0
 42
0.000000001
 43
0.0000000001
 40
0.0
 40
0.0
 40
0.0
 40
0.0
 40
1.0
 40
1.0
 40
1.0
 40
1.0
 10
191.7495388888889
 20
306.9911027777778
 30
0.0
 10
191.8412611111111
 20
309.6157694444444
 30
0.0
 10
193.9508722222222
 20
311.7215
 30
0.0
 10
196.5720111111111
 20
311.8096944444444
 30
0.0
  0
POLYLINE
  5
1C1
330
1F
100
AcDbEntity
  8
DEFAULT
 62
     1
100
AcDb2dPolyline
 66
     1
 10
0.0
 20
0.0
 30
0.0
  0
VERTEX
  5
1C2
330
1C1
100
AcDbEntity
  8
DEFAULT
 62
     1
100
AcDbVertex
100
AcDb2dVertex
 10
406.5698272222222
 20
311.8135397222222
 30
0.0
  0
VERTEX
  5
1C3
330
1C1
100
AcDbEntity
  8
DEFAULT
 62
     1
100
AcDbVertex
100
AcDb2dVertex
 10
196.9214022222222
 20
311.8135397222222
 30
0.0
  0
SEQEND
  5
1C4
330
1C1
100
AcDbEntity
  8
DEFAULT
 62
     1
  0
POLYLINE
  5
1C5
330
1F
100
AcDbEntity
  8
DEFAULT
 62
     1
100
AcDb2dPolyline
 66
     1
 10
0.0
 20
0.0
 30
0.0
  0
VERTEX
  5
1C6
330
1C5
100
AcDbEntity
  8
DEFAULT
 62
     1
100
AcDbVertex
100
AcDb2dVertex
 10
411.7450772222222
 20
186.9898258333333
 30
0.0
  0
VERTEX
  5
1C7
330
1C5
100
AcDbEntity
  8
DEFAULT
 62
     1
100
AcDbVertex
100
AcDb2dVertex
 10
411.7450772222222
 20
306.6418175
 30
0.0
  0
SEQEND
  5
1C8
330
1C5
100
AcDbEntity
  8
DEFAULT
 62
     1
  0
SPLINE
  5
1C9
330
1F
100
AcDbEntity
  8
DEFAULT
 62
     1
100
AcDbSpline
210
0.0
220
0.0
230
1.0
 70
     8
 71
     3
 72
     8
 73
     4
 74
     0
 42
0.000000001
 43
0.0000000001
 40
0.0
 40
0.0
 40
0.0
 40
0.0
 40
1.0
 40
1.0
 40
1.0
 40
1.0
 10
191.7495388888889
 20
186.6408227777778
 30
0.0
 10
191.8377333333333
 20
184.0193311111111
 30
0.0
 10
193.9508722222222
 20
181.906545
 30
0.0
 10
196.5720111111111
 20
181.8183505555556
 30
0.0
  0
POLYLINE
  5
1CA
330
1F
100
AcDbEntity
  8
DEFAULT
 62
     1
100
AcDb2dPolyline
 66
     1
 10
0.0
 20
0.0
 30
0.0
  0
VERTEX
  5
1CB
330
1CA
100
AcDbEntity
  8
DEFAULT
 62
     1
100
AcDbVertex
100
AcDb2dVertex
 10
406.5698272222222
 20
181.8145758333333
 30
0.0
  0
VERTEX
  5
1CC
330
1CA
100
AcDbEntity
  8
DEFAULT
 62
     1
100
AcDbVertex
100
AcDb2dVertex
 10
196.9214022222222
 20
181.8145758333333
 30
0.0
  0
SEQEND
  5
1CD
330
1CA
100
AcDbEntity
  8
DEFAULT
 62
     1
  0
POLYLINE
  5
1CE
330
1F
100
AcDbEntity
  8
DEFAULT
 62
     1
100
AcDb2dPolyline
 66
     1
 10
0.0
 20
0.0
 30
0.0
  0
VERTEX
  5
1CF
330
1CE
100
AcDbEntity
  8
DEFAULT
 62
     1
100
AcDbVertex
100
AcDb2dVertex
 10
191.7460816666666
 20
186.9898258333333
 30
0.0
  0
VERTEX
  5
1D0
330
1CE
100
AcDbEntity
  8
DEFAULT
 62
     1
100
AcDbVertex
100
AcDb2dVertex
 10
191.7460816666666
 20
306.6418175
 30
0.0
  0
SEQEND
  5
1D1
330
1CE
100
AcDbEntity
  8
DEFAULT
 62
     1
  0
SPLINE
  5
1D2
330
1F
100
AcDbEntity
  8
DEFAULT
 62
     1
100
AcDbSpline
210
0.0
220
0.0
230
1.0
 70
     8
 71
     3
 72
     8
 73
     4
 74
     0
 42
0.000000001
 43
0.0000000001
 40
0.0
 40
0.0
 40
0.0
 40
0.0
 40
1.0
 40
1.0
 40
1.0
 40
1.0
 10
406.9226049999999
 20
181.8183858333333
 30
0.0
 10
409.5469188888889
 20
181.9101080555556
 30
0.0
 10
411.653355
 20
184.0193663888889
 30
0.0
 10
411.7415494444444
 20
186.6408580555555
 30
0.0
  0
SPLINE
  5
1D3
330
1F
100
AcDbEntity
  8
DEFAULT
 62
     1
100
AcDbSpline
210
0.0
220
0.0
230
1.0
 70
     8
 71
     3
 72
     8
 73
     4
 74
     0
 42
0.000000001
 43
0.0000000001
 40
0.0
 40
0.0
 40
0.0
 40
0.0
 40
1.0
 40
1.0
 40
1.0
 40
1.0
 10
406.9226049999999
 20
311.809765
 30
0.0
 10
409.5437438888889
 20
311.7180427777777
 30
0.0
 10
411.6498272222222
 20
309.6123122222222
 30
0.0
 10
411.7415494444444
 20
306.9911733333333
 30
0.0
  0
ENDSEC
  0
SECTION
  2
OBJECTS
  0
DICTIONARY
  5
C
330
0
100
AcDbDictionary
  3
ACAD_GROUP
350
D
  3
ACAD_LAYOUT
350
1A
  3
ACAD_MATERIAL
350
43
  3
ACAD_MLEADERSTYLE
350
1F6
  3
ACAD_MLINESTYLE
350
17
  3
ACAD_PLOTSETTINGS
350
19
  3
ACAD_SCALELIST
350
47
  3
ACAD_VISUALSTYLE
350
2A
  3
ACDBHEADERROUNDTRIPXREC
350
1D4
  3
ACDBVARIABLEDICTIONARY
350
1F4
  0
DICTIONARY
  5
D
102
{ACAD_REACTORS
330
C
102
}
330
C
100
AcDbDictionary
  0
DICTIONARY
  5
1A
102
{ACAD_REACTORS
330
C
102
}
330
C
100
AcDbDictionary
  0
DICTIONARY
  5
43
102
{ACAD_REACTORS
330
C
102
}
330
C
100
AcDbDictionary
  3
BYBLOCK
350
45
  3
BYLAYER
350
44
  3
GLOBAL
350
46
  0
DICTIONARY
  5
1F6
102
{ACAD_REACTORS
330
C
102
}
330
C
100
AcDbDictionary
  0
DICTIONARY
  5
17
102
{ACAD_REACTORS
330
C
102
}
330
C
100
AcDbDictionary
  3
STANDARD
350
18
  0
DICTIONARY
  5
19
102
{ACAD_REACTORS
330
C
102
}
330
C
100
AcDbDictionary
  0
DICTIONARY
  5
47
102
{ACAD_REACTORS
330
C
102
}
330
C
100
AcDbDictionary
  3
A0
350
48
  3
A1
350
49
  3
A2
350
4A
  3
A3
350
4B
  3
A4
350
4C
  3
A5
350
4D
  3
A6
350
4E
  3
A7
350
4F
  3
A8
350
50
  3
A9
350
51
  3
B0
350
52
  3
B1
350
53
  3
B2
350
54
  3
B3
350
55
  3
B4
350
56
  3
B5
350
57
  3
B6
350
58
  3
B7
350
59
  3
B8
350
5A
  3
B9
350
5B
  3
C0
350
5C
  3
C1
350
5D
  3
C2
350
5E
  3
C3
350
5F
  3
C4
350
60
  3
C5
350
61
  3
C6
350
62
  3
C7
350
63
  3
C8
350
64
  3
C9
350
65
  3
D0
350
66
  3
D1
350
67
  3
D2
350
68
  0
DICTIONARY
  5
2A
102
{ACAD_REACTORS
330
C
102
}
330
C
100
AcDbDictionary
  3
2DWIREFRAME
350
2F
  3
BASIC
350
32
  3
BRIGHTEN
350
36
  3
COLORCHANGE
350
3A
  3
CONCEPTUAL
350
34
  3
DIM
350
35
  3
EDGECOLOROFF
350
3D
  3
FACEPATTERN
350
39
  3
FLAT
350
2B
  3
FLATWITHEDGES
350
2C
  3
GOURAUD
350
2D
  3
GOURAUDWITHEDGES
350
2E
  3
HIDDEN
350
31
  3
JITTEROFF
350
3B
  3
LINEPATTERN
350
38
  3
OVERHANGOFF
350
3C
  3
REALISTIC
350
33
  3
SHADED
350
42
  3
SHADED_WITH_EDGES
350
41
  3
SHADES_OF_GRAY
350
3E
  3
SKETCHY
350
3F
  3
THICKEN
350
37
  3
WIREFRAME
350
30
  3
X-RAY
350
40
  0
DICTIONARY
  5
1D4
102
{ACAD_REACTORS
330
C
102
}
330
C
100
AcDbDictionary
  3
CEPSNTYPE
350
1DD
  3
DIMSTYLEDATA
350
1F3
  3
FINGERPRINTGUID
350
1DE
  3
HYPERLINKBASE
350
1D7
  3
INSUNITS
350
1DC
  3
LAYOUTDICT
350
1D9
  3
LWETCUNION
350
1DB
  3
PLOTSETDICT
350
1DA
  3
PSVPSCALE
350
1E0
  3
PUCSBASE
350
1E3
  3
PUCSORGBACK
350
1E9
  3
PUCSORGBOTTOM
350
1E5
  3
PUCSORGFRONT
350
1E8
  3
PUCSORGLEFT
350
1E6
  3
PUCSORGRIGHT
350
1E7
  3
PUCSORGTOP
350
1E4
  3
PUCSORTHOREF
350
1E1
  3
PUCSORTHOVIEW
350
1E2
  3
STYLESHEET
350
1D8
  3
TSTACKALIGN
350
1D5
  3
TSTACKSIZE
350
1D6
  3
UCSBASE
350
1EC
  3
UCSORGBACK
350
1F2
  3
UCSORGBOTTOM
350
1EE
  3
UCSORGFRONT
350
1F1
  3
UCSORGLEFT
350
1EF
  3
UCSORGRIGHT
350
1F0
  3
UCSORGTOP
350
1ED
  3
UCSORTHOREF
350
1EA
  3
UCSORTHOVIEW
350
1EB
  3
VERSIONGUID
350
1DF
  0
DICTIONARY
  5
1F4
102
{ACAD_REACTORS
330
C
102
}
330
C
100
AcDbDictionary
  3
CANNOSCALE
350
1FB
  3
DIMASSOC
350
1F9
  3
HIDETEXT
350
1FA
  3
MSLTSCALE
350
1FC
  0
MATERIAL
  5
45
102
{ACAD_REACTORS
330
43
102
}
102
{ACAD_XDICTIONARY
360
1FF
102
}
330
43
100
AcDbMaterial
  1
BYBLOCK
  0
MATERIAL
  5
44
102
{ACAD_REACTORS
330
43
102
}
102
{ACAD_XDICTIONARY
360
1FD
102
}
330
43
100
AcDbMaterial
  1
BYLAYER
  0
MATERIAL
  5
46
102
{ACAD_REACTORS
330
43
102
}
102
{ACAD_XDICTIONARY
360
201
102
}
330
43
100
AcDbMaterial
  1
GLOBAL
  0
MLINESTYLE
  5
18
102
{ACAD_REACTORS
330
17
102
}
330
17
100
AcDbMlineStyle
  2
Standard
 70
     0
  3

 62
   256
 51
90.0
 52
90.0
 71
     2
 49
0.5
 62
   256
  6
BYLAYER
 49
-0.5
 62
   256
  6
BYLAYER
  0
ACAD_PROXY_OBJECT
  5
48
102
{ACAD_REACTORS
330
47
102
}
330
47
100
AcDbProxyObject
 90
      499
 91
      503
 93
       41
310
903313A31580
  0
ACAD_PROXY_OBJECT
  5
49
102
{ACAD_REACTORS
330
47
102
}
330
47
100
AcDbProxyObject
 90
      499
 91
      503
 93
      105
310
903313A324000000000000004000
  0
ACAD_PROXY_OBJECT
  5
4A
102
{ACAD_REACTORS
330
47
102
}
330
47
100
AcDbProxyObject
 90
      499
 91
      503
 93
      105
310
903313A344000000000000104000
  0
ACAD_PROXY_OBJECT
  5
4B
102
{ACAD_REACTORS
330
47
102
}
330
47
100
AcDbProxyObject
 90
      499
 91
      503
 93
      105
310
903313A354000000000000144000
  0
ACAD_PROXY_OBJECT
  5
4C
102
{ACAD_REACTORS
330
47
102
}
330
47
100
AcDbProxyObject
 90
      499
 91
      503
 93
      105
310
903313A384000000000000204000
  0
ACAD_PROXY_OBJECT
  5
4D
102
{ACAD_REACTORS
330
47
102
}
330
47
100
AcDbProxyObject
 90
      499
 91
      503
 93
      113
310
904313A31304000000000000244000
  0
ACAD_PROXY_OBJECT
  5
4E
102
{ACAD_REACTORS
330
47
102
}
330
47
100
AcDbProxyObject
 90
      499
 91
      503
 93
      113
310
904313A31364000000000000304000
  0
ACAD_PROXY_OBJECT
  5
4F
102
{ACAD_REACTORS
330
47
102
}
330
47
100
AcDbProxyObject
 90
      499
 91
      503
 93
      113
310
904313A32304000000000000344000
  0
ACAD_PROXY_OBJECT
  5
50
102
{ACAD_REACTORS
330
47
102
}
330
47
100
AcDbProxyObject
 90
      499
 91
      503
 93
      113
310
904313A333040000000000003E4000
  0
ACAD_PROXY_OBJECT
  5
51
102
{ACAD_REACTORS
330
47
102
}
330
47
100
AcDbProxyObject
 90
      499
 91
      503
 93
      113
310
904313A34304000000000000444000
  0
ACAD_PROXY_OBJECT
  5
52
102
{ACAD_REACTORS
330
47
102
}
330
47
100
AcDbProxyObject
 90
      499
 91
      503
 93
      113
310
904313A35304000000000000494000
  0
ACAD_PROXY_OBJECT
  5
53
102
{ACAD_REACTORS
330
47
102
}
330
47
100
AcDbProxyObject
 90
      499
 91
      503
 93
      121
310
905313A3130304000000000000594000
  0
ACAD_PROXY_OBJECT
  5
54
102
{ACAD_REACTORS
330
47
102
}
330
47
100
AcDbProxyObject
 90
      499
 91
      503
 93
      105
310
903323A310000000000000010100
  0
ACAD_PROXY_OBJECT
  5
55
102
{ACAD_REACTORS
330
47
102
}
330
47
100
AcDbProxyObject
 90
      499
 91
      503
 93
      105
310
903343A310000000000000410100
  0
ACAD_PROXY_OBJECT
  5
56
102
{ACAD_REACTORS
330
47
102
}
330
47
100
AcDbProxyObject
 90
      499
 91
      503
 93
      105
310
903383A310000000000000810100
  0
ACAD_PROXY_OBJECT
  5
57
102
{ACAD_REACTORS
330
47
102
}
330
47
100
AcDbProxyObject
 90
      499
 91
      503
 93
      113
310
90431303A310000000000000910100
  0
ACAD_PROXY_OBJECT
  5
58
102
{ACAD_REACTORS
330
47
102
}
330
47
100
AcDbProxyObject
 90
      499
 91
      503
 93
      121
310
9053130303A310000000000001650100
  0
ACAD_PROXY_OBJECT
  5
59
102
{ACAD_REACTORS
330
47
102
}
330
47
100
AcDbProxyObject
 90
      499
 91
      503
 93
      257
310
90E312F31323822203D2031272D3022000000000000200FC000000000000284000
  0
ACAD_PROXY_OBJECT
  5
5A
102
{ACAD_REACTORS
330
47
102
}
330
47
100
AcDbProxyObject
 90
      499
 91
      503
 93
      249
310
90D312F363422203D2031272D3022000000000000240FC000000000000284000
  0
ACAD_PROXY_OBJECT
  5
5B
102
{ACAD_REACTORS
330
47
102
}
330
47
100
AcDbProxyObject
 90
      499
 91
      503
 93
      249
310
90D312F333222203D2031272D3022000000000000280FC000000000000284000
  0
ACAD_PROXY_OBJECT
  5
5C
102
{ACAD_REACTORS
330
47
102
}
330
47
100
AcDbProxyObject
 90
      499
 91
      503
 93
      249
310
90D312F313622203D2031272D30220000000000002C0FC000000000000284000
  0
ACAD_PROXY_OBJECT
  5
5D
102
{ACAD_REACTORS
330
47
102
}
330
47
100
AcDbProxyObject
 90
      499
 91
      503
 93
      249
310
90D332F333222203D2031272D30220000000000002E0FC000000000000284000
  0
ACAD_PROXY_OBJECT
  5
5E
102
{ACAD_REACTORS
330
47
102
}
330
47
100
AcDbProxyObject
 90
      499
 91
      503
 93
      241
310
90C312F3822203D2031272D3022000000000000300FC000000000000284000
  0
ACAD_PROXY_OBJECT
  5
5F
102
{ACAD_REACTORS
330
47
102
}
330
47
100
AcDbProxyObject
 90
      499
 91
      503
 93
      249
310
90D332F313622203D2031272D3022000000000000320FC000000000000284000
  0
ACAD_PROXY_OBJECT
  5
60
102
{ACAD_REACTORS
330
47
102
}
330
47
100
AcDbProxyObject
 90
      499
 91
      503
 93
      241
310
90C312F3422203D2031272D3022000000000000340FC000000000000284000
  0
ACAD_PROXY_OBJECT
  5
61
102
{ACAD_REACTORS
330
47
102
}
330
47
100
AcDbProxyObject
 90
      499
 91
      503
 93
      241
310
90C332F3822203D2031272D3022000000000000360FC000000000000284000
  0
ACAD_PROXY_OBJECT
  5
62
102
{ACAD_REACTORS
330
47
102
}
330
47
100
AcDbProxyObject
 90
      499
 91
      503
 93
      241
310
90C312F3222203D2031272D3022000000000000380FC000000000000284000
  0
ACAD_PROXY_OBJECT
  5
63
102
{ACAD_REACTORS
330
47
102
}
330
47
100
AcDbProxyObject
 90
      499
 91
      503
 93
      241
310
90C332F3422203D2031272D30220000000000003A0FC000000000000284000
  0
ACAD_PROXY_OBJECT
  5
64
102
{ACAD_REACTORS
330
47
102
}
330
47
100
AcDbProxyObject
 90
      499
 91
      503
 93
      161
310
90A3122203D2031272D30224000000000000284000
  0
ACAD_PROXY_OBJECT
  5
65
102
{ACAD_REACTORS
330
47
102
}
330
47
100
AcDbProxyObject
 90
      499
 91
      503
 93
      257
310
90E312D312F3222203D2031272D30220000000000003E0FC000000000000284000
  0
ACAD_PROXY_OBJECT
  5
66
102
{ACAD_REACTORS
330
47
102
}
330
47
100
AcDbProxyObject
 90
      499
 91
      503
 93
      225
310
90A3322203D2031272D302200000000000002100000000000000284000
  0
ACAD_PROXY_OBJECT
  5
67
102
{ACAD_REACTORS
330
47
102
}
330
47
100
AcDbProxyObject
 90
      499
 91
      503
 93
      225
310
90A3622203D2031272D302200000000000006100000000000000284000
  0
ACAD_PROXY_OBJECT
  5
68
102
{ACAD_REACTORS
330
47
102
}
330
47
100
AcDbProxyObject
 90
      499
 91
      503
 93
      249
310
90D31272D3022203D2031272D30220000000000000A100000000000000284000
  0
ACAD_PROXY_OBJECT
  5
2F
102
{ACAD_REACTORS
330
2A
102
}
330
2A
100
AcDbProxyObject
 90
      499
 91
      501
 93
      436
310
42CC9915DA5C99599C985B595049028333333333333E33F0000000000000F90107901411070040501600405405064090741402480A0340
1001
ACAD
1000
AcDbSavedByObjectVersion
1070
     0
  0
ACAD_PROXY_OBJECT
  5
32
102
{ACAD_REACTORS
330
2A
102
}
330
2A
100
AcDbProxyObject
 90
      499
 91
      501
 93
      388
310
4150985CDA58D07406404333333333333E33F0000000000000F90107A41107004050150841D405064090741402480A0350
1001
ACAD
1000
AcDbSavedByObjectVersion
1070
     0
  0
ACAD_PROXY_OBJECT
  5
36
102
{ACAD_REACTORS
330
2A
102
}
330
2A
100
AcDbProxyObject
 90
      499
 91
      501
 93
      428
310
42109C9A59DA1D195B90C409028333333333333E33F0000000000000F9010790141107004050150841D405064090741402480A029950
1001
ACAD
1000
AcDbSavedByObjectVersion
1070
     0
  0
ACAD_PROXY_OBJECT
  5
3A
102
{ACAD_REACTORS
330
2A
102
}
330
2A
100
AcDbProxyObject
 90
      499
 91
      501
 93
      452
310
42D0DBDB1BDC90DA185B99D95104090240C333333333333E33F0000000000000F90108901411070040501508421405064090741402480A0350
1001
ACAD
1000
AcDbSavedByObjectVersion
1070
     0
  0
ACAD_PROXY_OBJECT
  5
34
102
{ACAD_REACTORS
330
2A
102
}
330
2A
100
AcDbProxyObject
 90
      499
 91
      501
 93
      500
310
4290DBDB98D95C1D1D585B10940D028333333333333E33F0000000000000F90107902409070040501000000000018199010841D405064090740C02480A0340
1001
ACAD
1000
AcDbSavedByObjectVersion
1070
     0
  0
ACAD_PROXY_OBJECT
  5
35
102
{ACAD_REACTORS
330
2A
102
}
330
2A
100
AcDbProxyObject
 90
      499
 91
      501
 93
      412
310
40D11A5B50B409028333333333333E33F0000000000000F9010790141107004050150841D405064090741402480A02677FFFFFD0
1001
ACAD
1000
AcDbSavedByObjectVersion
1070
     0
  0
ACAD_PROXY_OBJECT
  5
3D
102
{ACAD_REACTORS
330
2A
102
}
330
2A
100
AcDbProxyObject
 90
      499
 91
      501
 93
      452
310
43115919D950DBDB1BDC93D999916409028333333333333E33F0000000000000F9010790141107004050150841D405064090741402480A0350
1001
ACAD
1000
AcDbSavedByObjectVersion
1070
     0
  0
ACAD_PROXY_OBJECT
  5
39
102
{ACAD_REACTORS
330
2A
102
}
330
2A
100
AcDbProxyObject
 90
      499
 91
      501
 93
      444
310
42D19858D95C185D1D195C9B90F409028333333333333E33F0000000000000F9010790141107004050150841D405064090741402480A0350
1001
ACAD
1000
AcDbSavedByObjectVersion
1070
     0
  0
ACAD_PROXY_OBJECT
  5
2B
102
{ACAD_REACTORS
330
2A
102
}
330
2A
100
AcDbProxyObject
 90
      499
 91
      501
 93
      380
310
41119B185D240901404333333333333E33F0000000000000F9010740A907004050150841D405064090741402480A1B50
1001
ACAD
1000
AcDbSavedByObjectVersion
1070
     0
  0
ACAD_PROXY_OBJECT
  5
2C
102
{ACAD_REACTORS
330
2A
102
}
330
2A
100
AcDbProxyObject
 90
      499
 91
      501
 93
      468
310
43519B185D15DA5D1A115919D95CD0140901404333333333333E33F0000000000000F90107409019070040501600405405064090741402480A1B50
1001
ACAD
1000
AcDbSavedByObjectVersion
1070
     0
  0
ACAD_PROXY_OBJECT
  5
2D
102
{ACAD_REACTORS
330
2A
102
}
330
2A
100
AcDbProxyObject
 90
      499
 91
      501
 93
      404
310
41D1DBDD5C985D5910240902404333333333333E33F0000000000000F9010740A9070040501641D405064090741402480A1B50
1001
ACAD
1000
AcDbSavedByObjectVersion
1070
     0
  0
ACAD_PROXY_OBJECT
  5
2E
102
{ACAD_REACTORS
330
2A
102
}
330
2A
100
AcDbProxyObject
 90
      499
 91
      501
 93
      492
310
4411DBDD5C985D5915DA5D1A115919D95CD0340902404333333333333E33F0000000000000F90107409019070040501600405405064090741402480A1B50
1001
ACAD
1000
AcDbSavedByObjectVersion
1070
     0
  0
ACAD_PROXY_OBJECT
  5
31
102
{ACAD_REACTORS
330
2A
102
}
330
2A
100
AcDbProxyObject
 90
      499
 91
      501
 93
      476
310
41921A5919195B90640502408333333333333E33F0000000000000F901079024090700405020000000000001110200405405064090740C02480A0340
1001
ACAD
1000
AcDbSavedByObjectVersion
1070
     0
  0
ACAD_PROXY_OBJECT
  5
3B
102
{ACAD_REACTORS
330
2A
102
}
330
2A
100
AcDbProxyObject
 90
      499
 91
      501
 93
      428
310
42529A5D1D195C93D999914409028333333333333E33F0000000000000F9010790141107004050150A41D405064090741402480A0350
1001
ACAD
1000
AcDbSavedByObjectVersion
1070
     0
  0
ACAD_PROXY_OBJECT
  5
38
102
{ACAD_REACTORS
330
2A
102
}
330
2A
100
AcDbProxyObject
 90
      499
 91
      501
 93
      444
310
42D31A5B995C185D1D195C9B90E409028333333333333E33F0000000000000F9010790141107004050750841D405064090741402483A0350
1001
ACAD
1000
AcDbSavedByObjectVersion
1070
     0
  0
ACAD_PROXY_OBJECT
  5
3C
102
{ACAD_REACTORS
330
2A
102
}
330
2A
100
AcDbProxyObject
 90
      499
 91
      501
 93
      444
310
42D3DD995C9A185B99D3D999915409028333333333333E33F0000000000000F9010790141107004050150941D405064090741402480A0350
1001
ACAD
1000
AcDbSavedByObjectVersion
1070
     0
  0
ACAD_PROXY_OBJECT
  5
33
102
{ACAD_REACTORS
330
2A
102
}
330
2A
100
AcDbProxyObject
 90
      499
 91
      501
 93
      428
310
425499585B1A5CDD1A58D08409038333333333333E33F0000000000000F9010740A907004050150800405405064090740C02480A1B40
1001
ACAD
1000
AcDbSavedByObjectVersion
1070
     0
  0
ACAD_PROXY_OBJECT
  5
42
102
{ACAD_REACTORS
330
2A
102
}
330
2A
100
AcDbProxyObject
 90
      499
 91
      501
 93
      420
310
4194DA1859195911B40902404333333333333E33F0000000000000F9010740A41107004050150800405405064090840C02480A0B40
1001
ACAD
1000
AcDbSavedByObjectVersion
1070
     0
  0
ACAD_PROXY_OBJECT
  5
41
102
{ACAD_REACTORS
330
2A
102
}
330
2A
100
AcDbProxyObject
 90
      499
 91
      501
 93
      516
310
4454DA18591959081DDA5D1A08195919D95CD1A40902404333333333333E33F0000000000000F901074090142907004050250800405405064090740C02480A0B40
1001
ACAD
1000
AcDbSavedByObjectVersion
1070
     0
  0
ACAD_PROXY_OBJECT
  5
3E
102
{ACAD_REACTORS
330
2A
102
}
330
2A
100
AcDbProxyObject
 90
      499
 91
      501
 93
      532
310
4394DA1859195CC81BD98811DC985E5174090240C333333333333E33F0000000000000F901079024090741D01000000000000111010841D405064090740C02480A0340
1001
ACAD
1000
AcDbSavedByObjectVersion
1070
     0
  0
ACAD_PROXY_OBJECT
  5
3F
102
{ACAD_REACTORS
330
2A
102
}
330
2A
100
AcDbProxyObject
 90
      499
 91
      501
 93
      476
310
41D4DAD95D18DA1E51840502408333333333333E33F0000000000000F901079024090741D01000000000000111010B41D405064090741802480A0340
1001
ACAD
1000
AcDbSavedByObjectVersion
1070
     0
  0
ACAD_PROXY_OBJECT
  5
37
102
{ACAD_REACTORS
330
2A
102
}
330
2A
100
AcDbProxyObject
 90
      499
 91
      501
 93
      412
310
41D51A1A58DAD95B90D409028333333333333E33F0000000000000F9010790141107004050150C41D405064090741402480A0350
1001
ACAD
1000
AcDbSavedByObjectVersion
1070
     0
  0
ACAD_PROXY_OBJECT
  5
30
102
{ACAD_REACTORS
330
2A
102
}
330
2A
100
AcDbProxyObject
 90
      499
 91
      501
 93
      420
310
4255DA5C99599C985B595059028333333333333E33F0000000000000F90107901411070040501600405405064090740C02480A0340
1001
ACAD
1000
AcDbSavedByObjectVersion
1070
     0
  0
ACAD_PROXY_OBJECT
  5
40
102
{ACAD_REACTORS
330
2A
102
}
330
2A
100
AcDbProxyObject
 90
      499
 91
      501
 93
      404
310
41560B54985E51940902404000000000000E03F0000000000000F9010740501907004050150841D405064090740C02480A1B40
1001
ACAD
1000
AcDbSavedByObjectVersion
1070
     0
  0
XRECORD
  5
1DD
102
{ACAD_REACTORS
330
1D4
102
}
330
1D4
100
AcDbXrecord
 90
        0
  0
XRECORD
  5
1F3
102
{ACAD_REACTORS
330
1D4
102
}
330
1D4
100
AcDbXrecord
1000
DSTYLE
1002
{
1070
   279
 70
     2
1070
   340
340
11
1002
}
  0
XRECORD
  5
1DE
102
{ACAD_REACTORS
330
1D4
102
}
330
1D4
100
AcDbXrecord
  1
{32FB0C3D-11BD-4D3A-931E-AF91C694076C}
  0
XRECORD
  5
1D7
102
{ACAD_REACTORS
330
1D4
102
}
330
1D4
100
AcDbXrecord
  1

  0
XRECORD
  5
1DC
102
{ACAD_REACTORS
330
1D4
102
}
330
1D4
100
AcDbXrecord
 90
        4
  0
XRECORD
  5
1D9
102
{ACAD_REACTORS
330
1D4
102
}
330
1D4
100
AcDbXrecord
340
1A
  0
XRECORD
  5
1DB
102
{ACAD_REACTORS
330
1D4
102
}
330
1D4
100
AcDbXrecord
 90
    10781
  0
XRECORD
  5
1DA
102
{ACAD_REACTORS
330
1D4
102
}
330
1D4
100
AcDbXrecord
340
19
  0
XRECORD
  5
1E0
102
{ACAD_REACTORS
330
1D4
102
}
330
1D4
100
AcDbXrecord
 40
0.0
  0
XRECORD
  5
1E3
102
{ACAD_REACTORS
330
1D4
102
}
330
1D4
100
AcDbXrecord
340
0
  0
XRECORD
  5
1E9
102
{ACAD_REACTORS
330
1D4
102
}
330
1D4
100
AcDbXrecord
 10
0.0
 20
0.0
 30
0.0
  0
XRECORD
  5
1E5
102
{ACAD_REACTORS
330
1D4
102
}
330
1D4
100
AcDbXrecord
 10
0.0
 20
0.0
 30
0.0
  0
XRECORD
  5
1E8
102
{ACAD_REACTORS
330
1D4
102
}
330
1D4
100
AcDbXrecord
 10
0.0
 20
0.0
 30
0.0
  0
XRECORD
  5
1E6
102
{ACAD_REACTORS
330
1D4
102
}
330
1D4
100
AcDbXrecord
 10
0.0
 20
0.0
 30
0.0
  0
XRECORD
  5
1E7
102
{ACAD_REACTORS
330
1D4
102
}
330
1D4
100
AcDbXrecord
 10
0.0
 20
0.0
 30
0.0
  0
XRECORD
  5
1E4
102
{ACAD_REACTORS
330
1D4
102
}
330
1D4
100
AcDbXrecord
 10
0.0
 20
0.0
 30
0.0
  0
XRECORD
  5
1E1
102
{ACAD_REACTORS
330
1D4
102
}
330
1D4
100
AcDbXrecord
340
0
  0
XRECORD
  5
1E2
102
{ACAD_REACTORS
330
1D4
102
}
330
1D4
100
AcDbXrecord
 70
     0
  0
XRECORD
  5
1D8
102
{ACAD_REACTORS
330
1D4
102
}
330
1D4
100
AcDbXrecord
  1

  0
XRECORD
  5
1D5
102
{ACAD_REACTORS
330
1D4
102
}
330
1D4
100
AcDbXrecord
 90
        1
  0
XRECORD
  5
1D6
102
{ACAD_REACTORS
330
1D4
102
}
330
1D4
100
AcDbXrecord
 90
       70
  0
XRECORD
  5
1EC
102
{ACAD_REACTORS
330
1D4
102
}
330
1D4
100
AcDbXrecord
340
0
  0
XRECORD
  5
1F2
102
{ACAD_REACTORS
330
1D4
102
}
330
1D4
100
AcDbXrecord
 10
0.0
 20
0.0
 30
0.0
  0
XRECORD
  5
1EE
102
{ACAD_REACTORS
330
1D4
102
}
330
1D4
100
AcDbXrecord
 10
0.0
 20
0.0
 30
0.0
  0
XRECORD
  5
1F1
102
{ACAD_REACTORS
330
1D4
102
}
330
1D4
100
AcDbXrecord
 10
0.0
 20
0.0
 30
0.0
  0
XRECORD
  5
1EF
102
{ACAD_REACTORS
330
1D4
102
}
330
1D4
100
AcDbXrecord
 10
0.0
 20
0.0
 30
0.0
  0
XRECORD
  5
1F0
102
{ACAD_REACTORS
330
1D4
102
}
330
1D4
100
AcDbXrecord
 10
0.0
 20
0.0
 30
0.0
  0
XRECORD
  5
1ED
102
{ACAD_REACTORS
330
1D4
102
}
330
1D4
100
AcDbXrecord
 10
0.0
 20
0.0
 30
0.0
  0
XRECORD
  5
1EA
102
{ACAD_REACTORS
330
1D4
102
}
330
1D4
100
AcDbXrecord
340
0
  0
XRECORD
  5
1EB
102
{ACAD_REACTORS
330
1D4
102
}
330
1D4
100
AcDbXrecord
 70
     0
  0
XRECORD
  5
1DF
102
{ACAD_REACTORS
330
1D4
102
}
330
1D4
100
AcDbXrecord
  1
{FAEB1C32-E019-11D5-929B-00C0DF256EC4}
  0
DICTIONARYVAR
  5
1FB
102
{ACAD_REACTORS
330
1F4
102
}
330
1F4
100
DictionaryVariables
280
     0
  1
1:1
  0
DICTIONARYVAR
  5
1F9
102
{ACAD_REACTORS
330
1F4
102
}
330
1F4
100
DictionaryVariables
280
     0
  1
2
  0
DICTIONARYVAR
  5
1FA
102
{ACAD_REACTORS
330
1F4
102
}
330
1F4
100
DictionaryVariables
280
     0
  1
1
  0
DICTIONARYVAR
  5
1FC
102
{ACAD_REACTORS
330
1F4
102
}
330
1F4
100
DictionaryVariables
280
     0
  1
1
  0
DICTIONARY
  5
1FF
330
45
100
AcDbDictionary
280
     1
  3
ACAD_XREC_ROUNDTRIP
360
200
  0
DICTIONARY
  5
1FD
330
44
100
AcDbDictionary
280
     1
  3
ACAD_XREC_ROUNDTRIP
360
1FE
  0
DICTIONARY
  5
201
330
46
100
AcDbDictionary
280
     1
  3
ACAD_XREC_ROUNDTRIP
360
202
  0
XRECORD
  5
200
102
{ACAD_REACTORS
330
1FF
102
}
330
1FF
100
AcDbXrecord
102
MATERIAL
148
0.0
149
0.0
149
0.0
 93
        0
 94
      127
282
     0
 72
     1
 77
     1
171
     1
175
     1
179
     1
273
     0
  0
XRECORD
  5
1FE
102
{ACAD_REACTORS
330
1FD
102
}
330
1FD
100
AcDbXrecord
102
MATERIAL
148
0.0
149
0.0
149
0.0
 93
        0
 94
      127
282
     0
 72
     1
 77
     1
171
     1
175
     1
179
     1
273
     0
  0
XRECORD
  5
202
102
{ACAD_REACTORS
330
201
102
}
330
201
100
AcDbXrecord
102
MATERIAL
148
0.0
149
0.0
149
0.0
 93
        0
 94
      127
282
     0
 72
     1
 77
     1
171
     1
175
     1
179
     1
273
     0
  0
ENDSEC
  0
EOF
